i_ano_compt;i_mes_compt;i_desc_car_int_atend;i_desc_complex_proc;i_desc_estab_cnes;i_desc_proc_realizado;i_qtd;id
2023;1;BPA-C;Média complexidade;9622845 - CEO - Policlínica Taguatinga;0414020057 - CORREÇÃO DE IRREGULARIDADES DE REBORDO ALVEOLAR;3;22051
2023;12;Urgência;Média complexidade;0010529 - HRPL;0408050195 - REDUCAO INCRUENTA DA LUXACAO / FRATURA-LUXACAO METATARSO-FALANGIANA / INTERFALANGIANA DO PE;1;25399
2023;8;BPA-C;Atenção Básica;0011347 - Adolescentro;0414020138 - EXODONTIA DE DENTE PERMANENTE;3;24213
2023;6;Urgência;Média complexidade;0010529 - HRPL;0408020172 - REDUÇÃO INCRUENTA DE FRATURA / LESÃO FISARIA NO PUNHO;1;23511
2023;4;BPA-C;Média complexidade;0010456 - HBDF;0405040199 - TRATAMENTO CIRURGICO DE XANTELASMA;1;22755
2023;7;Eletivo;Alta complexidade;5479878 - Davita Sobradinho;0418010013 - CONFECCAO DE FISTULA ARTERIO-VENOSA C/ ENXERTIA DE POLITETRAFLUORETILENO (PTFE);1;23912
2023;9;Eletivo;Alta complexidade;0010502 - HRS;0418020035 - RETIRADA DE CATETER TIPO TENCKHOFF / SIMILAR DE LONGA PERMANÊNCIA;1;24481
2023;11;BPA-C;Média complexidade;9690719 - CEO - Sobradinho;0414020375 - TRATAMENTO CIRÚRGICO PERIODONTAL (POR SEXTANTE);2;25245
2023;3;BPA-C;Média complexidade;9772243 - CEO - Paranoá;0414020219 - ODONTOSECÇÃO / RADILECTOMIA / TUNELIZAÇÃO;8;22717
2023;10;Urgência;Média complexidade;7465157 - UPA Ceilândia;0407040196 - PARACENTESE ABDOMINAL;3;24872
2023;10;Urgência;Média complexidade;5717515 - HRSM;0404010342 - TAMPONAMENTO NASAL ANTERIOR E/OU POSTERIOR;2;24857
2023;4;Eletivo;Média complexidade;5717515 - HRSM;0404020623 - RETIRADA DE MATERIAL DE SÍNTESE ÓSSEA / DENTÁRIA;20;22910
2023;8;Urgência;Média complexidade;0010529 - HRPL;0408020156 - REDUÇÃO INCRUENTA DE FRATURA / LESÃO FISARIA DE COTOVELO;2;24194
2023;4;BPA-C;Média complexidade;9676473 - CEO - Ceilândia I;0414020375 - TRATAMENTO CIRÚRGICO PERIODONTAL (POR SEXTANTE);1;22990
2023;11;Eletivo;Alta complexidade;7491484 - Renal Vida;0418020035 - RETIRADA DE CATETER TIPO TENCKHOFF / SIMILAR DE LONGA PERMANÊNCIA;2;25187
2023;6;Eletivo;Média complexidade;0010510 - HUB;0414020090 - ENXERTO ÓSSEO DE ÁREA DOADORA INTRABUCAL;6;23503
2023;4;BPA-C;Média complexidade;9622845 - CEO - Policlínica Taguatinga;0414020375 - TRATAMENTO CIRÚRGICO PERIODONTAL (POR SEXTANTE);23;22973
2023;9;Eletivo;Alta complexidade;2779420 - Davita NEFRO Asa Sul;0418020019 - INTERVENCAO EM FISTULA ARTERIO-VENOSA;1;24538
2023;5;Eletivo;Atenção Básica;9622918 - CEO - Taguatinga;0414020430 - EXODONTIA DE DENTE SUPRANUMERÁRIO;2;23323
2023;7;BPA-C;Média complexidade;9764860 - CEO - Gama;0414020375 - TRATAMENTO CIRÚRGICO PERIODONTAL (POR SEXTANTE);2;24036
2023;9;BPA-C;Média complexidade;9764860 - CEO - Gama;0414020278 - REMOÇÃO DE DENTE RETIDO (INCLUSO / IMPACTADO);96;24673
2023;6;Urgência;Média complexidade;0010529 - HRPL;0408020156 - REDUÇÃO INCRUENTA DE FRATURA / LESÃO FISARIA DE COTOVELO;1;23510
2023;11;BPA-C;Média complexidade;9764860 - CEO - Gama;0414020065 - CORREÇÃO DE TUBEROSIDADE DO MAXILAR;2;25259
2023;12;Eletivo;Média complexidade;5717515 - HRSM;0414020278 - REMOÇÃO DE DENTE RETIDO (INCLUSO / IMPACTADO);106;25466
2023;2;Urgência;Média complexidade;0010529 - HRPL;0408020229 - REDUÇÃO INCRUENTA DE LUXAÇÃO / FRATURA-LUXAÇÃO DO COTOVELO;1;22236
2023;7;Urgência;Média complexidade;0010456 - HBDF;0404010318 - RETIRADA DE CORPO ESTRANHO DE OUVIDO / FARINGE / LARINGE / NARIZ;33;23763
2023;7;Eletivo;Média complexidade;3055450 - CBV;0405050020 - CAPSULOTOMIA A YAG LASER;18;23902
2023;2;Eletivo;Média complexidade;3055450 - CBV;0405030215 - RETINOPEXIA PNEUMÁTICA;35;22269
2023;10;BPA-C;Média complexidade;9690719 - CEO - Sobradinho;0414020294 - REMOÇÃO DE TORUS E EXOSTOSES;2;24939
2023;11;BPA-C;Média complexidade;0010456 - HBDF;0414020278 - REMOÇÃO DE DENTE RETIDO (INCLUSO / IMPACTADO);2;25034
2023;6;BPA-C;Média complexidade;9764860 - CEO - Gama;0414020073 - CURETAGEM PERIAPICAL;2;23701
2023;10;Eletivo;Média complexidade;9621709 - Policlínica II Taguatinga;0407010254 - RETIRADA DE POLIPO DO TUBO DIGESTIVO POR ENDOSCOPIA;1;24904
2023;7;Eletivo;Alta complexidade;2779420 - Davita NEFRO Asa Sul;0418010030 - CONFECCAO DE FISTULA ARTERIO-VENOSA P/ HEMODIALISE;4;23890
2023;2;Eletivo;Média complexidade;9778136 - CEO - Asa Norte;0404020097 - EXCISÃO E SUTURA DE LESÃO NA BOCA;5;22398
2023;12;Eletivo;Média complexidade;;0407040196 - PARACENTESE ABDOMINAL;13;25590
2023;3;Eletivo;Média complexidade;0010456 - HBDF;0405050216 - RECOBRIMENTO CONJUNTIVAL;1;22438
2023;4;Eletivo;Média complexidade;0010456 - HBDF;0405010010 - CORRECAO CIRURGICA DE ENTROPIO E ECTROPIO;1;22764
2023;10;Eletivo;Média complexidade;2672197 - HRSam;0409070122 - DRENAGEM DE GLANDULA DE BARTHOLIN / SKENE;1;24809
2023;4;Eletivo;Média complexidade;3055450 - CBV;0405050020 - CAPSULOTOMIA A YAG LASER;6;22886
2023;7;Eletivo;Atenção Básica;0010510 - HUB;0414020383 - TRATAMENTO DE ALVEOLITE;1;23836
2023;6;BPA-C;Média complexidade;9764860 - CEO - Gama;0414020219 - ODONTOSECÇÃO / RADILECTOMIA / TUNELIZAÇÃO;35;23702
2023;7;Eletivo;Média complexidade;0010510 - HUB;0404020054 - DRENAGEM DE ABSCESSO DA BOCA E ANEXOS;2;23839
2023;1;BPA-C;Média complexidade;9622845 - CEO - Policlínica Taguatinga;0414020375 - TRATAMENTO CIRÚRGICO PERIODONTAL (POR SEXTANTE);41;22057
2023;11;BPA-C;Média complexidade;0010499 - HRT;0405050364 - TRATAMENTO CIRURGICO DE PTERIGIO;3;25085
2023;12;Eletivo;Média complexidade;0010464 - HRAN;0407010254 - RETIRADA DE POLIPO DO TUBO DIGESTIVO POR ENDOSCOPIA;1;25366
2023;8;Eletivo;Média complexidade;0010510 - HUB;0409040142 - ORQUIECTOMIA SUBCAPSULAR BILATERAL;1;24182
2023;3;BPA-C;Atenção Básica;7592477 - UPA Sobradinho;0414020138 - EXODONTIA DE DENTE PERMANENTE;10;22637
2023;10;BPA-C;Atenção Básica;9676473 - CEO - Ceilândia I;0414020120 - EXODONTIA DE DENTE DECÍDUO;18;24927
2023;6;BPA-C;Média complexidade;9690719 - CEO - Sobradinho;0414020294 - REMOÇÃO DE TORUS E EXOSTOSES;2;23678
2023;8;Eletivo;Média complexidade;0010510 - HUB;0409070122 - DRENAGEM DE GLANDULA DE BARTHOLIN / SKENE;1;24184
2023;7;Eletivo;Alta complexidade;0010502 - HRS;0418020035 - RETIRADA DE CATETER TIPO TENCKHOFF / SIMILAR DE LONGA PERMANÊNCIA;3;23824
2023;5;BPA-C;Atenção Básica;9622845 - CEO - Policlínica Taguatinga;0414020138 - EXODONTIA DE DENTE PERMANENTE;7;23310
2023;1;BPA-C;Média complexidade;9620311 - Policlínica Guará I;0404010270 - REMOCAO DE CERUMEN DE CONDUTO AUDITIVO EXTERNO UNI / BILATERAL;32;22042
2023;6;Eletivo;Alta complexidade;2779420 - Davita NEFRO Asa Sul;0418010013 - CONFECCAO DE FISTULA ARTERIO-VENOSA C/ ENXERTIA DE POLITETRAFLUORETILENO (PTFE);1;23541
2023;8;Eletivo;Média complexidade;0010456 - HBDF;0405020015 - CORRECAO CIRURGICA DE ESTRABISMO (ACIMA DE 2 MUSCULOS);1;24079
2023;11;Eletivo;Média complexidade;;0409010170 - INSTALACAO ENDOSCOPICA DE CATETER DUPLO J;1;25299
2023;10;Eletivo;Média complexidade;3055450 - CBV;0405030150 - VITRIOLISE A YAG LASER;2;24819
2023;8;BPA-C;Atenção Básica;9676473 - CEO - Ceilândia I;0414020138 - EXODONTIA DE DENTE PERMANENTE;23;24346
2023;1;Eletivo;Alta complexidade;0010510 - HUB;0418010048 - IMPLANTE DE CATETER DE LONGA PERMANÊNCIA P/ HEMODIALISE;3;21909
2023;8;Eletivo;Média complexidade;0010537 - HMIB;0414020057 - CORREÇÃO DE IRREGULARIDADES DE REBORDO ALVEOLAR;186;24204
2023;3;BPA-C;Média complexidade;0010464 - HRAN;0405040199 - TRATAMENTO CIRURGICO DE XANTELASMA;1;22453
2023;5;Eletivo;Média complexidade;3055450 - CBV;0405030215 - RETINOPEXIA PNEUMÁTICA;35;23208
2023;3;Urgência;Média complexidade;7111924 - UPA Núcleo Bandeirante;0404020097 - EXCISÃO E SUTURA DE LESÃO NA BOCA;1;22630
2023;8;Eletivo;Média complexidade;0010464 - HRAN;0412050170 - TORACOCENTESE/DRENAGEM DE PLEURA;1;24111
2023;6;Eletivo;Alta complexidade;7980221 - Visão Hosp. de Olhos;0405050372 - FACOEMULSIFICACAO C/ IMPLANTE DE LENTE INTRA-OCULAR DOBRAVEL;20;23620
2023;9;Eletivo;Média complexidade;0010464 - HRAN;0405040130 - INJECAO RETROBULBAR / PERIBULBAR;1;24452
2023;10;BPA-C;Média complexidade;0010464 - HRAN;0405010060 - EPILACAO DE CILIOS;1;24732
2023;5;BPA-C;Média complexidade;0010464 - HRAN;0405010044 - DRENAGEM DE ABSCESSO DE PALPEBRA;1;23069
2023;9;BPA-C;Atenção Básica;0010529 - HRPL;0404010300 - RETIRADA DE CORPO ESTRANHO DA CAVIDADE AUDITIVA E NASAL;5;24516
2023;10;Eletivo;Média complexidade;0010499 - HRT;0409040240 - VASECTOMIA;46;24778
2023;5;BPA-C;Atenção Básica;9772243 - CEO - Paranoá;0414020138 - EXODONTIA DE DENTE PERMANENTE;2;23373
2023;9;BPA-C;Média complexidade;0010464 - HRAN;0406020140 - EXCISAO E SUTURA DE LINFANGIOMA / NEVUS;6;24445
2023;12;BPA-C;Média complexidade;9778136 - CEO - Asa Norte;0414020146 - EXODONTIA MÚLTIPLA COM ALVEOLOPLASTIA POR SEXTANTE;5;25563
2023;7;Eletivo;Atenção Básica;0010537 - HMIB;0414020405 - ULOTOMIA/ULECTOMIA;4;23868
2023;4;Urgência;Média complexidade;5717515 - HRSM;0414020057 - CORREÇÃO DE IRREGULARIDADES DE REBORDO ALVEOLAR;4;22927
2023;2;Eletivo;Atenção Básica;0010510 - HUB;0414020138 - EXODONTIA DE DENTE PERMANENTE;43;22208
2023;11;BPA-C;Média complexidade;9778144 - Policlínica Asa Norte;0407020160 - ELETROCAUTERIZACAO DE LESAO TRANSPARIETAL DE ANUS;1;25283
2023;6;BPA-C;Atenção Básica;9764860 - CEO - Gama;0414020120 - EXODONTIA DE DENTE DECÍDUO;1;23696
2023;10;Eletivo;Atenção Básica;0010537 - HMIB;0414020138 - EXODONTIA DE DENTE PERMANENTE;88;24792
2023;3;Eletivo;Média complexidade;0010510 - HUB;0414020219 - ODONTOSECÇÃO / RADILECTOMIA / TUNELIZAÇÃO;26;22532
2023;2;Eletivo;Alta complexidade;2779420 - Davita NEFRO Asa Sul;0418010064 - IMPLANTE DE CATETER DUPLO LUMEN P/HEMODIALISE;2;22261
2023;4;BPA-C;Média complexidade;0010456 - HBDF;0405050259 - RETIRADA DE CORPO ESTRANHO DA CORNEA;13;22756
2023;10;Eletivo;Média complexidade;5717515 - HRSM;0414020278 - REMOÇÃO DE DENTE RETIDO (INCLUSO / IMPACTADO);115;24855
2023;6;BPA-C;Média complexidade;0010456 - HBDF;0414020200 - MARSUPIALIZAÇÃO DE CISTOS E PSEUDOCISTOS;4;23415
2023;8;BPA-C;Média complexidade;0010464 - HRAN;0405010060 - EPILACAO DE CILIOS;1;24094
2023;9;BPA-C;Média complexidade;9621709 - Policlínica II Taguatinga;0404010270 - REMOCAO DE CERUMEN DE CONDUTO AUDITIVO EXTERNO UNI / BILATERAL;137;24620
2023;8;Eletivo;Média complexidade;0010472 - HRG;0408050284 - REDUCAO INCRUENTA DE LUXACAO OU FRATURA / LUXACAO SUBTALAR E INTRATARSICA;3;24125
2023;6;Eletivo;Média complexidade;0010510 - HUB;0409050083 - POSTECTOMIA;2;23499
2023;10;BPA-C;Atenção Básica;9622918 - CEO - Taguatinga;0414020120 - EXODONTIA DE DENTE DECÍDUO;23;24913
2023;4;Urgência;Média complexidade;0010456 - HBDF;0404020054 - DRENAGEM DE ABSCESSO DA BOCA E ANEXOS;7;22779
2023;12;Urgência;Média complexidade;0010529 - HRPL;0408020172 - REDUÇÃO INCRUENTA DE FRATURA / LESÃO FISARIA NO PUNHO;1;25396
2023;2;Eletivo;Alta complexidade;0010456 - HBDF;0405050372 - FACOEMULSIFICACAO C/ IMPLANTE DE LENTE INTRA-OCULAR DOBRAVEL;13;22116
2023;3;Eletivo;Média complexidade;0010537 - HMIB;0414020278 - REMOÇÃO DE DENTE RETIDO (INCLUSO / IMPACTADO);106;22553
2023;2;BPA-C;Média complexidade;9764860 - CEO - Gama;0414020154 - GENGIVECTOMIA (POR SEXTANTE);1;22382
2023;2;Eletivo;Média complexidade;0010464 - HRAN;0413010058 - CURATIVO EM PEQUENO QUEIMADO;386;22172
2023;1;Eletivo;Média complexidade;0010510 - HUB;0414020219 - ODONTOSECÇÃO / RADILECTOMIA / TUNELIZAÇÃO;42;21928
2023;1;BPA-C;Média complexidade;9772243 - CEO - Paranoá;0414020073 - CURETAGEM PERIAPICAL;15;22101
2023;4;Eletivo;Média complexidade;9690719 - CEO - Sobradinho;0404020097 - EXCISÃO E SUTURA DE LESÃO NA BOCA;3;22991
2023;4;Eletivo;Alta complexidade;0010502 - HRS;0418020035 - RETIRADA DE CATETER TIPO TENCKHOFF / SIMILAR DE LONGA PERMANÊNCIA;1;22824
2023;9;BPA-C;Atenção Básica;9622918 - CEO - Taguatinga;0414020120 - EXODONTIA DE DENTE DECÍDUO;6;24634
2023;3;Eletivo;Média complexidade;0010464 - HRAN;0409040240 - VASECTOMIA;33;22466
2023;10;Eletivo;Média complexidade;0010464 - HRAN;0405010184 - TRATAMENTO CIRURGICO DE BLEFAROCALASE;5;24741
2023;12;BPA-C;Atenção Básica;9578560 - CEO 11 - Ceilândia;0414020120 - EXODONTIA DE DENTE DECÍDUO;1;25503
2023;2;Eletivo;Média complexidade;0010456 - HBDF;0405010079 - EXERESE DE CALAZIO E OUTRAS PEQUENAS LESOES DA PALPEBRA E SUPERCILIOS;1;22142
2023;11;BPA-C;Média complexidade;7592477 - UPA Sobradinho;0414020146 - EXODONTIA MÚLTIPLA COM ALVEOLOPLASTIA POR SEXTANTE;3;25192
2023;2;BPA-C;Média complexidade;9578560 - CEO 11 - Ceilândia;0414010361 - EXERESE DE CISTO ODONTOGÊNICO E NÃO-ODONTOGÊNICO;1;22333
2023;5;BPA-C;Atenção Básica;0010464 - HRAN;0413010023 - ATENDIMENTO DE URGÊNCIA EM PEQUENO QUEIMADO;16;23068
2023;9;Urgência;Atenção Básica;5717515 - HRSM;0414020138 - EXODONTIA DE DENTE PERMANENTE;13;24566
2023;3;BPA-C;Média complexidade;0010456 - HBDF;0414020200 - MARSUPIALIZAÇÃO DE CISTOS E PSEUDOCISTOS;1;22426
2023;10;Urgência;Média complexidade;5717515 - HRSM;0408020245 - REDUÇÃO INCRUENTA DE LUXAÇÃO OU FRATURA / LUXACAO NO PUNHO;1;24861
2023;3;BPA-C;Média complexidade;6876617 - HCB;0408060654 - TRATAMENTO CIRÚRGICO DE POLIDACTILIA NÃO ARTICULADA;1;22626
2023;12;Urgência;Alta complexidade;0010502 - HRS;0418010064 - IMPLANTE DE CATETER DUPLO LUMEN P/HEMODIALISE;23;25391
2023;10;Eletivo;Média complexidade;0010502 - HRS;0407020136 - DRENAGEM DE ABSCESSO ANU-RETAL;1;24782
2023;4;BPA-C;Atenção Básica;0010464 - HRAN;0413010023 - ATENDIMENTO DE URGÊNCIA EM PEQUENO QUEIMADO;9;22782
2023;7;BPA-C;Atenção Básica;9578560 - CEO 11 - Ceilândia;0414020138 - EXODONTIA DE DENTE PERMANENTE;22;23972
2023;9;Eletivo;Média complexidade;3055450 - CBV;0405030096 - SUTURA DE ESCLERA;26;24541
2023;8;BPA-C;Média complexidade;9622845 - CEO - Policlínica Taguatinga;0414020278 - REMOÇÃO DE DENTE RETIDO (INCLUSO / IMPACTADO);52;24326
2023;4;BPA-C;Média complexidade;0010502 - HRS;0407010319 - TRATAMENTO ESCLEROSANTE / LIGADURA ELASTICA DE LESAO HEMORRAGICA DO APARELHO DIGESTIVO;1;22828
2023;8;Urgência;Média complexidade;0010529 - HRPL;0408020202 - REDUÇÃO INCRUENTA DE FRATURA DIAFISARIA DOS OSSOS DO ANTEBRAÇO;2;24195
2023;1;Eletivo;Média complexidade;0010510 - HUB;0414020090 - ENXERTO ÓSSEO DE ÁREA DOADORA INTRABUCAL;3;21924
2023;8;Urgência;Média complexidade;5717515 - HRSM;0414020057 - CORREÇÃO DE IRREGULARIDADES DE REBORDO ALVEOLAR;3;24275
2023;6;Eletivo;Média complexidade;9620311 - Policlínica Guará I;0404010318 - RETIRADA DE CORPO ESTRANHO DE OUVIDO / FARINGE / LARINGE / NARIZ;2;23638
2023;1;BPA-C;Média complexidade;9621709 - Policlínica II Taguatinga;0406020140 - EXCISAO E SUTURA DE LINFANGIOMA / NEVUS;6;22044
2023;12;Eletivo;Média complexidade;0010472 - HRG;0408060352 - RETIRADA DE FIO OU PINO INTRA-ÓSSEO;1;25382
2023;4;Eletivo;Alta complexidade;7491484 - Renal Vida;0418020035 - RETIRADA DE CATETER TIPO TENCKHOFF / SIMILAR DE LONGA PERMANÊNCIA;1;22942
2023;5;Eletivo;Atenção Básica;6876617 - HCB;0414020430 - EXODONTIA DE DENTE SUPRANUMERÁRIO;1;23261
2023;6;Eletivo;Alta complexidade;7491484 - Renal Vida;0418010048 - IMPLANTE DE CATETER DE LONGA PERMANÊNCIA P/ HEMODIALISE;1;23612
2023;6;BPA-C;Média complexidade;0010464 - HRAN;0409050059 - LIBERACAO / PLASTIA DE PREPUCIO;1;23439
2023;4;Eletivo;Alta complexidade;0010499 - HRT;0418010030 - CONFECCAO DE FISTULA ARTERIO-VENOSA P/ HEMODIALISE;5;22808
2023;9;BPA-C;Média complexidade;9578560 - CEO 11 - Ceilândia;0414020375 - TRATAMENTO CIRÚRGICO PERIODONTAL (POR SEXTANTE);1;24617
2023;4;BPA-C;Média complexidade;0010464 - HRAN;0406020140 - EXCISAO E SUTURA DE LINFANGIOMA / NEVUS;4;22785
2023;3;Eletivo;Média complexidade;0010464 - HRAN;0405010176 - SUTURA DE PALPEBRAS;3;22460
2023;4;Eletivo;Média complexidade;0010472 - HRG;0404020089 - EXCISÃO DE RÂNULA OU FENÔMENO DE RETENÇÃO SALIVAR;1;22803
2023;4;Eletivo;Alta complexidade;0010499 - HRT;0418010080 - IMPLANTE DE CATETER TIPO TENCKHOFF OU SIMILAR P/ DPA/DPAC;10;22811
2023;1;BPA-C;Média complexidade;0010464 - HRAN;0405050259 - RETIRADA DE CORPO ESTRANHO DA CORNEA;5;21862
2023;6;BPA-C;Média complexidade;5598575 - Policlínica Gama;0404010270 - REMOCAO DE CERUMEN DE CONDUTO AUDITIVO EXTERNO UNI / BILATERAL;58;23572
2023;1;Eletivo;Média complexidade;0010502 - HRS;0404020097 - EXCISÃO E SUTURA DE LESÃO NA BOCA;1;21908
2023;9;Eletivo;Média complexidade;0010464 - HRAN;0404020674 - RECONSTRUÇÃO PARCIAL DO LÁBIO TRAUMATIZADO;2;24449
2023;10;Eletivo;Alta complexidade;3224228 - Renal Care;0418010030 - CONFECCAO DE FISTULA ARTERIO-VENOSA P/ HEMODIALISE;1;24826
2023;2;Eletivo;Alta complexidade;3548104 - Centro da Visao;0405050372 - FACOEMULSIFICACAO C/ IMPLANTE DE LENTE INTRA-OCULAR DOBRAVEL;17;22279
2023;4;Urgência;Média complexidade;0010529 - HRPL;0408020202 - REDUÇÃO INCRUENTA DE FRATURA DIAFISARIA DOS OSSOS DO ANTEBRAÇO;1;22849
2023;3;BPA-C;Média complexidade;9578501 - Policlínica II Ceilândia;0407010319 - TRATAMENTO ESCLEROSANTE / LIGADURA ELASTICA DE LESAO HEMORRAGICA DO APARELHO DIGESTIVO;5;22647
2023;4;BPA-C;Média complexidade;9622845 - CEO - Policlínica Taguatinga;0414020219 - ODONTOSECÇÃO / RADILECTOMIA / TUNELIZAÇÃO;14;22971
2023;8;Eletivo;Alta complexidade;5479878 - Davita Sobradinho;0418010048 - IMPLANTE DE CATETER DE LONGA PERMANÊNCIA P/ HEMODIALISE;1;24243
2023;10;BPA-C;Atenção Básica;9578277 - Policlínica Lago Sul;0414020138 - EXODONTIA DE DENTE PERMANENTE;4;24885
2023;5;BPA-C;Média complexidade;9772243 - CEO - Paranoá;0414020154 - GENGIVECTOMIA (POR SEXTANTE);3;23376
2023;11;Eletivo;Média complexidade;0010529 - HRPL;0408020199 - REDUÇÃO INCRUENTA DE FRATURA DA DIÁFISE DO ÚMERO;1;25104
2023;11;BPA-C;Média complexidade;9764860 - CEO - Gama;0414020219 - ODONTOSECÇÃO / RADILECTOMIA / TUNELIZAÇÃO;55;25262
2023;4;Eletivo;Alta complexidade;7980221 - Visão Hosp. de Olhos;0405050372 - FACOEMULSIFICACAO C/ IMPLANTE DE LENTE INTRA-OCULAR DOBRAVEL;39;22946
2023;6;Eletivo;Média complexidade;9516212 - Policlínica Paranoá;0409060089 - EXCISÃO TIPO I DO COLO UTERINO;4;23626
2023;3;BPA-C;Média complexidade;9778136 - CEO - Asa Norte;0414020278 - REMOÇÃO DE DENTE RETIDO (INCLUSO / IMPACTADO);90;22728
2023;12;BPA-C;Média complexidade;9621709 - Policlínica II Taguatinga;0404010270 - REMOCAO DE CERUMEN DE CONDUTO AUDITIVO EXTERNO UNI / BILATERAL;125;25512
2023;10;BPA-C;Média complexidade;0010499 - HRT;0405010141 - SIMBLEFAROPLASTIA;4;24772
2023;3;BPA-C;Média complexidade;0010456 - HBDF;0404020615 - REDUÇÃO DE LUXAÇÃO TÊMPORO-MANDIBULAR;2;22414
2023;2;Eletivo;Média complexidade;7929129 - Clinica de Olhos Dr João Eugenio;0405050020 - CAPSULOTOMIA A YAG LASER;1;22322
2023;4;Eletivo;Atenção Básica;5717515 - HRSM;0414020138 - EXODONTIA DE DENTE PERMANENTE;65;22903
2023;1;BPA-C;Média complexidade;0010502 - HRS;0414020146 - EXODONTIA MÚLTIPLA COM ALVEOLOPLASTIA POR SEXTANTE;1;21906
2023;5;Eletivo;Média complexidade;0010456 - HBDF;0405010184 - TRATAMENTO CIRURGICO DE BLEFAROCALASE;1;23055
2023;4;BPA-C;Média complexidade;9772243 - CEO - Paranoá;0414020375 - TRATAMENTO CIRÚRGICO PERIODONTAL (POR SEXTANTE);1;23013
2023;4;BPA-C;Atenção Básica;0010456 - HBDF;0414020170 - GLOSSORRAFIA;1;22742
2023;11;Urgência;Alta complexidade;0010502 - HRS;0418020035 - RETIRADA DE CATETER TIPO TENCKHOFF / SIMILAR DE LONGA PERMANÊNCIA;2;25095
2023;8;BPA-C;Média complexidade;9578501 - Policlínica II Ceilândia;0407010319 - TRATAMENTO ESCLEROSANTE / LIGADURA ELASTICA DE LESAO HEMORRAGICA DO APARELHO DIGESTIVO;2;24307
2023;11;Eletivo;Alta complexidade;0010456 - HBDF;0418010080 - IMPLANTE DE CATETER TIPO TENCKHOFF OU SIMILAR P/ DPA/DPAC;10;25011
2023;12;Eletivo;Média complexidade;3055450 - CBV;0405030150 - VITRIOLISE A YAG LASER;5;25433
2023;2;Eletivo;Alta complexidade;0010499 - HRT;0418010064 - IMPLANTE DE CATETER DUPLO LUMEN P/HEMODIALISE;26;22186
2023;11;Eletivo;Média complexidade;3055450 - CBV;0405030215 - RETINOPEXIA PNEUMÁTICA;22;25138
2023;3;Urgência;Média complexidade;0010456 - HBDF;0404010318 - RETIRADA DE CORPO ESTRANHO DE OUVIDO / FARINGE / LARINGE / NARIZ;36;22443
2023;12;BPA-C;Média complexidade;9622845 - CEO - Policlínica Taguatinga;0414020219 - ODONTOSECÇÃO / RADILECTOMIA / TUNELIZAÇÃO;13;25520
2023;1;Eletivo;Média complexidade;0010456 - HBDF;0407040196 - PARACENTESE ABDOMINAL;6;21854
2023;10;BPA-C;Média complexidade;9578536 - Policlínica Brazlândia;0404010270 - REMOCAO DE CERUMEN DE CONDUTO AUDITIVO EXTERNO UNI / BILATERAL;5;24887
2023;10;Eletivo;Alta complexidade;3224228 - Renal Care;0418010080 - IMPLANTE DE CATETER TIPO TENCKHOFF OU SIMILAR P/ DPA/DPAC;14;24828
2023;8;Eletivo;Média complexidade;0010464 - HRAN;0405010184 - TRATAMENTO CIRURGICO DE BLEFAROCALASE;19;24104
2023;9;BPA-C;Média complexidade;9764860 - CEO - Gama;0414020073 - CURETAGEM PERIAPICAL;7;24671
2023;10;Eletivo;Média complexidade;0010456 - HBDF;0404020054 - DRENAGEM DE ABSCESSO DA BOCA E ANEXOS;1;24717
2023;9;Eletivo;Alta complexidade;0010499 - HRT;0405050372 - FACOEMULSIFICACAO C/ IMPLANTE DE LENTE INTRA-OCULAR DOBRAVEL;79;24471
2023;4;Eletivo;Alta complexidade;3224228 - Renal Care;0418010080 - IMPLANTE DE CATETER TIPO TENCKHOFF OU SIMILAR P/ DPA/DPAC;1;22891
2023;2;Urgência;Média complexidade;5717515 - HRSM;0404020097 - EXCISÃO E SUTURA DE LESÃO NA BOCA;2;22304
2023;9;BPA-C;Média complexidade;0010502 - HRS;0414020219 - ODONTOSECÇÃO / RADILECTOMIA / TUNELIZAÇÃO;1;24488
2023;5;Eletivo;Alta complexidade;0010499 - HRT;0418010030 - CONFECCAO DE FISTULA ARTERIO-VENOSA P/ HEMODIALISE;4;23106
2023;4;BPA-C;Atenção Básica;9622845 - CEO - Policlínica Taguatinga;0414020138 - EXODONTIA DE DENTE PERMANENTE;4;22966
2023;2;BPA-C;Atenção Básica;0010456 - HBDF;0414020120 - EXODONTIA DE DENTE DECÍDUO;4;22121
2023;5;Eletivo;Média complexidade;5717515 - HRSM;0404020054 - DRENAGEM DE ABSCESSO DA BOCA E ANEXOS;2;23232
2023;6;Urgência;Média complexidade;0010529 - HRPL;0408020210 - REDUÇÃO INCRUENTA DE FRATURA DOS METACARPIANOS;2;23514
2023;3;Eletivo;Média complexidade;9516212 - Policlínica Paranoá;0409070122 - DRENAGEM DE GLANDULA DE BARTHOLIN / SKENE;3;22646
2023;11;BPA-C;Média complexidade;9622918 - CEO - Taguatinga;0414020219 - ODONTOSECÇÃO / RADILECTOMIA / TUNELIZAÇÃO;5;25232
2023;3;BPA-C;Média complexidade;0010502 - HRS;0407010319 - TRATAMENTO ESCLEROSANTE / LIGADURA ELASTICA DE LESAO HEMORRAGICA DO APARELHO DIGESTIVO;1;22504
2023;7;Eletivo;Alta complexidade;0010456 - HBDF;0418010080 - IMPLANTE DE CATETER TIPO TENCKHOFF OU SIMILAR P/ DPA/DPAC;9;23732
2023;3;Eletivo;Média complexidade;9578560 - CEO 11 - Ceilândia;0404020097 - EXCISÃO E SUTURA DE LESÃO NA BOCA;1;22659
2023;10;Urgência;Média complexidade;0010456 - HBDF;0404020054 - DRENAGEM DE ABSCESSO DA BOCA E ANEXOS;19;24728
2023;11;Eletivo;Média complexidade;0010472 - HRG;0407010254 - RETIRADA DE POLIPO DO TUBO DIGESTIVO POR ENDOSCOPIA;11;25072
2023;8;BPA-C;Média complexidade;9772243 - CEO - Paranoá;0414020073 - CURETAGEM PERIAPICAL;30;24392
2023;5;Eletivo;Média complexidade;0010510 - HUB;0414020243 - REIMPLANTE E TRANSPLANTE DENTAL (POR ELEMENTO);1;23158
2023;9;Eletivo;Média complexidade;0010510 - HUB;0404020054 - DRENAGEM DE ABSCESSO DA BOCA E ANEXOS;1;24500
2023;8;Eletivo;Alta complexidade;5479878 - Davita Sobradinho;0418020019 - INTERVENCAO EM FISTULA ARTERIO-VENOSA;12;24245
2023;3;BPA-C;Média complexidade;9621709 - Policlínica II Taguatinga;0404010156 - INFILTRACAO MEDICAMENTOSA EM CORNETO INFERIOR;1;22661
2023;6;Eletivo;Alta complexidade;5479878 - Davita Sobradinho;0418010013 - CONFECCAO DE FISTULA ARTERIO-VENOSA C/ ENXERTIA DE POLITETRAFLUORETILENO (PTFE);1;23567
2023;1;Eletivo;Média complexidade;0010537 - HMIB;0414020162 - GENGIVOPLASTIA (POR SEXTANTE);2;21950
2023;2;BPA-C;Média complexidade;9622845 - CEO - Policlínica Taguatinga;0414020294 - REMOÇÃO DE TORUS E EXOSTOSES;1;22355
2023;3;BPA-C;Média complexidade;0010456 - HBDF;0404010270 - REMOCAO DE CERUMEN DE CONDUTO AUDITIVO EXTERNO UNI / BILATERAL;74;22411
2023;4;Eletivo;Média complexidade;0010472 - HRG;0404020054 - DRENAGEM DE ABSCESSO DA BOCA E ANEXOS;1;22802
2023;7;Eletivo;Média complexidade;0010464 - HRAN;0404020674 - RECONSTRUÇÃO PARCIAL DO LÁBIO TRAUMATIZADO;1;23781
2023;1;BPA-C;Atenção Básica;9622845 - CEO - Policlínica Taguatinga;0414020138 - EXODONTIA DE DENTE PERMANENTE;3;22049
2023;6;Eletivo;Atenção Básica;5717515 - HRSM;0414020138 - EXODONTIA DE DENTE PERMANENTE;14;23574
2023;1;BPA-C;Atenção Básica;9690735 - CEO - Planaltina;0414020138 - EXODONTIA DE DENTE PERMANENTE;4;22082
2023;1;BPA-C;Atenção Básica;9778136 - CEO - Asa Norte;0414020138 - EXODONTIA DE DENTE PERMANENTE;38;22105
2023;3;Eletivo;Média complexidade;9621709 - Policlínica II Taguatinga;0409060089 - EXCISÃO TIPO I DO COLO UTERINO;1;22668
2023;4;Eletivo;Média complexidade;0010510 - HUB;0414020219 - ODONTOSECÇÃO / RADILECTOMIA / TUNELIZAÇÃO;30;22844
2023;8;Eletivo;Média complexidade;0010456 - HBDF;0405040075 - EVISCERACAO DE GLOBO OCULAR;1;24081
2023;2;BPA-C;Média complexidade;9772243 - CEO - Paranoá;0406020140 - EXCISAO E SUTURA DE LINFANGIOMA / NEVUS;1;22388
2023;7;BPA-C;Média complexidade;9764860 - CEO - Gama;0414020073 - CURETAGEM PERIAPICAL;2;24032
2023;10;Eletivo;Média complexidade;;0405050194 - IRIDOTOMIA A LASER;64;24996
2023;4;BPA-C;Média complexidade;0010499 - HRT;0405010044 - DRENAGEM DE ABSCESSO DE PALPEBRA;5;22814
2023;9;BPA-C;Média complexidade;9622845 - CEO - Policlínica Taguatinga;0414020375 - TRATAMENTO CIRÚRGICO PERIODONTAL (POR SEXTANTE);8;24633
2023;2;Eletivo;Média complexidade;0010464 - HRAN;0407020136 - DRENAGEM DE ABSCESSO ANU-RETAL;1;22166
2023;1;Eletivo;Alta complexidade;3459918 - Nephron Brasília;0418010048 - IMPLANTE DE CATETER DE LONGA PERMANÊNCIA P/ HEMODIALISE;1;21981
2023;8;BPA-C;Atenção Básica;9690735 - CEO - Planaltina;0414020120 - EXODONTIA DE DENTE DECÍDUO;10;24363
2023;6;Eletivo;Média complexidade;0010472 - HRG;0408050284 - REDUCAO INCRUENTA DE LUXACAO OU FRATURA / LUXACAO SUBTALAR E INTRATARSICA;1;23459
2023;11;Eletivo;Média complexidade;0010499 - HRT;0408020172 - REDUÇÃO INCRUENTA DE FRATURA / LESÃO FISARIA NO PUNHO;1;25087
2023;12;BPA-C;Média complexidade;0010456 - HBDF;0404010091 - DUCHA DE POLITZER (UNI / BILATERAL);2;25318
2023;9;Eletivo;Alta complexidade;0010510 - HUB;0418010048 - IMPLANTE DE CATETER DE LONGA PERMANÊNCIA P/ HEMODIALISE;1;24494
2023;6;BPA-C;Média complexidade;2649527 - HAB;0414020073 - CURETAGEM PERIAPICAL;6;23537
2023;5;Eletivo;Atenção Básica;0010510 - HUB;0414020359 - TRATAMENTO CIRÚRGICO DE HEMORRAGIA BUCO-DENTAL;1;23136
2023;7;Eletivo;Média complexidade;0010499 - HRT;0405010184 - TRATAMENTO CIRURGICO DE BLEFAROCALASE;3;23819
2023;4;BPA-C;Média complexidade;9620311 - Policlínica Guará I;0404010270 - REMOCAO DE CERUMEN DE CONDUTO AUDITIVO EXTERNO UNI / BILATERAL;24;22960
2023;2;BPA-C;Média complexidade;9622845 - CEO - Policlínica Taguatinga;0414020057 - CORREÇÃO DE IRREGULARIDADES DE REBORDO ALVEOLAR;6;22349
2023;7;Eletivo;Média complexidade;5717515 - HRSM;0414020375 - TRATAMENTO CIRÚRGICO PERIODONTAL (POR SEXTANTE);4;23938
2023;1;BPA-C;Atenção Básica;0011339 - FHB;0414020359 - TRATAMENTO CIRÚRGICO DE HEMORRAGIA BUCO-DENTAL;1;21956
2023;6;Eletivo;Atenção Básica;0010537 - HMIB;0414020138 - EXODONTIA DE DENTE PERMANENTE;8;23520
2023;10;BPA-C;Média complexidade;9772243 - CEO - Paranoá;0414020146 - EXODONTIA MÚLTIPLA COM ALVEOLOPLASTIA POR SEXTANTE;1;24966
2023;1;Eletivo;Média complexidade;0010456 - HBDF;0405010125 - RECONSTITUICAO PARCIAL DE PALPEBRA COM TARSORRAFIA;1;21840
2023;5;Urgência;Média complexidade;5717515 - HRSM;0404020097 - EXCISÃO E SUTURA DE LESÃO NA BOCA;1;23247
2023;10;BPA-C;Atenção Básica;0010545 - HRBz;0413010023 - ATENDIMENTO DE URGÊNCIA EM PEQUENO QUEIMADO;1;24801
2023;2;BPA-C;Média complexidade;9622845 - CEO - Policlínica Taguatinga;0414020162 - GENGIVOPLASTIA (POR SEXTANTE);3;22352
2023;12;BPA-C;Média complexidade;9715797 - CEO - Guará;0414020278 - REMOÇÃO DE DENTE RETIDO (INCLUSO / IMPACTADO);23;25550
2023;12;Eletivo;Média complexidade;;0414020219 - ODONTOSECÇÃO / RADILECTOMIA / TUNELIZAÇÃO;22;25599
2023;1;Urgência;Atenção Básica;5717515 - HRSM;0414020383 - TRATAMENTO DE ALVEOLITE;2;21993
2023;10;Eletivo;Atenção Básica;5717515 - HRSM;0414020138 - EXODONTIA DE DENTE PERMANENTE;25;24838
2023;10;Eletivo;Média complexidade;0010480 - HRC;0409070122 - DRENAGEM DE GLANDULA DE BARTHOLIN / SKENE;1;24762
2023;11;BPA-C;Média complexidade;9764860 - CEO - Gama;0414020278 - REMOÇÃO DE DENTE RETIDO (INCLUSO / IMPACTADO);117;25263
2023;3;BPA-C;Atenção Básica;2649527 - HAB;0414020138 - EXODONTIA DE DENTE PERMANENTE;11;22562
2023;8;BPA-C;Média complexidade;7465157 - UPA Ceilândia;0415040043 - DEBRIDAMENTO DE ULCERA / NECROSE;1;24289
2023;7;BPA-C;Média complexidade;0010499 - HRT;0405010141 - SIMBLEFAROPLASTIA;3;23815
2023;6;BPA-C;Média complexidade;9578560 - CEO 11 - Ceilândia;0414020057 - CORREÇÃO DE IRREGULARIDADES DE REBORDO ALVEOLAR;24;23632
2023;12;BPA-C;Média complexidade;9622918 - CEO - Taguatinga;0414020375 - TRATAMENTO CIRÚRGICO PERIODONTAL (POR SEXTANTE);28;25530
2023;11;Urgência;Alta complexidade;0010502 - HRS;0418010080 - IMPLANTE DE CATETER TIPO TENCKHOFF OU SIMILAR P/ DPA/DPAC;1;25094
2023;8;BPA-C;Média complexidade;0010472 - HRG;0405050364 - TRATAMENTO CIRURGICO DE PTERIGIO;39;24117
2023;7;Eletivo;Média complexidade;0010464 - HRAN;0413010040 - CURATIVO EM MEDIO QUEIMADO;1524;23792
2023;10;Eletivo;Média complexidade;9516212 - Policlínica Paranoá;0409060089 - EXCISÃO TIPO I DO COLO UTERINO;2;24884
2023;2;BPA-C;Atenção Básica;9764860 - CEO - Gama;0414020120 - EXODONTIA DE DENTE DECÍDUO;2;22379
2023;12;BPA-C;Atenção Básica;9622918 - CEO - Taguatinga;0414020120 - EXODONTIA DE DENTE DECÍDUO;3;25523
2023;9;BPA-C;Atenção Básica;9622845 - CEO - Policlínica Taguatinga;0414020138 - EXODONTIA DE DENTE PERMANENTE;41;24628
2023;12;BPA-C;Atenção Básica;9715797 - CEO - Guará;0414020120 - EXODONTIA DE DENTE DECÍDUO;4;25545
2023;5;BPA-C;Média complexidade;9578560 - CEO 11 - Ceilândia;0414020219 - ODONTOSECÇÃO / RADILECTOMIA / TUNELIZAÇÃO;10;23297
2023;12;Eletivo;Média complexidade;9621709 - Policlínica II Taguatinga;0409060089 - EXCISÃO TIPO I DO COLO UTERINO;2;25517
2023;1;Eletivo;Média complexidade;5717515 - HRSM;0404020038 - CORREÇÃO CIRÚRGICA DE FÍSTULA ORO-NASAL / ORO-SINUSAL;1;21994
2023;8;BPA-C;Atenção Básica;9622845 - CEO - Policlínica Taguatinga;0414020120 - EXODONTIA DE DENTE DECÍDUO;4;24320
2023;7;BPA-C;Média complexidade;9578560 - CEO 11 - Ceilândia;0414020278 - REMOÇÃO DE DENTE RETIDO (INCLUSO / IMPACTADO);1;23975
2023;5;Eletivo;Alta complexidade;5479878 - Davita Sobradinho;0418010064 - IMPLANTE DE CATETER DUPLO LUMEN P/HEMODIALISE;3;23221
2023;4;BPA-C;Atenção Básica;0010472 - HRG;0414020138 - EXODONTIA DE DENTE PERMANENTE;11;22799
2023;8;Eletivo;Média complexidade;2645157 - HRL;0408060352 - RETIRADA DE FIO OU PINO INTRA-ÓSSEO;1;24217
2023;3;BPA-C;Média complexidade;9622918 - CEO - Taguatinga;0414020065 - CORREÇÃO DE TUBEROSIDADE DO MAXILAR;1;22683
2023;2;BPA-C;Atenção Básica;0011347 - Adolescentro;0414020120 - EXODONTIA DE DENTE DECÍDUO;3;22252
2023;9;BPA-C;Média complexidade;9715797 - CEO - Guará;0414020073 - CURETAGEM PERIAPICAL;10;24663
2023;9;BPA-C;Média complexidade;0010456 - HBDF;0407010319 - TRATAMENTO ESCLEROSANTE / LIGADURA ELASTICA DE LESAO HEMORRAGICA DO APARELHO DIGESTIVO;6;24418
2023;10;Eletivo;Média complexidade;5717515 - HRSM;0404020054 - DRENAGEM DE ABSCESSO DA BOCA E ANEXOS;3;24842
2023;11;Eletivo;Média complexidade;0010456 - HBDF;0405050321 - TRABECULECTOMIA;9;25042
2023;6;BPA-C;Média complexidade;9621709 - Policlínica II Taguatinga;0406020140 - EXCISAO E SUTURA DE LINFANGIOMA / NEVUS;1;23640
2023;8;BPA-C;Média complexidade;0010502 - HRS;0414020219 - ODONTOSECÇÃO / RADILECTOMIA / TUNELIZAÇÃO;2;24156
2023;1;Eletivo;Alta complexidade;0010456 - HBDF;0418010080 - IMPLANTE DE CATETER TIPO TENCKHOFF OU SIMILAR P/ DPA/DPAC;6;21821
2023;3;Eletivo;Alta complexidade;0010502 - HRS;0418020035 - RETIRADA DE CATETER TIPO TENCKHOFF / SIMILAR DE LONGA PERMANÊNCIA;1;22500
2023;9;Urgência;Média complexidade;5717515 - HRSM;0414020219 - ODONTOSECÇÃO / RADILECTOMIA / TUNELIZAÇÃO;1;24585
2023;8;BPA-C;Atenção Básica;9715797 - CEO - Guará;0414020138 - EXODONTIA DE DENTE PERMANENTE;15;24370
2023;3;Eletivo;Média complexidade;0010499 - HRT;0407020136 - DRENAGEM DE ABSCESSO ANU-RETAL;1;22494
2023;10;Urgência;Média complexidade;5717515 - HRSM;0414020278 - REMOÇÃO DE DENTE RETIDO (INCLUSO / IMPACTADO);17;24865
2023;12;BPA-C;Média complexidade;9690719 - CEO - Sobradinho;0414020057 - CORREÇÃO DE IRREGULARIDADES DE REBORDO ALVEOLAR;22;25536
2023;7;Eletivo;Média complexidade;0010510 - HUB;0414020090 - ENXERTO ÓSSEO DE ÁREA DOADORA INTRABUCAL;1;23851
2023;1;Eletivo;Média complexidade;9690719 - CEO - Sobradinho;0404020097 - EXCISÃO E SUTURA DE LESÃO NA BOCA;1;22081
2023;10;Urgência;Média complexidade;5717515 - HRSM;0414020057 - CORREÇÃO DE IRREGULARIDADES DE REBORDO ALVEOLAR;5;24862
2023;12;Eletivo;Média complexidade;0010472 - HRG;0408020156 - REDUÇÃO INCRUENTA DE FRATURA / LESÃO FISARIA DE COTOVELO;2;25377
2023;9;Urgência;Média complexidade;5717515 - HRSM;0414020278 - REMOÇÃO DE DENTE RETIDO (INCLUSO / IMPACTADO);6;24586
2023;6;BPA-C;Média complexidade;9622845 - CEO - Policlínica Taguatinga;0414020162 - GENGIVOPLASTIA (POR SEXTANTE);12;23651
2023;7;BPA-C;Média complexidade;9622845 - CEO - Policlínica Taguatinga;0414020278 - REMOÇÃO DE DENTE RETIDO (INCLUSO / IMPACTADO);44;23989
2023;2;BPA-C;Média complexidade;9414754 - Policlínica Sobradinho;0409060097 - EXERESE DE POLIPO DE UTERO;2;22326
2023;10;BPA-C;Média complexidade;9715797 - CEO - Guará;0414020278 - REMOÇÃO DE DENTE RETIDO (INCLUSO / IMPACTADO);57;24954
2023;12;Eletivo;Média complexidade;;0405050020 - CAPSULOTOMIA A YAG LASER;26;25583
2023;6;BPA-C;Atenção Básica;0011347 - Adolescentro;0414020120 - EXODONTIA DE DENTE DECÍDUO;2;23529
2023;2;BPA-C;Atenção Básica;0010472 - HRG;0414020383 - TRATAMENTO DE ALVEOLITE;1;22176
2023;11;Urgência;Média complexidade;0010456 - HBDF;0404010318 - RETIRADA DE CORPO ESTRANHO DE OUVIDO / FARINGE / LARINGE / NARIZ;73;25044
2023;8;Eletivo;Alta complexidade;7929129 - Clinica de Olhos Dr João Eugenio;0405050372 - FACOEMULSIFICACAO C/ IMPLANTE DE LENTE INTRA-OCULAR DOBRAVEL;42;24299
2023;9;Eletivo;Média complexidade;0010464 - HRAN;0413010058 - CURATIVO EM PEQUENO QUEIMADO;210;24461
2023;6;Eletivo;Média complexidade;0010499 - HRT;0404020097 - EXCISÃO E SUTURA DE LESÃO NA BOCA;1;23474
2023;4;BPA-C;Média complexidade;0010456 - HBDF;0407010319 - TRATAMENTO ESCLEROSANTE / LIGADURA ELASTICA DE LESAO HEMORRAGICA DO APARELHO DIGESTIVO;2;22758
2023;7;Eletivo;Média complexidade;0010456 - HBDF;0405040067 - ENUCLEACAO DE GLOBO OCULAR;1;23755
2023;11;BPA-C;Média complexidade;9578501 - Policlínica II Ceilândia;0407010319 - TRATAMENTO ESCLEROSANTE / LIGADURA ELASTICA DE LESAO HEMORRAGICA DO APARELHO DIGESTIVO;2;25204
2023;10;BPA-C;Média complexidade;0010456 - HBDF;0404020674 - RECONSTRUÇÃO PARCIAL DO LÁBIO TRAUMATIZADO;1;24710
2023;1;Eletivo;Média complexidade;5717515 - HRSM;0414020073 - CURETAGEM PERIAPICAL;86;22000
2023;10;BPA-C;Média complexidade;9676473 - CEO - Ceilândia I;0414020278 - REMOÇÃO DE DENTE RETIDO (INCLUSO / IMPACTADO);11;24931
2023;1;Eletivo;Alta complexidade;0010510 - HUB;0418010064 - IMPLANTE DE CATETER DUPLO LUMEN P/HEMODIALISE;2;21910
2023;1;BPA-C;Média complexidade;9690719 - CEO - Sobradinho;0414020278 - REMOÇÃO DE DENTE RETIDO (INCLUSO / IMPACTADO);74;22080
2023;7;Eletivo;Alta complexidade;0010499 - HRT;0418010064 - IMPLANTE DE CATETER DUPLO LUMEN P/HEMODIALISE;26;23809
2023;5;Eletivo;Alta complexidade;7494424 - Ultramed;0418010064 - IMPLANTE DE CATETER DUPLO LUMEN P/HEMODIALISE;2;23277
2023;4;BPA-C;Média complexidade;9578536 - Policlínica Brazlândia;0406020140 - EXCISAO E SUTURA DE LINFANGIOMA / NEVUS;1;22951
2023;6;Eletivo;Média complexidade;0010499 - HRT;0406020620 - RETIRADA DE CATETER DE LONGA PERMANÊNCIA SEMI OU TOTALMENTE IMPLANTÁVEL;1;23478
2023;6;Eletivo;Média complexidade;0010510 - HUB;0414020057 - CORREÇÃO DE IRREGULARIDADES DE REBORDO ALVEOLAR;16;23501
2023;12;Eletivo;Média complexidade;5717515 - HRSM;0404020615 - REDUÇÃO DE LUXAÇÃO TÊMPORO-MANDIBULAR;1;25458
2023;10;Eletivo;Média complexidade;2779366 - Oftalmed Matriz;0405050020 - CAPSULOTOMIA A YAG LASER;4;24812
2023;12;Eletivo;Alta complexidade;;0418020027 - LIGADURA DE FISTULA ARTERIO-VENOSA;1;25576
2023;5;BPA-C;Atenção Básica;9690719 - CEO - Sobradinho;0414020120 - EXODONTIA DE DENTE DECÍDUO;2;23339
2023;1;BPA-C;Atenção Básica;0010502 - HRS;0414020138 - EXODONTIA DE DENTE PERMANENTE;5;21903
2023;11;Eletivo;Média complexidade;9621709 - Policlínica II Taguatinga;0407010254 - RETIRADA DE POLIPO DO TUBO DIGESTIVO POR ENDOSCOPIA;8;25218
2023;10;BPA-C;Média complexidade;9764860 - CEO - Gama;0414020219 - ODONTOSECÇÃO / RADILECTOMIA / TUNELIZAÇÃO;59;24960
2023;6;Urgência;Alta complexidade;0010502 - HRS;0418020035 - RETIRADA DE CATETER TIPO TENCKHOFF / SIMILAR DE LONGA PERMANÊNCIA;1;23484
2023;5;Urgência;Média complexidade;0010456 - HBDF;0404020097 - EXCISÃO E SUTURA DE LESÃO NA BOCA;3;23066
2023;11;Eletivo;Média complexidade;;0410010030 - EXERESE DE MAMA SUPRANUMERARIA;1;25302
2023;12;Eletivo;Alta complexidade;7491484 - Renal Vida;0418010048 - IMPLANTE DE CATETER DE LONGA PERMANÊNCIA P/ HEMODIALISE;1;25486
2023;6;BPA-C;Média complexidade;9778136 - CEO - Asa Norte;0414020057 - CORREÇÃO DE IRREGULARIDADES DE REBORDO ALVEOLAR;1;23718
2023;3;Eletivo;Média complexidade;0010499 - HRT;0405010184 - TRATAMENTO CIRURGICO DE BLEFAROCALASE;6;22493
2023;8;BPA-C;Atenção Básica;9690719 - CEO - Sobradinho;0414020120 - EXODONTIA DE DENTE DECÍDUO;1;24351
2023;8;BPA-C;Atenção Básica;9622845 - CEO - Policlínica Taguatinga;0414020138 - EXODONTIA DE DENTE PERMANENTE;60;24321
2023;9;Eletivo;Média complexidade;6876617 - HCB;0409020036 - EXTRACAO ENDOSCOPICA DE CORPO ESTRANHO / CALCULO NA URETRA C/ CISTOSCOPIA;1;24588
2023;5;Eletivo;Alta complexidade;3224228 - Renal Care;0418020035 - RETIRADA DE CATETER TIPO TENCKHOFF / SIMILAR DE LONGA PERMANÊNCIA;1;23216
2023;11;Eletivo;Alta complexidade;3459918 - Nephron Brasília;0418010064 - IMPLANTE DE CATETER DUPLO LUMEN P/HEMODIALISE;3;25148
2023;9;Eletivo;Média complexidade;5717515 - HRSM;0414020278 - REMOÇÃO DE DENTE RETIDO (INCLUSO / IMPACTADO);148;24577
2023;3;BPA-C;Atenção Básica;9764860 - CEO - Gama;0414020138 - EXODONTIA DE DENTE PERMANENTE;12;22705
2023;11;Urgência;Média complexidade;0010529 - HRPL;0408020210 - REDUÇÃO INCRUENTA DE FRATURA DOS METACARPIANOS;1;25107
2023;11;Eletivo;Média complexidade;5717515 - HRSM;0404020623 - RETIRADA DE MATERIAL DE SÍNTESE ÓSSEA / DENTÁRIA;5;25159
2023;3;Urgência;Média complexidade;0010456 - HBDF;0404020097 - EXCISÃO E SUTURA DE LESÃO NA BOCA;29;22446
2023;11;Urgência;Atenção Básica;5717515 - HRSM;0414020138 - EXODONTIA DE DENTE PERMANENTE;4;25154
2023;5;BPA-C;Média complexidade;9764860 - CEO - Gama;0414020278 - REMOÇÃO DE DENTE RETIDO (INCLUSO / IMPACTADO);112;23371
2023;2;Eletivo;Alta complexidade;0010456 - HBDF;0418010048 - IMPLANTE DE CATETER DE LONGA PERMANÊNCIA P/ HEMODIALISE;6;22117
2023;8;Urgência;Média complexidade;5717515 - HRSM;0404020054 - DRENAGEM DE ABSCESSO DA BOCA E ANEXOS;20;24270
2023;10;Eletivo;Média complexidade;;0409040240 - VASECTOMIA;1;25001
2023;1;Eletivo;Média complexidade;0010510 - HUB;0414020073 - CURETAGEM PERIAPICAL;97;21923
2023;3;BPA-C;Média complexidade;9622918 - CEO - Taguatinga;0414020081 - ENXERTO GENGIVAL;4;22684
2023;11;Eletivo;Alta complexidade;;0418020019 - INTERVENCAO EM FISTULA ARTERIO-VENOSA;1;25289
2023;9;BPA-C;Média complexidade;9621709 - Policlínica II Taguatinga;0407010319 - TRATAMENTO ESCLEROSANTE / LIGADURA ELASTICA DE LESAO HEMORRAGICA DO APARELHO DIGESTIVO;1;24622
2023;10;BPA-C;Média complexidade;0010456 - HBDF;0404010270 - REMOCAO DE CERUMEN DE CONDUTO AUDITIVO EXTERNO UNI / BILATERAL;72;24705
2023;5;BPA-C;Atenção Básica;9690735 - CEO - Planaltina;0414020120 - EXODONTIA DE DENTE DECÍDUO;3;23350
2023;5;BPA-C;Atenção Básica;0010472 - HRG;0414020383 - TRATAMENTO DE ALVEOLITE;1;23092
2023;6;Eletivo;Média complexidade;9715797 - CEO - Guará;0404020089 - EXCISÃO DE RÂNULA OU FENÔMENO DE RETENÇÃO SALIVAR;3;23694
2023;1;Eletivo;Média complexidade;0010456 - HBDF;0405050321 - TRABECULECTOMIA;9;21850
2023;9;BPA-C;Média complexidade;9778136 - CEO - Asa Norte;0414020278 - REMOÇÃO DE DENTE RETIDO (INCLUSO / IMPACTADO);41;24689
2023;5;Eletivo;Média complexidade;9778144 - Policlínica Asa Norte;0404010318 - RETIRADA DE CORPO ESTRANHO DE OUVIDO / FARINGE / LARINGE / NARIZ;1;23393
2023;4;BPA-C;Média complexidade;9778136 - CEO - Asa Norte;0414020057 - CORREÇÃO DE IRREGULARIDADES DE REBORDO ALVEOLAR;1;23016
2023;4;BPA-C;Média complexidade;0010456 - HBDF;0405040130 - INJECAO RETROBULBAR / PERIBULBAR;1;22754
2023;2;Eletivo;Alta complexidade;0010502 - HRS;0418010048 - IMPLANTE DE CATETER DE LONGA PERMANÊNCIA P/ HEMODIALISE;2;22198
2023;3;Eletivo;Média complexidade;3055450 - CBV;0405030150 - VITRIOLISE A YAG LASER;3;22574
2023;6;Urgência;Média complexidade;7111924 - UPA Núcleo Bandeirante;0407040196 - PARACENTESE ABDOMINAL;1;23610
2023;1;BPA-C;Atenção Básica;0010499 - HRT;0413010023 - ATENDIMENTO DE URGÊNCIA EM PEQUENO QUEIMADO;2;21886
2023;8;BPA-C;Média complexidade;9621709 - Policlínica II Taguatinga;0406020140 - EXCISAO E SUTURA DE LINFANGIOMA / NEVUS;8;24314
2023;10;Eletivo;Alta complexidade;5479878 - Davita Sobradinho;0418020019 - INTERVENCAO EM FISTULA ARTERIO-VENOSA;6;24835
2023;6;BPA-C;Atenção Básica;9578560 - CEO 11 - Ceilândia;0414020138 - EXODONTIA DE DENTE PERMANENTE;6;23631
2023;3;Eletivo;Alta complexidade;2779420 - Davita NEFRO Asa Sul;0418010030 - CONFECCAO DE FISTULA ARTERIO-VENOSA P/ HEMODIALISE;6;22565
2023;11;BPA-C;Média complexidade;9778144 - Policlínica Asa Norte;0406020140 - EXCISAO E SUTURA DE LINFANGIOMA / NEVUS;17;25282
2023;6;Eletivo;Média complexidade;0010510 - HUB;0414020162 - GENGIVOPLASTIA (POR SEXTANTE);1;23504
2023;6;Urgência;Média complexidade;5717515 - HRSM;0414020219 - ODONTOSECÇÃO / RADILECTOMIA / TUNELIZAÇÃO;3;23598
2023;9;Urgência;Média complexidade;0010529 - HRPL;0408020245 - REDUÇÃO INCRUENTA DE LUXAÇÃO OU FRATURA / LUXACAO NO PUNHO;2;24520
2023;7;BPA-C;Média complexidade;0010456 - HBDF;0404010091 - DUCHA DE POLITZER (UNI / BILATERAL);6;23736
2023;9;Eletivo;Atenção Básica;5717515 - HRSM;0414020138 - EXODONTIA DE DENTE PERMANENTE;34;24563
2023;6;Eletivo;Alta complexidade;9967486 - IBRANE;0418010064 - IMPLANTE DE CATETER DUPLO LUMEN P/HEMODIALISE;3;23728
2023;9;BPA-C;Média complexidade;9578560 - CEO 11 - Ceilândia;0414020219 - ODONTOSECÇÃO / RADILECTOMIA / TUNELIZAÇÃO;18;24615
2023;3;Eletivo;Média complexidade;0010464 - HRAN;0405010184 - TRATAMENTO CIRURGICO DE BLEFAROCALASE;8;22461
2023;8;Eletivo;Alta complexidade;0010456 - HBDF;0405050372 - FACOEMULSIFICACAO C/ IMPLANTE DE LENTE INTRA-OCULAR DOBRAVEL;34;24055
2023;9;Eletivo;Média complexidade;0010510 - HUB;0404010270 - REMOCAO DE CERUMEN DE CONDUTO AUDITIVO EXTERNO UNI / BILATERAL;475;24499
2023;12;Urgência;Atenção Básica;5717515 - HRSM;0414020359 - TRATAMENTO CIRÚRGICO DE HEMORRAGIA BUCO-DENTAL;1;25452
2023;9;Eletivo;Atenção Básica;0010537 - HMIB;0414020120 - EXODONTIA DE DENTE DECÍDUO;99;24523
2023;3;BPA-C;Média complexidade;9676473 - CEO - Ceilândia I;0414020073 - CURETAGEM PERIAPICAL;19;22692
2023;10;Eletivo;Média complexidade;;0414020057 - CORREÇÃO DE IRREGULARIDADES DE REBORDO ALVEOLAR;22;25004
2023;7;Eletivo;Média complexidade;0010472 - HRG;0409070122 - DRENAGEM DE GLANDULA DE BARTHOLIN / SKENE;1;23806
2023;12;BPA-C;Média complexidade;0010456 - HBDF;0405050305 - SUTURA DE CORNEA;1;25326
2023;5;Eletivo;Média complexidade;6876617 - HCB;0409020036 - EXTRACAO ENDOSCOPICA DE CORPO ESTRANHO / CALCULO NA URETRA C/ CISTOSCOPIA;1;23268
2023;3;Urgência;Média complexidade;0010529 - HRPL;0410010014 - DRENAGEM DE ABSCESSO DE MAMA;1;22545
2023;11;BPA-C;Atenção Básica;2649527 - HAB;0414020138 - EXODONTIA DE DENTE PERMANENTE;4;25126
2023;6;Eletivo;Alta complexidade;0010499 - HRT;0418010064 - IMPLANTE DE CATETER DUPLO LUMEN P/HEMODIALISE;48;23464
2023;6;BPA-C;Média complexidade;9578560 - CEO 11 - Ceilândia;0414020219 - ODONTOSECÇÃO / RADILECTOMIA / TUNELIZAÇÃO;7;23635
2023;1;BPA-C;Média complexidade;0010456 - HBDF;0404010270 - REMOCAO DE CERUMEN DE CONDUTO AUDITIVO EXTERNO UNI / BILATERAL;57;21826
2023;11;BPA-C;Média complexidade;0010456 - HBDF;0405050291 - SUTURA DE CONJUNTIVA;1;25025
2023;11;Eletivo;Média complexidade;9414754 - Policlínica Sobradinho;0404010342 - TAMPONAMENTO NASAL ANTERIOR E/OU POSTERIOR;1;25200
2023;5;BPA-C;Média complexidade;9778136 - CEO - Asa Norte;0414020146 - EXODONTIA MÚLTIPLA COM ALVEOLOPLASTIA POR SEXTANTE;7;23384
2023;10;Eletivo;Atenção Básica;0010499 - HRT;0414020138 - EXODONTIA DE DENTE PERMANENTE;6;24769
2023;9;BPA-C;Média complexidade;0010499 - HRT;0405050259 - RETIRADA DE CORPO ESTRANHO DA CORNEA;53;24477
2023;5;BPA-C;Média complexidade;9621709 - Policlínica II Taguatinga;0406020140 - EXCISAO E SUTURA DE LINFANGIOMA / NEVUS;4;23302
2023;4;Eletivo;Alta complexidade;0010499 - HRT;0418010064 - IMPLANTE DE CATETER DUPLO LUMEN P/HEMODIALISE;31;22810
2023;8;Eletivo;Média complexidade;0010464 - HRAN;0407020136 - DRENAGEM DE ABSCESSO ANU-RETAL;1;24106
2023;6;Eletivo;Média complexidade;7929129 - Clinica de Olhos Dr João Eugenio;0405050020 - CAPSULOTOMIA A YAG LASER;9;23619
2023;4;Eletivo;Média complexidade;0010456 - HBDF;0409010170 - INSTALACAO ENDOSCOPICA DE CATETER DUPLO J;1;22775
2023;8;Urgência;Média complexidade;5717515 - HRSM;0404020097 - EXCISÃO E SUTURA DE LESÃO NA BOCA;2;24271
2023;12;Eletivo;Alta complexidade;3548104 - Centro da Visao;0405050372 - FACOEMULSIFICACAO C/ IMPLANTE DE LENTE INTRA-OCULAR DOBRAVEL;30;25443
2023;1;BPA-C;Atenção Básica;9578560 - CEO 11 - Ceilândia;0414020138 - EXODONTIA DE DENTE PERMANENTE;18;22033
2023;1;BPA-C;Média complexidade;0010456 - HBDF;0405010206 - PUNCTOPLASTIA;1;21831
2023;5;Eletivo;Média complexidade;7929129 - Clinica de Olhos Dr João Eugenio;0405050020 - CAPSULOTOMIA A YAG LASER;8;23281
2023;12;Eletivo;Alta complexidade;9967486 - IBRANE;0418010048 - IMPLANTE DE CATETER DE LONGA PERMANÊNCIA P/ HEMODIALISE;1;25571
2023;7;Urgência;Alta complexidade;0010502 - HRS;0418010048 - IMPLANTE DE CATETER DE LONGA PERMANÊNCIA P/ HEMODIALISE;1;23825
2023;7;Eletivo;Alta complexidade;0010499 - HRT;0418020035 - RETIRADA DE CATETER TIPO TENCKHOFF / SIMILAR DE LONGA PERMANÊNCIA;5;23811
2023;8;Eletivo;Média complexidade;9690719 - CEO - Sobradinho;0404020313 - RETIRADA DE CORPO ESTRANHO DOS OSSOS DA FACE;1;24362
2023;5;Eletivo;Média complexidade;0010456 - HBDF;0409010294 - NEFROSTOMIA PERCUTANEA;2;23062
2023;5;BPA-C;Média complexidade;9690719 - CEO - Sobradinho;0414020375 - TRATAMENTO CIRÚRGICO PERIODONTAL (POR SEXTANTE);2;23347
2023;5;Urgência;Atenção Básica;5717515 - HRSM;0414020120 - EXODONTIA DE DENTE DECÍDUO;3;23228
2023;9;BPA-C;Média complexidade;9772243 - CEO - Paranoá;0414020057 - CORREÇÃO DE IRREGULARIDADES DE REBORDO ALVEOLAR;1;24677
2023;8;Eletivo;Alta complexidade;7491484 - Renal Vida;0418010064 - IMPLANTE DE CATETER DUPLO LUMEN P/HEMODIALISE;2;24291
2023;1;Eletivo;Alta complexidade;0010456 - HBDF;0418010048 - IMPLANTE DE CATETER DE LONGA PERMANÊNCIA P/ HEMODIALISE;7;21819
2023;2;BPA-C;Média complexidade;9622845 - CEO - Policlínica Taguatinga;0414020073 - CURETAGEM PERIAPICAL;55;22350
2023;2;Urgência;Média complexidade;0010529 - HRPL;0408020156 - REDUÇÃO INCRUENTA DE FRATURA / LESÃO FISARIA DE COTOVELO;3;22234
2023;5;Urgência;Média complexidade;0969877 - UPA Planaltina;0407040196 - PARACENTESE ABDOMINAL;1;23190
2023;6;Eletivo;Média complexidade;0010510 - HUB;0404010318 - RETIRADA DE CORPO ESTRANHO DE OUVIDO / FARINGE / LARINGE / NARIZ;524;23491
2023;2;BPA-C;Média complexidade;9676473 - CEO - Ceilândia I;0414020278 - REMOÇÃO DE DENTE RETIDO (INCLUSO / IMPACTADO);5;22371
2023;12;Eletivo;Média complexidade;9690735 - CEO - Planaltina;0404020445 - CONTENÇÃO DE DENTES POR SPLINTAGEM;1;25544
2023;5;Eletivo;Média complexidade;5717515 - HRSM;0414020073 - CURETAGEM PERIAPICAL;103;23238
2023;4;BPA-C;Média complexidade;0010456 - HBDF;0404020488 - OSTEOTOMIA DAS FRATURAS ALVEOLO-DENTÁRIAS;1;22747
2023;2;Urgência;Média complexidade;0010529 - HRPL;0408050268 - REDUCAO INCRUENTA DE LUXACAO / FRATURA-LUXACAO DO JOELHO;3;22238
2023;8;Urgência;Média complexidade;0010529 - HRPL;0408010134 - REDUCAO INCRUENTA DE LUXAÇÃO OU FRATURA / LUXAÇÃO ESCÁPULO-UMERAL;1;24193
2023;4;Eletivo;Alta complexidade;0010499 - HRT;0418020035 - RETIRADA DE CATETER TIPO TENCKHOFF / SIMILAR DE LONGA PERMANÊNCIA;7;22812
2023;10;BPA-C;Média complexidade;9414754 - Policlínica Sobradinho;0404010270 - REMOCAO DE CERUMEN DE CONDUTO AUDITIVO EXTERNO UNI / BILATERAL;10;24880
2023;5;Eletivo;Média complexidade;0010510 - HUB;0404010318 - RETIRADA DE CORPO ESTRANHO DE OUVIDO / FARINGE / LARINGE / NARIZ;581;23139
2023;6;BPA-C;Média complexidade;7592477 - UPA Sobradinho;0415040043 - DEBRIDAMENTO DE ULCERA / NECROSE;1;23616
2023;5;BPA-C;Atenção Básica;6876617 - HCB;0414020405 - ULOTOMIA/ULECTOMIA;4;23260
2023;6;BPA-C;Média complexidade;0010456 - HBDF;0405050364 - TRATAMENTO CIRURGICO DE PTERIGIO;7;23411
2023;5;Eletivo;Média complexidade;5717515 - HRSM;0404020631 - RETIRADA DE MEIOS DE FIXAÇÃO MAXILO-MANDIBULAR;3;23234
2023;11;Eletivo;Atenção Básica;0010537 - HMIB;0414020120 - EXODONTIA DE DENTE DECÍDUO;25;25113
2023;3;BPA-C;Atenção Básica;9622918 - CEO - Taguatinga;0414020120 - EXODONTIA DE DENTE DECÍDUO;9;22679
2023;12;BPA-C;Média complexidade;0010456 - HBDF;0407010319 - TRATAMENTO ESCLEROSANTE / LIGADURA ELASTICA DE LESAO HEMORRAGICA DO APARELHO DIGESTIVO;6;25328
2023;4;BPA-C;Atenção Básica;9578560 - CEO 11 - Ceilândia;0414020138 - EXODONTIA DE DENTE PERMANENTE;13;22953
2023;11;Eletivo;Média complexidade;0010472 - HRG;0408060352 - RETIRADA DE FIO OU PINO INTRA-ÓSSEO;1;25078
2023;6;BPA-C;Atenção Básica;0011339 - FHB;0414020120 - EXODONTIA DE DENTE DECÍDUO;1;23527
2023;6;Urgência;Média complexidade;5717515 - HRSM;0414020278 - REMOÇÃO DE DENTE RETIDO (INCLUSO / IMPACTADO);12;23599
2023;5;Eletivo;Alta complexidade;3055450 - CBV;0405050372 - FACOEMULSIFICACAO C/ IMPLANTE DE LENTE INTRA-OCULAR DOBRAVEL;17;23203
2023;10;BPA-C;Atenção Básica;0010456 - HBDF;0414020120 - EXODONTIA DE DENTE DECÍDUO;3;24701
2023;2;Eletivo;Alta complexidade;0010499 - HRT;0418010080 - IMPLANTE DE CATETER TIPO TENCKHOFF OU SIMILAR P/ DPA/DPAC;8;22187
2023;6;BPA-C;Média complexidade;0010464 - HRAN;0405050259 - RETIRADA DE CORPO ESTRANHO DA CORNEA;7;23436
2023;7;Eletivo;Média complexidade;0010464 - HRAN;0409040240 - VASECTOMIA;44;23788
2023;2;BPA-C;Atenção Básica;9578560 - CEO 11 - Ceilândia;0414020138 - EXODONTIA DE DENTE PERMANENTE;26;22332
2023;4;Eletivo;Alta complexidade;0010456 - HBDF;0405050372 - FACOEMULSIFICACAO C/ IMPLANTE DE LENTE INTRA-OCULAR DOBRAVEL;25;22734
2023;1;BPA-C;Média complexidade;9622845 - CEO - Policlínica Taguatinga;0414020278 - REMOÇÃO DE DENTE RETIDO (INCLUSO / IMPACTADO);48;22056
2023;6;Eletivo;Média complexidade;0010456 - HBDF;0405020015 - CORRECAO CIRURGICA DE ESTRABISMO (ACIMA DE 2 MUSCULOS);2;23421
2023;3;Urgência;Média complexidade;0010456 - HBDF;0407040196 - PARACENTESE ABDOMINAL;2;22448
2023;2;BPA-C;Atenção Básica;0010456 - HBDF;0404010300 - RETIRADA DE CORPO ESTRANHO DA CAVIDADE AUDITIVA E NASAL;4;22120
2023;8;Urgência;Alta complexidade;0010502 - HRS;0418010048 - IMPLANTE DE CATETER DE LONGA PERMANÊNCIA P/ HEMODIALISE;4;24152
2023;9;BPA-C;Atenção Básica;9622918 - CEO - Taguatinga;0414020138 - EXODONTIA DE DENTE PERMANENTE;81;24635
2023;2;Eletivo;Média complexidade;0010510 - HUB;0405030045 - FOTOCOAGULACAO A LASER;29;22214
2023;7;Eletivo;Média complexidade;0010456 - HBDF;0405010125 - RECONSTITUICAO PARCIAL DE PALPEBRA COM TARSORRAFIA;2;23752
2023;8;Eletivo;Média complexidade;9621709 - Policlínica II Taguatinga;0404010318 - RETIRADA DE CORPO ESTRANHO DE OUVIDO / FARINGE / LARINGE / NARIZ;1;24317
2023;1;Eletivo;Média complexidade;3055450 - CBV;0405030053 - INJECAO INTRA-VITREO;34;21969
2023;4;Eletivo;Média complexidade;0010510 - HUB;0409060089 - EXCISÃO TIPO I DO COLO UTERINO;6;22837
2023;12;Eletivo;Alta complexidade;7929129 - Clinica de Olhos Dr João Eugenio;0405050372 - FACOEMULSIFICACAO C/ IMPLANTE DE LENTE INTRA-OCULAR DOBRAVEL;7;25496
2023;10;Eletivo;Média complexidade;0010464 - HRAN;0405010176 - SUTURA DE PALPEBRAS;1;24740
2023;12;BPA-C;Média complexidade;0010464 - HRAN;0409060097 - EXERESE DE POLIPO DE UTERO;5;25362
2023;8;Eletivo;Alta complexidade;9967486 - IBRANE;0418010064 - IMPLANTE DE CATETER DUPLO LUMEN P/HEMODIALISE;2;24406
2023;1;Urgência;Média complexidade;0010456 - HBDF;0404010318 - RETIRADA DE CORPO ESTRANHO DE OUVIDO / FARINGE / LARINGE / NARIZ;16;21856
2023;8;BPA-C;Média complexidade;9622918 - CEO - Taguatinga;0414020057 - CORREÇÃO DE IRREGULARIDADES DE REBORDO ALVEOLAR;45;24336
2023;8;Eletivo;Alta complexidade;7494424 - Ultramed;0418010064 - IMPLANTE DE CATETER DUPLO LUMEN P/HEMODIALISE;1;24293
2023;4;Eletivo;Alta complexidade;5479878 - Davita Sobradinho;0418010013 - CONFECCAO DE FISTULA ARTERIO-VENOSA C/ ENXERTIA DE POLITETRAFLUORETILENO (PTFE);3;22896
2023;8;BPA-C;Média complexidade;9690735 - CEO - Planaltina;0414020375 - TRATAMENTO CIRÚRGICO PERIODONTAL (POR SEXTANTE);1;24368
2023;5;Eletivo;Média complexidade;9621709 - Policlínica II Taguatinga;0407010254 - RETIRADA DE POLIPO DO TUBO DIGESTIVO POR ENDOSCOPIA;8;23306
2023;6;BPA-C;Média complexidade;9676473 - CEO - Ceilândia I;0414020073 - CURETAGEM PERIAPICAL;15;23665
2023;7;BPA-C;Média complexidade;0010456 - HBDF;0404020577 - REDUÇÃO DE FRATURA ALVEOLO-DENTÁRIA SEM OSTEOSSÍNTESE;1;23740
2023;8;BPA-C;Média complexidade;9505709 - Policlínica Planaltina;0409060097 - EXERESE DE POLIPO DE UTERO;1;24303
2023;11;Urgência;Média complexidade;0010529 - HRPL;0408050250 - REDUCAO INCRUENTA DE FRATURA OU LESAO FISARIA DO JOELHO;1;25110
2023;9;BPA-C;Média complexidade;9622918 - CEO - Taguatinga;0414020278 - REMOÇÃO DE DENTE RETIDO (INCLUSO / IMPACTADO);66;24643
2023;2;BPA-C;Média complexidade;0010464 - HRAN;0406020140 - EXCISAO E SUTURA DE LINFANGIOMA / NEVUS;2;22159
2023;5;BPA-C;Média complexidade;9764860 - CEO - Gama;0414020073 - CURETAGEM PERIAPICAL;48;23367
2023;1;BPA-C;Média complexidade;9715797 - CEO - Guará;0414020073 - CURETAGEM PERIAPICAL;16;22090
2023;2;Eletivo;Alta complexidade;5479878 - Davita Sobradinho;0418020019 - INTERVENCAO EM FISTULA ARTERIO-VENOSA;2;22282
2023;2;Eletivo;Alta complexidade;0010464 - HRAN;0413010031 - CURATIVO EM GRANDE QUEIMADO;56;22151
2023;12;Eletivo;Média complexidade;;0404010270 - REMOCAO DE CERUMEN DE CONDUTO AUDITIVO EXTERNO UNI / BILATERAL;273;25581
2023;1;Eletivo;Média complexidade;5717515 - HRSM;0414020219 - ODONTOSECÇÃO / RADILECTOMIA / TUNELIZAÇÃO;22;22002
2023;7;Eletivo;Média complexidade;0010510 - HUB;0414020073 - CURETAGEM PERIAPICAL;36;23850
2023;8;BPA-C;Média complexidade;0010456 - HBDF;0414020219 - ODONTOSECÇÃO / RADILECTOMIA / TUNELIZAÇÃO;3;24074
2023;7;Eletivo;Média complexidade;0010456 - HBDF;0405050151 - IMPLANTE SECUNDARIO DE LENTE INTRA-OCULAR - LIO;1;23758
2023;9;BPA-C;Média complexidade;9578560 - CEO 11 - Ceilândia;0414020065 - CORREÇÃO DE TUBEROSIDADE DO MAXILAR;11;24614
2023;5;Urgência;Média complexidade;0010529 - HRPL;0408010134 - REDUCAO INCRUENTA DE LUXAÇÃO OU FRATURA / LUXAÇÃO ESCÁPULO-UMERAL;2;23161
2023;8;Eletivo;Média complexidade;0010464 - HRAN;0413010058 - CURATIVO EM PEQUENO QUEIMADO;236;24113
2023;3;BPA-C;Média complexidade;9578536 - Policlínica Brazlândia;0404010270 - REMOCAO DE CERUMEN DE CONDUTO AUDITIVO EXTERNO UNI / BILATERAL;5;22648
2023;10;BPA-C;Média complexidade;9622845 - CEO - Policlínica Taguatinga;0414020073 - CURETAGEM PERIAPICAL;30;24909
2023;8;Eletivo;Média complexidade;0010510 - HUB;0404020038 - CORREÇÃO CIRÚRGICA DE FÍSTULA ORO-NASAL / ORO-SINUSAL;1;24173
2023;12;BPA-C;Média complexidade;9772243 - CEO - Paranoá;0414020162 - GENGIVOPLASTIA (POR SEXTANTE);1;25556
2023;5;BPA-C;Média complexidade;0010456 - HBDF;0405050259 - RETIRADA DE CORPO ESTRANHO DA CORNEA;17;23041
2023;9;BPA-C;Média complexidade;9414754 - Policlínica Sobradinho;0405050364 - TRATAMENTO CIRURGICO DE PTERIGIO;3;24602
2023;12;BPA-C;Média complexidade;9621709 - Policlínica II Taguatinga;0406020140 - EXCISAO E SUTURA DE LINFANGIOMA / NEVUS;5;25513
2023;1;BPA-C;Média complexidade;9578536 - Policlínica Brazlândia;0404010270 - REMOCAO DE CERUMEN DE CONDUTO AUDITIVO EXTERNO UNI / BILATERAL;4;22031
2023;12;BPA-C;Atenção Básica;9715797 - CEO - Guará;0414020138 - EXODONTIA DE DENTE PERMANENTE;10;25546
2023;1;BPA-C;Média complexidade;0010472 - HRG;0405050364 - TRATAMENTO CIRURGICO DE PTERIGIO;22;21879
2023;5;Eletivo;Média complexidade;9622845 - CEO - Policlínica Taguatinga;0404020089 - EXCISÃO DE RÂNULA OU FENÔMENO DE RETENÇÃO SALIVAR;1;23319
2023;3;BPA-C;Média complexidade;9778136 - CEO - Asa Norte;0414020219 - ODONTOSECÇÃO / RADILECTOMIA / TUNELIZAÇÃO;4;22727
2023;11;BPA-C;Média complexidade;9690719 - CEO - Sobradinho;0414020278 - REMOÇÃO DE DENTE RETIDO (INCLUSO / IMPACTADO);66;25243
2023;1;Eletivo;Alta complexidade;0010499 - HRT;0418010030 - CONFECCAO DE FISTULA ARTERIO-VENOSA P/ HEMODIALISE;19;21883
2023;4;Eletivo;Média complexidade;0010510 - HUB;0414020073 - CURETAGEM PERIAPICAL;84;22840
2023;12;Eletivo;Média complexidade;;0405050305 - SUTURA DE CORNEA;1;25587
2023;4;BPA-C;Atenção Básica;9676473 - CEO - Ceilândia I;0414020138 - EXODONTIA DE DENTE PERMANENTE;29;22986
2023;2;Eletivo;Média complexidade;0010510 - HUB;0414020375 - TRATAMENTO CIRÚRGICO PERIODONTAL (POR SEXTANTE);4;22230
2023;11;Eletivo;Média complexidade;5717515 - HRSM;0414020057 - CORREÇÃO DE IRREGULARIDADES DE REBORDO ALVEOLAR;30;25162
2023;1;BPA-C;Atenção Básica;9578560 - CEO 11 - Ceilândia;0414020405 - ULOTOMIA/ULECTOMIA;1;22034
2023;12;BPA-C;Média complexidade;0010529 - HRPL;0415040043 - DEBRIDAMENTO DE ULCERA / NECROSE;7;25395
2023;6;Eletivo;Média complexidade;5717515 - HRSM;0414010388 - TRATAMENTO CIRÚRGICO DE FÍSTULA INTRA / EXTRAORAL;1;23583
2023;4;Urgência;Média complexidade;0010456 - HBDF;0404020097 - EXCISÃO E SUTURA DE LESÃO NA BOCA;3;22780
2023;5;BPA-C;Média complexidade;9764860 - CEO - Gama;0414020154 - GENGIVECTOMIA (POR SEXTANTE);2;23368
2023;7;Eletivo;Alta complexidade;0010464 - HRAN;0413010031 - CURATIVO EM GRANDE QUEIMADO;64;23767
2023;3;Eletivo;Média complexidade;0010472 - HRG;0408060352 - RETIRADA DE FIO OU PINO INTRA-ÓSSEO;1;22481
2023;8;Eletivo;Alta complexidade;0010510 - HUB;0418010080 - IMPLANTE DE CATETER TIPO TENCKHOFF OU SIMILAR P/ DPA/DPAC;2;24163
2023;11;Eletivo;Média complexidade;0010499 - HRT;0405010184 - TRATAMENTO CIRURGICO DE BLEFAROCALASE;1;25086
2023;3;Eletivo;Média complexidade;0010456 - HBDF;0405010079 - EXERESE DE CALAZIO E OUTRAS PEQUENAS LESOES DA PALPEBRA E SUPERCILIOS;1;22431
2023;5;BPA-C;Média complexidade;9622845 - CEO - Policlínica Taguatinga;0414020057 - CORREÇÃO DE IRREGULARIDADES DE REBORDO ALVEOLAR;1;23312
2023;2;BPA-C;Atenção Básica;9676473 - CEO - Ceilândia I;0414020138 - EXODONTIA DE DENTE PERMANENTE;3;22368
2023;2;Eletivo;Média complexidade;5717515 - HRSM;0414010345 - EXCISÃO DE CÁLCULO DE GLÂNDULA SALIVAR;2;22295
2023;10;BPA-C;Média complexidade;9622845 - CEO - Policlínica Taguatinga;0414020154 - GENGIVECTOMIA (POR SEXTANTE);1;24910
2023;10;Eletivo;Média complexidade;3055450 - CBV;0405030096 - SUTURA DE ESCLERA;52;24817
2023;6;Urgência;Média complexidade;5717515 - HRSM;0404020054 - DRENAGEM DE ABSCESSO DA BOCA E ANEXOS;4;23592
2023;5;BPA-C;Média complexidade;9621709 - Policlínica II Taguatinga;0409060097 - EXERESE DE POLIPO DE UTERO;1;23303
2023;10;BPA-C;Média complexidade;0010499 - HRT;0405010060 - EPILACAO DE CILIOS;3;24771
2023;3;BPA-C;Média complexidade;9516212 - Policlínica Paranoá;0409060097 - EXERESE DE POLIPO DE UTERO;1;22644
2023;11;BPA-C;Média complexidade;9414754 - Policlínica Sobradinho;0404010270 - REMOCAO DE CERUMEN DE CONDUTO AUDITIVO EXTERNO UNI / BILATERAL;7;25198
2023;9;BPA-C;Média complexidade;0010456 - HBDF;0405010168 - SONDAGEM DE VIAS LACRIMAIS;1;24416
2023;1;BPA-C;Média complexidade;9578560 - CEO 11 - Ceilândia;0414010361 - EXERESE DE CISTO ODONTOGÊNICO E NÃO-ODONTOGÊNICO;1;22036
2023;1;BPA-C;Média complexidade;0010472 - HRG;0404020615 - REDUÇÃO DE LUXAÇÃO TÊMPORO-MANDIBULAR;1;21878
2023;7;Eletivo;Média complexidade;3055450 - CBV;0405030223 - REMOÇÃO DE ÓLEO DE SILICONE;11;23901
2023;9;Eletivo;Média complexidade;0010537 - HMIB;0404020054 - DRENAGEM DE ABSCESSO DA BOCA E ANEXOS;2;24527
2023;10;Eletivo;Média complexidade;6876617 - HCB;0409020036 - EXTRACAO ENDOSCOPICA DE CORPO ESTRANHO / CALCULO NA URETRA C/ CISTOSCOPIA;3;24870
2023;1;Eletivo;Alta complexidade;0010510 - HUB;0418010080 - IMPLANTE DE CATETER TIPO TENCKHOFF OU SIMILAR P/ DPA/DPAC;3;21911
2023;2;BPA-C;Média complexidade;9621709 - Policlínica II Taguatinga;0404010270 - REMOCAO DE CERUMEN DE CONDUTO AUDITIVO EXTERNO UNI / BILATERAL;131;22342
2023;10;BPA-C;Atenção Básica;9690719 - CEO - Sobradinho;0414020138 - EXODONTIA DE DENTE PERMANENTE;3;24933
2023;5;BPA-C;Média complexidade;0010456 - HBDF;0404010270 - REMOCAO DE CERUMEN DE CONDUTO AUDITIVO EXTERNO UNI / BILATERAL;63;23035
2023;5;BPA-C;Média complexidade;9676473 - CEO - Ceilândia I;0414020073 - CURETAGEM PERIAPICAL;25;23334
2023;10;BPA-C;Média complexidade;0010456 - HBDF;0404010091 - DUCHA DE POLITZER (UNI / BILATERAL);1;24704
2023;6;Eletivo;Alta complexidade;9967486 - IBRANE;0418010048 - IMPLANTE DE CATETER DE LONGA PERMANÊNCIA P/ HEMODIALISE;2;23727
2023;12;Eletivo;Alta complexidade;;0418010080 - IMPLANTE DE CATETER TIPO TENCKHOFF OU SIMILAR P/ DPA/DPAC;2;25575
2023;3;BPA-C;Média complexidade;0010502 - HRS;0415040043 - DEBRIDAMENTO DE ULCERA / NECROSE;2;22509
2023;8;BPA-C;Média complexidade;9715797 - CEO - Guará;0414020278 - REMOÇÃO DE DENTE RETIDO (INCLUSO / IMPACTADO);47;24374
2023;5;BPA-C;Média complexidade;9778136 - CEO - Asa Norte;0414020278 - REMOÇÃO DE DENTE RETIDO (INCLUSO / IMPACTADO);66;23389
2023;4;Eletivo;Alta complexidade;3459918 - Nephron Brasília;0418010064 - IMPLANTE DE CATETER DUPLO LUMEN P/HEMODIALISE;1;22894
2023;8;BPA-C;Atenção Básica;9622845 - CEO - Policlínica Taguatinga;0414020405 - ULOTOMIA/ULECTOMIA;2;24322
2023;3;Eletivo;Atenção Básica;5717515 - HRSM;0414020383 - TRATAMENTO DE ALVEOLITE;1;22594
2023;8;Eletivo;Alta complexidade;0010502 - HRS;0418020035 - RETIRADA DE CATETER TIPO TENCKHOFF / SIMILAR DE LONGA PERMANÊNCIA;1;24150
2023;1;Eletivo;Média complexidade;0010464 - HRAN;0409070165 - EXTIRPACAO DE LESAO DE VULVA / PERINEO (POR ELETROCOAGULACAO OU FULGURACAO);1;21872
2023;3;Eletivo;Média complexidade;3055450 - CBV;0405050305 - SUTURA DE CORNEA;39;22580
2023;1;BPA-C;Média complexidade;0010529 - HRPL;0415040043 - DEBRIDAMENTO DE ULCERA / NECROSE;6;21933
2023;11;Eletivo;Média complexidade;0010472 - HRG;0408050241 - REDUCAO INCRUENTA DE FRATURA DOS OSSOS DO TARSO;1;25076
2023;12;Urgência;Média complexidade;5717515 - HRSM;0404020097 - EXCISÃO E SUTURA DE LESÃO NA BOCA;4;25469
2023;4;Eletivo;Média complexidade;3055450 - CBV;0405030096 - SUTURA DE ESCLERA;24;22881
2023;6;BPA-C;Média complexidade;0010456 - HBDF;0404010091 - DUCHA DE POLITZER (UNI / BILATERAL);1;23403
2023;8;BPA-C;Média complexidade;9690719 - CEO - Sobradinho;0414020375 - TRATAMENTO CIRÚRGICO PERIODONTAL (POR SEXTANTE);2;24359
2023;2;Eletivo;Média complexidade;5717515 - HRSM;0404020054 - DRENAGEM DE ABSCESSO DA BOCA E ANEXOS;1;22291
2023;3;Eletivo;Atenção Básica;5717515 - HRSM;0414020138 - EXODONTIA DE DENTE PERMANENTE;42;22593
2023;3;BPA-C;Média complexidade;0010464 - HRAN;0406020140 - EXCISAO E SUTURA DE LINFANGIOMA / NEVUS;3;22457
2023;2;Eletivo;Média complexidade;0010510 - HUB;0414020073 - CURETAGEM PERIAPICAL;13;22227
2023;5;BPA-C;Média complexidade;9578560 - CEO 11 - Ceilândia;0414020022 - APICECTOMIA COM OU SEM OBTURAÇÃO RETRÓGRADA;1;23293
2023;1;Eletivo;Alta complexidade;2779420 - Davita NEFRO Asa Sul;0418010030 - CONFECCAO DE FISTULA ARTERIO-VENOSA P/ HEMODIALISE;1;21963
2023;8;Eletivo;Média complexidade;5717515 - HRSM;0414020219 - ODONTOSECÇÃO / RADILECTOMIA / TUNELIZAÇÃO;50;24266
2023;5;Eletivo;Média complexidade;0010510 - HUB;0410010030 - EXERESE DE MAMA SUPRANUMERARIA;1;23153
2023;3;Eletivo;Média complexidade;5717515 - HRSM;0404020097 - EXCISÃO E SUTURA DE LESÃO NA BOCA;8;22599
2023;4;BPA-C;Média complexidade;0010456 - HBDF;0407010327 - TRATAMENTO ESCLEROSANTE DE LESOES NAO HEMORRAGICAS DO APARELHO DIGESTIVO INCLUINDO LIGADURA ELASTICA;1;22759
2023;6;Eletivo;Média complexidade;2779366 - Oftalmed Matriz;0405050020 - CAPSULOTOMIA A YAG LASER;4;23540
2023;4;Eletivo;Média complexidade;9778136 - CEO - Asa Norte;0404020097 - EXCISÃO E SUTURA DE LESÃO NA BOCA;1;23021
2023;8;Eletivo;Média complexidade;9690719 - CEO - Sobradinho;0404020054 - DRENAGEM DE ABSCESSO DA BOCA E ANEXOS;1;24360
2023;1;Eletivo;Média complexidade;0010510 - HUB;0405050020 - CAPSULOTOMIA A YAG LASER;20;21918
2023;2;Urgência;Média complexidade;0010456 - HBDF;0404010318 - RETIRADA DE CORPO ESTRANHO DE OUVIDO / FARINGE / LARINGE / NARIZ;22;22148
2023;5;BPA-C;Média complexidade;9622918 - CEO - Taguatinga;0414020065 - CORREÇÃO DE TUBEROSIDADE DO MAXILAR;11;23326
2023;12;Eletivo;Média complexidade;2645157 - HRL;0408060352 - RETIRADA DE FIO OU PINO INTRA-ÓSSEO;1;25421
2023;3;BPA-C;Média complexidade;9676473 - CEO - Ceilândia I;0414020219 - ODONTOSECÇÃO / RADILECTOMIA / TUNELIZAÇÃO;8;22693
2023;3;Eletivo;Alta complexidade;3224228 - Renal Care;0418010080 - IMPLANTE DE CATETER TIPO TENCKHOFF OU SIMILAR P/ DPA/DPAC;2;22583
2023;8;Urgência;Média complexidade;0010529 - HRPL;0408020229 - REDUÇÃO INCRUENTA DE LUXAÇÃO / FRATURA-LUXAÇÃO DO COTOVELO;2;24196
2023;5;Eletivo;Média complexidade;0010499 - HRT;0409070122 - DRENAGEM DE GLANDULA DE BARTHOLIN / SKENE;1;23118
2023;7;BPA-C;Média complexidade;0010502 - HRS;0414010345 - EXCISÃO DE CÁLCULO DE GLÂNDULA SALIVAR;2;23828
2023;2;Eletivo;Média complexidade;0010464 - HRAN;0404010342 - TAMPONAMENTO NASAL ANTERIOR E/OU POSTERIOR;2;22161
2023;1;Urgência;Média complexidade;0010529 - HRPL;0409070122 - DRENAGEM DE GLANDULA DE BARTHOLIN / SKENE;5;21942
2023;3;Eletivo;Alta complexidade;3224228 - Renal Care;0418010030 - CONFECCAO DE FISTULA ARTERIO-VENOSA P/ HEMODIALISE;1;22581
2023;11;Eletivo;Média complexidade;;0414020367 - TRATAMENTO CIRÚRGICO PARA TRACIONAMENTO DENTAL;1;25310
2023;7;BPA-C;Média complexidade;9622918 - CEO - Taguatinga;0414020030 - APROFUNDAMENTO DE VESTÍBULO ORAL (POR SEXTANTE);1;23995
2023;7;Eletivo;Média complexidade;0010499 - HRT;0404010318 - RETIRADA DE CORPO ESTRANHO DE OUVIDO / FARINGE / LARINGE / NARIZ;1;23818
2023;8;Eletivo;Média complexidade;0010510 - HUB;0405010184 - TRATAMENTO CIRURGICO DE BLEFAROCALASE;18;24174
2023;6;Urgência;Média complexidade;0010529 - HRPL;0408020229 - REDUÇÃO INCRUENTA DE LUXAÇÃO / FRATURA-LUXAÇÃO DO COTOVELO;1;23515
2023;2;BPA-C;Atenção Básica;0010499 - HRT;0414020120 - EXODONTIA DE DENTE DECÍDUO;1;22189
2023;7;Eletivo;Média complexidade;3055450 - CBV;0405030134 - VITRECTOMIA ANTERIOR;38;23898
2023;8;Urgência;Média complexidade;5717515 - HRSM;0404020623 - RETIRADA DE MATERIAL DE SÍNTESE ÓSSEA / DENTÁRIA;1;24273
2023;10;BPA-C;Média complexidade;0010499 - HRT;0409060097 - EXERESE DE POLIPO DE UTERO;1;24775
2023;11;BPA-C;Média complexidade;9578560 - CEO 11 - Ceilândia;0414020146 - EXODONTIA MÚLTIPLA COM ALVEOLOPLASTIA POR SEXTANTE;1;25211
2023;4;BPA-C;Média complexidade;9772243 - CEO - Paranoá;0414020219 - ODONTOSECÇÃO / RADILECTOMIA / TUNELIZAÇÃO;9;23011
2023;7;BPA-C;Média complexidade;0010456 - HBDF;0414010345 - EXCISÃO DE CÁLCULO DE GLÂNDULA SALIVAR;1;23744
2023;9;BPA-C;Média complexidade;9578501 - Policlínica II Ceilândia;0407010327 - TRATAMENTO ESCLEROSANTE DE LESOES NAO HEMORRAGICAS DO APARELHO DIGESTIVO INCLUINDO LIGADURA ELASTICA;1;24609
2023;12;Eletivo;Média complexidade;0010472 - HRG;0408050241 - REDUCAO INCRUENTA DE FRATURA DOS OSSOS DO TARSO;1;25380
2023;9;BPA-C;Média complexidade;0010502 - HRS;0406020140 - EXCISAO E SUTURA DE LINFANGIOMA / NEVUS;2;24487
2023;10;Eletivo;Atenção Básica;0010537 - HMIB;0414020120 - EXODONTIA DE DENTE DECÍDUO;74;24791
2023;11;BPA-C;Média complexidade;6876617 - HCB;0407010319 - TRATAMENTO ESCLEROSANTE / LIGADURA ELASTICA DE LESAO HEMORRAGICA DO APARELHO DIGESTIVO;5;25179
2023;4;Eletivo;Média complexidade;0010456 - HBDF;0405050100 - FACECTOMIA S/ IMPLANTE DE LENTE INTRA-OCULAR;1;22770
2023;4;Urgência;Média complexidade;5717515 - HRSM;0404020577 - REDUÇÃO DE FRATURA ALVEOLO-DENTÁRIA SEM OSTEOSSÍNTESE;1;22926
2023;5;Eletivo;Média complexidade;5717515 - HRSM;0414020375 - TRATAMENTO CIRÚRGICO PERIODONTAL (POR SEXTANTE);1;23245
2023;9;BPA-C;Atenção Básica;0010464 - HRAN;0413010023 - ATENDIMENTO DE URGÊNCIA EM PEQUENO QUEIMADO;24;24440
2023;3;Eletivo;Média complexidade;3055450 - CBV;0405050119 - FACOEMULSIFICACAO C/ IMPLANTE DE LENTE INTRA-OCULAR RIGIDA;11;22578
2023;8;BPA-C;Média complexidade;0010499 - HRT;0410010030 - EXERESE DE MAMA SUPRANUMERARIA;1;24142
2023;5;Eletivo;Média complexidade;0010510 - HUB;0405030045 - FOTOCOAGULACAO A LASER;1;23142
2023;10;Urgência;Média complexidade;5717515 - HRSM;0404020097 - EXCISÃO E SUTURA DE LESÃO NA BOCA;1;24859
2023;3;Urgência;Média complexidade;0010456 - HBDF;0404010342 - TAMPONAMENTO NASAL ANTERIOR E/OU POSTERIOR;4;22444
2023;9;BPA-C;Atenção Básica;0010456 - HBDF;0414020138 - EXODONTIA DE DENTE PERMANENTE;54;24410
2023;8;Eletivo;Média complexidade;6876617 - HCB;0406020620 - RETIRADA DE CATETER DE LONGA PERMANÊNCIA SEMI OU TOTALMENTE IMPLANTÁVEL;3;24287
2023;4;BPA-C;Média complexidade;9715797 - CEO - Guará;0414020057 - CORREÇÃO DE IRREGULARIDADES DE REBORDO ALVEOLAR;2;22994
2023;12;BPA-C;Média complexidade;9772243 - CEO - Paranoá;0414020375 - TRATAMENTO CIRÚRGICO PERIODONTAL (POR SEXTANTE);3;25559
2023;9;Eletivo;Média complexidade;0010464 - HRAN;0404010318 - RETIRADA DE CORPO ESTRANHO DE OUVIDO / FARINGE / LARINGE / NARIZ;2;24447
2023;3;Eletivo;Alta complexidade;7929129 - Clinica de Olhos Dr João Eugenio;0405050372 - FACOEMULSIFICACAO C/ IMPLANTE DE LENTE INTRA-OCULAR DOBRAVEL;28;22639
2023;1;Eletivo;Média complexidade;0010537 - HMIB;0414020294 - REMOÇÃO DE TORUS E EXOSTOSES;1;21952
2023;3;Eletivo;Alta complexidade;9967486 - IBRANE;0418010048 - IMPLANTE DE CATETER DE LONGA PERMANÊNCIA P/ HEMODIALISE;1;22732
2023;5;Eletivo;Média complexidade;0010464 - HRAN;0409050083 - POSTECTOMIA;17;23086
2023;4;BPA-C;Média complexidade;9578560 - CEO 11 - Ceilândia;0414020219 - ODONTOSECÇÃO / RADILECTOMIA / TUNELIZAÇÃO;6;22957
2023;9;Eletivo;Atenção Básica;0010537 - HMIB;0414020138 - EXODONTIA DE DENTE PERMANENTE;3;24524
2023;6;BPA-C;Atenção Básica;9772243 - CEO - Paranoá;0414020138 - EXODONTIA DE DENTE PERMANENTE;6;23710
2023;9;BPA-C;Média complexidade;9578536 - Policlínica Brazlândia;0406020140 - EXCISAO E SUTURA DE LINFANGIOMA / NEVUS;3;24610
2023;5;Eletivo;Alta complexidade;0010502 - HRS;0418020035 - RETIRADA DE CATETER TIPO TENCKHOFF / SIMILAR DE LONGA PERMANÊNCIA;1;23122
2023;1;Eletivo;Média complexidade;0010456 - HBDF;0405050151 - IMPLANTE SECUNDARIO DE LENTE INTRA-OCULAR - LIO;1;21849
2023;9;Eletivo;Atenção Básica;0010499 - HRT;0414020138 - EXODONTIA DE DENTE PERMANENTE;2;24476
2023;11;Eletivo;Média complexidade;3055450 - CBV;0405050119 - FACOEMULSIFICACAO C/ IMPLANTE DE LENTE INTRA-OCULAR RIGIDA;23;25141
2023;11;BPA-C;Média complexidade;0010464 - HRAN;0405050259 - RETIRADA DE CORPO ESTRANHO DA CORNEA;5;25053
2023;5;Eletivo;Média complexidade;0010464 - HRAN;0409070165 - EXTIRPACAO DE LESAO DE VULVA / PERINEO (POR ELETROCOAGULACAO OU FULGURACAO);1;23088
2023;1;Urgência;Média complexidade;5717515 - HRSM;0414020073 - CURETAGEM PERIAPICAL;11;22012
2023;2;BPA-C;Média complexidade;0010464 - HRAN;0405010044 - DRENAGEM DE ABSCESSO DE PALPEBRA;1;22155
2023;3;Eletivo;Média complexidade;0010472 - HRG;0408050241 - REDUCAO INCRUENTA DE FRATURA DOS OSSOS DO TARSO;1;22479
2023;11;BPA-C;Atenção Básica;9676473 - CEO - Ceilândia I;0414020138 - EXODONTIA DE DENTE PERMANENTE;16;25236
2023;11;BPA-C;Atenção Básica;0010472 - HRG;0414020138 - EXODONTIA DE DENTE PERMANENTE;8;25067
2023;9;BPA-C;Média complexidade;9715797 - CEO - Guará;0414020375 - TRATAMENTO CIRÚRGICO PERIODONTAL (POR SEXTANTE);10;24665
2023;5;Eletivo;Média complexidade;0010472 - HRG;0408010126 - REDUCAO INCRUENTA DE FRATURA E FRATURA-LUXACAO AO NIVEL DA CINTURA ESCAPULAR;1;23100
2023;4;BPA-C;Média complexidade;9676473 - CEO - Ceilândia I;0414020219 - ODONTOSECÇÃO / RADILECTOMIA / TUNELIZAÇÃO;7;22988
2023;8;Eletivo;Alta complexidade;7494424 - Ultramed;0418020035 - RETIRADA DE CATETER TIPO TENCKHOFF / SIMILAR DE LONGA PERMANÊNCIA;1;24294
2023;4;BPA-C;Atenção Básica;9622845 - CEO - Policlínica Taguatinga;0414020120 - EXODONTIA DE DENTE DECÍDUO;9;22965
2023;10;BPA-C;Média complexidade;0010529 - HRPL;0415040043 - DEBRIDAMENTO DE ULCERA / NECROSE;7;24786
2023;7;Urgência;Atenção Básica;5717515 - HRSM;0414020383 - TRATAMENTO DE ALVEOLITE;1;23923
2023;9;Eletivo;Média complexidade;0010456 - HBDF;0404020097 - EXCISÃO E SUTURA DE LESÃO NA BOCA;1;24427
2023;7;BPA-C;Média complexidade;9578501 - Policlínica II Ceilândia;0415040043 - DEBRIDAMENTO DE ULCERA / NECROSE;1;23968
2023;3;Eletivo;Média complexidade;0010510 - HUB;0409060089 - EXCISÃO TIPO I DO COLO UTERINO;8;22527
2023;1;BPA-C;Atenção Básica;0010472 - HRG;0414020359 - TRATAMENTO CIRÚRGICO DE HEMORRAGIA BUCO-DENTAL;1;21877
2023;9;Urgência;Média complexidade;0010502 - HRS;0409020036 - EXTRACAO ENDOSCOPICA DE CORPO ESTRANHO / CALCULO NA URETRA C/ CISTOSCOPIA;1;24491
2023;9;Urgência;Média complexidade;5717515 - HRSM;0408020245 - REDUÇÃO INCRUENTA DE LUXAÇÃO OU FRATURA / LUXACAO NO PUNHO;1;24582
2023;7;Eletivo;Alta complexidade;7491484 - Renal Vida;0418010048 - IMPLANTE DE CATETER DE LONGA PERMANÊNCIA P/ HEMODIALISE;1;23953
2023;8;BPA-C;Média complexidade;0010456 - HBDF;0404020445 - CONTENÇÃO DE DENTES POR SPLINTAGEM;7;24064
2023;12;BPA-C;Média complexidade;9578560 - CEO 11 - Ceilândia;0414020219 - ODONTOSECÇÃO / RADILECTOMIA / TUNELIZAÇÃO;10;25508
2023;7;BPA-C;Média complexidade;0010456 - HBDF;0404010270 - REMOCAO DE CERUMEN DE CONDUTO AUDITIVO EXTERNO UNI / BILATERAL;24;23738
2023;9;Eletivo;Alta complexidade;0010510 - HUB;0418010030 - CONFECCAO DE FISTULA ARTERIO-VENOSA P/ HEMODIALISE;5;24493
2023;3;Eletivo;Média complexidade;0010510 - HUB;0409040240 - VASECTOMIA;1;22525
2023;9;Eletivo;Média complexidade;5598575 - Policlínica Gama;0404010318 - RETIRADA DE CORPO ESTRANHO DE OUVIDO / FARINGE / LARINGE / NARIZ;1;24561
2023;8;BPA-C;Atenção Básica;0011339 - FHB;0414020120 - EXODONTIA DE DENTE DECÍDUO;1;24210
2023;1;BPA-C;Atenção Básica;0010456 - HBDF;0414020120 - EXODONTIA DE DENTE DECÍDUO;3;21823
2023;9;Eletivo;Média complexidade;9715797 - CEO - Guará;0404020054 - DRENAGEM DE ABSCESSO DA BOCA E ANEXOS;1;24666
2023;7;BPA-C;Atenção Básica;9715797 - CEO - Guará;0414020120 - EXODONTIA DE DENTE DECÍDUO;1;24024
2023;11;Eletivo;Alta complexidade;0010499 - HRT;0418020035 - RETIRADA DE CATETER TIPO TENCKHOFF / SIMILAR DE LONGA PERMANÊNCIA;3;25083
2023;5;BPA-C;Média complexidade;9622845 - CEO - Policlínica Taguatinga;0414020278 - REMOÇÃO DE DENTE RETIDO (INCLUSO / IMPACTADO);32;23316
2023;3;Eletivo;Média complexidade;0010464 - HRAN;0405030053 - INJECAO INTRA-VITREO;6;22462
2023;11;BPA-C;Média complexidade;9620311 - Policlínica Guará I;0404010270 - REMOCAO DE CERUMEN DE CONDUTO AUDITIVO EXTERNO UNI / BILATERAL;45;25214
2023;9;Eletivo;Alta complexidade;5479878 - Davita Sobradinho;0418010048 - IMPLANTE DE CATETER DE LONGA PERMANÊNCIA P/ HEMODIALISE;1;24557
2023;6;Eletivo;Média complexidade;3548104 - Centro da Visao;0405050020 - CAPSULOTOMIA A YAG LASER;5;23566
2023;2;BPA-C;Média complexidade;9772243 - CEO - Paranoá;0414020219 - ODONTOSECÇÃO / RADILECTOMIA / TUNELIZAÇÃO;6;22392
2023;11;BPA-C;Atenção Básica;9778136 - CEO - Asa Norte;0414020138 - EXODONTIA DE DENTE PERMANENTE;22;25274
2023;2;BPA-C;Atenção Básica;9622918 - CEO - Taguatinga;0414020120 - EXODONTIA DE DENTE DECÍDUO;3;22358
2023;7;Eletivo;Média complexidade;9715797 - CEO - Guará;0404020097 - EXCISÃO E SUTURA DE LESÃO NA BOCA;5;24030
2023;5;Eletivo;Alta complexidade;2779420 - Davita NEFRO Asa Sul;0418020019 - INTERVENCAO EM FISTULA ARTERIO-VENOSA;3;23200
2023;3;BPA-C;Média complexidade;0010456 - HBDF;0405010168 - SONDAGEM DE VIAS LACRIMAIS;1;22418
2023;7;Eletivo;Alta complexidade;5479878 - Davita Sobradinho;0418010030 - CONFECCAO DE FISTULA ARTERIO-VENOSA P/ HEMODIALISE;1;23913
2023;5;Urgência;Média complexidade;5717515 - HRSM;0404020623 - RETIRADA DE MATERIAL DE SÍNTESE ÓSSEA / DENTÁRIA;2;23249
2023;12;Eletivo;Média complexidade;0010456 - HBDF;0408050250 - REDUCAO INCRUENTA DE FRATURA OU LESAO FISARIA DO JOELHO;1;25344
2023;8;BPA-C;Média complexidade;0010472 - HRG;0407010319 - TRATAMENTO ESCLEROSANTE / LIGADURA ELASTICA DE LESAO HEMORRAGICA DO APARELHO DIGESTIVO;2;24118
2023;10;Eletivo;Média complexidade;0010464 - HRAN;0409020036 - EXTRACAO ENDOSCOPICA DE CORPO ESTRANHO / CALCULO NA URETRA C/ CISTOSCOPIA;3;24747
2023;6;BPA-C;Média complexidade;0010464 - HRAN;0405050364 - TRATAMENTO CIRURGICO DE PTERIGIO;10;23437
2023;7;Eletivo;Alta complexidade;9967486 - IBRANE;0418020035 - RETIRADA DE CATETER TIPO TENCKHOFF / SIMILAR DE LONGA PERMANÊNCIA;5;24054
2023;8;Eletivo;Média complexidade;0010499 - HRT;0405010192 - TRATAMENTO CIRURGICO DE TRIQUIASE C/ OU S/ ENXERTO;1;24144
2023;7;BPA-C;Atenção Básica;9690719 - CEO - Sobradinho;0414020138 - EXODONTIA DE DENTE PERMANENTE;13;24012
2023;11;Eletivo;Média complexidade;5717515 - HRSM;0414020278 - REMOÇÃO DE DENTE RETIDO (INCLUSO / IMPACTADO);96;25167
2023;1;BPA-C;Média complexidade;9414754 - Policlínica Sobradinho;0409060097 - EXERESE DE POLIPO DE UTERO;6;22028
2023;2;Eletivo;Média complexidade;3055450 - CBV;0405030096 - SUTURA DE ESCLERA;35;22266
2023;3;Eletivo;Atenção Básica;0010510 - HUB;0414020430 - EXODONTIA DE DENTE SUPRANUMERÁRIO;2;22518
2023;7;Eletivo;Média complexidade;0010537 - HMIB;0414020375 - TRATAMENTO CIRÚRGICO PERIODONTAL (POR SEXTANTE);2;23876
2023;7;BPA-C;Média complexidade;9622918 - CEO - Taguatinga;0404020577 - REDUÇÃO DE FRATURA ALVEOLO-DENTÁRIA SEM OSTEOSSÍNTESE;1;23994
2023;9;Eletivo;Média complexidade;9690719 - CEO - Sobradinho;0404020313 - RETIRADA DE CORPO ESTRANHO DOS OSSOS DA FACE;1;24657
2023;1;Eletivo;Média complexidade;3055450 - CBV;0405030134 - VITRECTOMIA ANTERIOR;31;21971
2023;6;BPA-C;Média complexidade;0010456 - HBDF;0404020615 - REDUÇÃO DE LUXAÇÃO TÊMPORO-MANDIBULAR;3;23406
2023;4;BPA-C;Média complexidade;0010499 - HRT;0405010141 - SIMBLEFAROPLASTIA;3;22816
2023;3;BPA-C;Média complexidade;0010456 - HBDF;0405050259 - RETIRADA DE CORPO ESTRANHO DA CORNEA;8;22419
2023;8;BPA-C;Média complexidade;0010456 - HBDF;0405040130 - INJECAO RETROBULBAR / PERIBULBAR;1;24067
2023;2;BPA-C;Média complexidade;9578560 - CEO 11 - Ceilândia;0414020219 - ODONTOSECÇÃO / RADILECTOMIA / TUNELIZAÇÃO;10;22337
2023;9;BPA-C;Atenção Básica;9578560 - CEO 11 - Ceilândia;0414020138 - EXODONTIA DE DENTE PERMANENTE;9;24612
2023;2;Eletivo;Média complexidade;0010510 - HUB;0405050364 - TRATAMENTO CIRURGICO DE PTERIGIO;19;22218
2023;8;BPA-C;Média complexidade;9778136 - CEO - Asa Norte;0414020375 - TRATAMENTO CIRÚRGICO PERIODONTAL (POR SEXTANTE);2;24401
2023;8;Eletivo;Média complexidade;0010537 - HMIB;0404020054 - DRENAGEM DE ABSCESSO DA BOCA E ANEXOS;5;24202
2023;8;Eletivo;Média complexidade;5717515 - HRSM;0414020057 - CORREÇÃO DE IRREGULARIDADES DE REBORDO ALVEOLAR;77;24260
2023;8;BPA-C;Atenção Básica;9578560 - CEO 11 - Ceilândia;0414020138 - EXODONTIA DE DENTE PERMANENTE;8;24310
2023;9;Eletivo;Média complexidade;3055450 - CBV;0405050119 - FACOEMULSIFICACAO C/ IMPLANTE DE LENTE INTRA-OCULAR RIGIDA;14;24547
2023;10;Eletivo;Média complexidade;0010537 - HMIB;0414020375 - TRATAMENTO CIRÚRGICO PERIODONTAL (POR SEXTANTE);26;24800
2023;7;BPA-C;Média complexidade;9764860 - CEO - Gama;0414020154 - GENGIVECTOMIA (POR SEXTANTE);1;24033
2023;4;Eletivo;Média complexidade;0010472 - HRG;0409070122 - DRENAGEM DE GLANDULA DE BARTHOLIN / SKENE;1;22806
2023;11;Eletivo;Atenção Básica;;0414020138 - EXODONTIA DE DENTE PERMANENTE;51;25291
2023;12;Eletivo;Média complexidade;3055450 - CBV;0405030053 - INJECAO INTRA-VITREO;60;25430
2023;8;BPA-C;Atenção Básica;0011339 - FHB;0414020138 - EXODONTIA DE DENTE PERMANENTE;5;24211
2023;11;Eletivo;Média complexidade;0010456 - HBDF;0405010184 - TRATAMENTO CIRURGICO DE BLEFAROCALASE;4;25037
2023;11;Eletivo;Média complexidade;3055450 - CBV;0405030223 - REMOÇÃO DE ÓLEO DE SILICONE;2;25139
2023;6;BPA-C;Média complexidade;9764860 - CEO - Gama;0414020243 - REIMPLANTE E TRANSPLANTE DENTAL (POR ELEMENTO);1;23703
2023;6;BPA-C;Média complexidade;9622845 - CEO - Policlínica Taguatinga;0414020375 - TRATAMENTO CIRÚRGICO PERIODONTAL (POR SEXTANTE);10;23654
2023;6;Eletivo;Alta complexidade;0010499 - HRT;0418010080 - IMPLANTE DE CATETER TIPO TENCKHOFF OU SIMILAR P/ DPA/DPAC;15;23465
2023;11;Eletivo;Alta complexidade;7929129 - Clinica de Olhos Dr João Eugenio;0405050372 - FACOEMULSIFICACAO C/ IMPLANTE DE LENTE INTRA-OCULAR DOBRAVEL;10;25195
2023;4;BPA-C;Média complexidade;9715797 - CEO - Guará;0414020375 - TRATAMENTO CIRÚRGICO PERIODONTAL (POR SEXTANTE);1;22997
2023;3;BPA-C;Atenção Básica;2649527 - HAB;0414020120 - EXODONTIA DE DENTE DECÍDUO;6;22561
2023;11;Eletivo;Média complexidade;;0409040240 - VASECTOMIA;2;25300
2023;8;Urgência;Média complexidade;0010529 - HRPL;0408050276 - REDUCAO INCRUENTA DE LUXACAO FEMURO-PATELAR;1;24197
2023;7;BPA-C;Média complexidade;0010502 - HRS;0414020022 - APICECTOMIA COM OU SEM OBTURAÇÃO RETRÓGRADA;1;23829
2023;4;BPA-C;Atenção Básica;2649527 - HAB;0414020138 - EXODONTIA DE DENTE PERMANENTE;1;22871
2023;6;Urgência;Média complexidade;0010529 - HRPL;0408060352 - RETIRADA DE FIO OU PINO INTRA-ÓSSEO;15;23517
2023;2;Eletivo;Média complexidade;9715797 - CEO - Guará;0404020089 - EXCISÃO DE RÂNULA OU FENÔMENO DE RETENÇÃO SALIVAR;1;22377
2023;1;Eletivo;Média complexidade;0010456 - HBDF;0406020620 - RETIRADA DE CATETER DE LONGA PERMANÊNCIA SEMI OU TOTALMENTE IMPLANTÁVEL;2;21852
2023;12;Eletivo;Média complexidade;5717515 - HRSM;0408060352 - RETIRADA DE FIO OU PINO INTRA-ÓSSEO;9;25461
2023;7;Urgência;Alta complexidade;0010502 - HRS;0418010064 - IMPLANTE DE CATETER DUPLO LUMEN P/HEMODIALISE;11;23826
2023;8;Eletivo;Média complexidade;0010456 - HBDF;0409010170 - INSTALACAO ENDOSCOPICA DE CATETER DUPLO J;4;24087
2023;3;BPA-C;Média complexidade;0010502 - HRS;0414020278 - REMOÇÃO DE DENTE RETIDO (INCLUSO / IMPACTADO);2;22508
2023;11;Eletivo;Média complexidade;5717515 - HRSM;0408060352 - RETIRADA DE FIO OU PINO INTRA-ÓSSEO;11;25160
2023;2;Eletivo;Média complexidade;5717515 - HRSM;0404020623 - RETIRADA DE MATERIAL DE SÍNTESE ÓSSEA / DENTÁRIA;6;22292
2023;3;Eletivo;Média complexidade;3055450 - CBV;0405030096 - SUTURA DE ESCLERA;31;22572
2023;10;BPA-C;Média complexidade;9715797 - CEO - Guará;0414020146 - EXODONTIA MÚLTIPLA COM ALVEOLOPLASTIA POR SEXTANTE;3;24951
2023;3;BPA-C;Média complexidade;9778136 - CEO - Asa Norte;0414020200 - MARSUPIALIZAÇÃO DE CISTOS E PSEUDOCISTOS;1;22726
2023;4;Eletivo;Média complexidade;0010510 - HUB;0414020057 - CORREÇÃO DE IRREGULARIDADES DE REBORDO ALVEOLAR;18;22839
2023;6;BPA-C;Média complexidade;9622845 - CEO - Policlínica Taguatinga;0414020073 - CURETAGEM PERIAPICAL;34;23648
2023;10;BPA-C;Atenção Básica;9715797 - CEO - Guará;0414020138 - EXODONTIA DE DENTE PERMANENTE;17;24948
2023;5;Eletivo;Alta complexidade;7491484 - Renal Vida;0418010030 - CONFECCAO DE FISTULA ARTERIO-VENOSA P/ HEMODIALISE;4;23273
2023;6;Eletivo;Média complexidade;0010464 - HRAN;0409020036 - EXTRACAO ENDOSCOPICA DE CORPO ESTRANHO / CALCULO NA URETRA C/ CISTOSCOPIA;2;23445
2023;7;Eletivo;Média complexidade;0010472 - HRG;0405010176 - SUTURA DE PALPEBRAS;1;23798
2023;8;BPA-C;Média complexidade;9621709 - Policlínica II Taguatinga;0404010270 - REMOCAO DE CERUMEN DE CONDUTO AUDITIVO EXTERNO UNI / BILATERAL;226;24313
2023;3;Eletivo;Alta complexidade;5479878 - Davita Sobradinho;0418010064 - IMPLANTE DE CATETER DUPLO LUMEN P/HEMODIALISE;3;22587
2023;7;BPA-C;Atenção Básica;0010456 - HBDF;0414020138 - EXODONTIA DE DENTE PERMANENTE;50;23735
2023;11;BPA-C;Média complexidade;0010456 - HBDF;0414020243 - REIMPLANTE E TRANSPLANTE DENTAL (POR ELEMENTO);1;25033
2023;2;Eletivo;Média complexidade;0010510 - HUB;0409010154 - EXTRACAO ENDOSCOPICA DE CORPO ESTRANHO / CALCULO EM URETER;7;22221
2023;11;Eletivo;Atenção Básica;5717515 - HRSM;0414020120 - EXODONTIA DE DENTE DECÍDUO;12;25151
2023;1;BPA-C;Média complexidade;6876617 - HCB;0407010327 - TRATAMENTO ESCLEROSANTE DE LESOES NAO HEMORRAGICAS DO APARELHO DIGESTIVO INCLUINDO LIGADURA ELASTICA;2;22019
2023;7;BPA-C;Média complexidade;0010464 - HRAN;0405010141 - SIMBLEFAROPLASTIA;1;23770
2023;6;Urgência;Média complexidade;0010529 - HRPL;0408050209 - REDUCAO INCRUENTA DE FRATURA / LESAO FISARIA DOS METATARSIANOS;1;23516
2023;7;Eletivo;Média complexidade;9621709 - Policlínica II Taguatinga;0407010254 - RETIRADA DE POLIPO DO TUBO DIGESTIVO POR ENDOSCOPIA;4;23983
2023;11;Eletivo;Média complexidade;5717515 - HRSM;0404020054 - DRENAGEM DE ABSCESSO DA BOCA E ANEXOS;1;25157
2023;11;BPA-C;Média complexidade;9622918 - CEO - Taguatinga;0414020278 - REMOÇÃO DE DENTE RETIDO (INCLUSO / IMPACTADO);21;25233
2023;7;Eletivo;Média complexidade;3055450 - CBV;0405050291 - SUTURA DE CONJUNTIVA;38;23904
2023;5;BPA-C;Média complexidade;6876617 - HCB;0414020162 - GENGIVOPLASTIA (POR SEXTANTE);2;23265
2023;4;Eletivo;Média complexidade;0010537 - HMIB;0409040240 - VASECTOMIA;13;22858
2023;10;Eletivo;Média complexidade;5717515 - HRSM;0414010361 - EXERESE DE CISTO ODONTOGÊNICO E NÃO-ODONTOGÊNICO;6;24850
2023;10;BPA-C;Média complexidade;9622918 - CEO - Taguatinga;0414020278 - REMOÇÃO DE DENTE RETIDO (INCLUSO / IMPACTADO);23;24923
2023;2;BPA-C;Média complexidade;0010456 - HBDF;0405050305 - SUTURA DE CORNEA;1;22132
2023;1;BPA-C;Média complexidade;9764860 - CEO - Gama;0414020278 - REMOÇÃO DE DENTE RETIDO (INCLUSO / IMPACTADO);35;22098
2023;5;Urgência;Média complexidade;5717515 - HRSM;0408050241 - REDUCAO INCRUENTA DE FRATURA DOS OSSOS DO TARSO;1;23252
2023;2;Eletivo;Média complexidade;0010464 - HRAN;0415040035 - DEBRIDAMENTO DE ULCERA / DE TECIDOS DESVITALIZADOS;1;22173
2023;11;BPA-C;Atenção Básica;9676473 - CEO - Ceilândia I;0414020120 - EXODONTIA DE DENTE DECÍDUO;1;25235
2023;7;Urgência;Atenção Básica;5717515 - HRSM;0414020120 - EXODONTIA DE DENTE DECÍDUO;2;23921
2023;7;BPA-C;Média complexidade;5598575 - Policlínica Gama;0404010270 - REMOCAO DE CERUMEN DE CONDUTO AUDITIVO EXTERNO UNI / BILATERAL;61;23916
2023;4;BPA-C;Média complexidade;0010456 - HBDF;0414020073 - CURETAGEM PERIAPICAL;2;22761
2023;6;Eletivo;Média complexidade;3055450 - CBV;0405030096 - SUTURA DE ESCLERA;31;23550
2023;2;Eletivo;Alta complexidade;3224228 - Renal Care;0418010048 - IMPLANTE DE CATETER DE LONGA PERMANÊNCIA P/ HEMODIALISE;1;22275
2023;2;Eletivo;Média complexidade;5598575 - Policlínica Gama;0404010318 - RETIRADA DE CORPO ESTRANHO DE OUVIDO / FARINGE / LARINGE / NARIZ;1;22285
2023;6;Urgência;Atenção Básica;5717515 - HRSM;0414020359 - TRATAMENTO CIRÚRGICO DE HEMORRAGIA BUCO-DENTAL;2;23578
2023;11;BPA-C;Atenção Básica;0010456 - HBDF;0414020138 - EXODONTIA DE DENTE PERMANENTE;37;25013
2023;6;Urgência;Média complexidade;5717515 - HRSM;0414020057 - CORREÇÃO DE IRREGULARIDADES DE REBORDO ALVEOLAR;5;23595
2023;5;Eletivo;Média complexidade;0010510 - HUB;0414020219 - ODONTOSECÇÃO / RADILECTOMIA / TUNELIZAÇÃO;23;23157
2023;3;Urgência;Média complexidade;0010529 - HRPL;0408020229 - REDUÇÃO INCRUENTA DE LUXAÇÃO / FRATURA-LUXAÇÃO DO COTOVELO;1;22540
2023;4;Eletivo;Média complexidade;9621709 - Policlínica II Taguatinga;0407020128 - DILATACAO DIGITAL / INSTRUMENTAL DO ANUS E/OU RETO;1;22964
2023;11;Urgência;Média complexidade;7111924 - UPA Núcleo Bandeirante;0412050170 - TORACOCENTESE/DRENAGEM DE PLEURA;1;25183
2023;5;Eletivo;Média complexidade;5717515 - HRSM;0414020154 - GENGIVECTOMIA (POR SEXTANTE);2;23239
2023;7;BPA-C;Média complexidade;6876617 - HCB;0404010296 - RESSECCAO DE SINEQUIAS;1;23949
2023;6;BPA-C;Atenção Básica;7592477 - UPA Sobradinho;0414020138 - EXODONTIA DE DENTE PERMANENTE;15;23615
2023;8;BPA-C;Média complexidade;9764860 - CEO - Gama;0414020146 - EXODONTIA MÚLTIPLA COM ALVEOLOPLASTIA POR SEXTANTE;2;24384
2023;11;Eletivo;Média complexidade;0010499 - HRT;0408020229 - REDUÇÃO INCRUENTA DE LUXAÇÃO / FRATURA-LUXAÇÃO DO COTOVELO;1;25088
2023;6;BPA-C;Média complexidade;9772243 - CEO - Paranoá;0414020022 - APICECTOMIA COM OU SEM OBTURAÇÃO RETRÓGRADA;2;23712
2023;11;BPA-C;Média complexidade;9621709 - Policlínica II Taguatinga;0406020140 - EXCISAO E SUTURA DE LINFANGIOMA / NEVUS;4;25216
2023;5;Eletivo;Alta complexidade;0010499 - HRT;0418010080 - IMPLANTE DE CATETER TIPO TENCKHOFF OU SIMILAR P/ DPA/DPAC;1;23109
2023;10;Eletivo;Média complexidade;5717515 - HRSM;0414020219 - ODONTOSECÇÃO / RADILECTOMIA / TUNELIZAÇÃO;43;24854
2023;3;Eletivo;Média complexidade;9772243 - CEO - Paranoá;0404020089 - EXCISÃO DE RÂNULA OU FENÔMENO DE RETENÇÃO SALIVAR;1;22720
2023;11;BPA-C;Média complexidade;9622918 - CEO - Taguatinga;0414020057 - CORREÇÃO DE IRREGULARIDADES DE REBORDO ALVEOLAR;15;25228
2023;10;BPA-C;Média complexidade;0010464 - HRAN;0409060097 - EXERESE DE POLIPO DE UTERO;1;24736
2023;9;BPA-C;Média complexidade;9772243 - CEO - Paranoá;0414020278 - REMOÇÃO DE DENTE RETIDO (INCLUSO / IMPACTADO);39;24682
2023;5;BPA-C;Média complexidade;9622845 - CEO - Policlínica Taguatinga;0414020073 - CURETAGEM PERIAPICAL;38;23313
2023;7;Eletivo;Média complexidade;5717515 - HRSM;0404020054 - DRENAGEM DE ABSCESSO DA BOCA E ANEXOS;1;23925
2023;10;BPA-C;Atenção Básica;9715797 - CEO - Guará;0414020120 - EXODONTIA DE DENTE DECÍDUO;6;24947
2023;8;Eletivo;Média complexidade;0010502 - HRS;0409070122 - DRENAGEM DE GLANDULA DE BARTHOLIN / SKENE;1;24158
2023;1;BPA-C;Média complexidade;9778136 - CEO - Asa Norte;0414020146 - EXODONTIA MÚLTIPLA COM ALVEOLOPLASTIA POR SEXTANTE;2;22106
2023;8;BPA-C;Média complexidade;9715797 - CEO - Guará;0414020073 - CURETAGEM PERIAPICAL;24;24372
2023;6;Eletivo;Média complexidade;0010464 - HRAN;0404020054 - DRENAGEM DE ABSCESSO DA BOCA E ANEXOS;4;23440
2023;3;Eletivo;Alta complexidade;5479878 - Davita Sobradinho;0418010048 - IMPLANTE DE CATETER DE LONGA PERMANÊNCIA P/ HEMODIALISE;2;22586
2023;8;Eletivo;Alta complexidade;0010499 - HRT;0418010080 - IMPLANTE DE CATETER TIPO TENCKHOFF OU SIMILAR P/ DPA/DPAC;9;24131
2023;11;Eletivo;Média complexidade;3055450 - CBV;0405030096 - SUTURA DE ESCLERA;22;25135
2023;1;BPA-C;Média complexidade;9715797 - CEO - Guará;0414020278 - REMOÇÃO DE DENTE RETIDO (INCLUSO / IMPACTADO);12;22091
2023;7;BPA-C;Média complexidade;9622845 - CEO - Policlínica Taguatinga;0414020375 - TRATAMENTO CIRÚRGICO PERIODONTAL (POR SEXTANTE);20;23990
2023;5;BPA-C;Atenção Básica;9690719 - CEO - Sobradinho;0414020359 - TRATAMENTO CIRÚRGICO DE HEMORRAGIA BUCO-DENTAL;1;23341
2023;10;Eletivo;Média complexidade;0010456 - HBDF;0407010254 - RETIRADA DE POLIPO DO TUBO DIGESTIVO POR ENDOSCOPIA;7;24725
2023;10;Eletivo;Média complexidade;0010499 - HRT;0405010184 - TRATAMENTO CIRURGICO DE BLEFAROCALASE;7;24776
2023;10;BPA-C;Média complexidade;9778136 - CEO - Asa Norte;0414020073 - CURETAGEM PERIAPICAL;1;24976
2023;1;Eletivo;Média complexidade;0010537 - HMIB;0414020057 - CORREÇÃO DE IRREGULARIDADES DE REBORDO ALVEOLAR;184;21947
2023;7;Eletivo;Alta complexidade;7494424 - Ultramed;0418020035 - RETIRADA DE CATETER TIPO TENCKHOFF / SIMILAR DE LONGA PERMANÊNCIA;1;23957
2023;1;Eletivo;Média complexidade;9622845 - CEO - Policlínica Taguatinga;0404020089 - EXCISÃO DE RÂNULA OU FENÔMENO DE RETENÇÃO SALIVAR;2;22058
2023;2;BPA-C;Média complexidade;9622918 - CEO - Taguatinga;0414020057 - CORREÇÃO DE IRREGULARIDADES DE REBORDO ALVEOLAR;39;22360
2023;9;BPA-C;Atenção Básica;9764860 - CEO - Gama;0414020138 - EXODONTIA DE DENTE PERMANENTE;11;24668
2023;12;BPA-C;Média complexidade;9622918 - CEO - Taguatinga;0414020219 - ODONTOSECÇÃO / RADILECTOMIA / TUNELIZAÇÃO;17;25528
2023;4;BPA-C;Média complexidade;9622918 - CEO - Taguatinga;0414020065 - CORREÇÃO DE TUBEROSIDADE DO MAXILAR;15;22979
2023;6;BPA-C;Média complexidade;0010456 - HBDF;0414020057 - CORREÇÃO DE IRREGULARIDADES DE REBORDO ALVEOLAR;2;23412
2023;11;Urgência;Média complexidade;0010456 - HBDF;0404020097 - EXCISÃO E SUTURA DE LESÃO NA BOCA;4;25047
2023;1;BPA-C;Média complexidade;9676473 - CEO - Ceilândia I;0414020278 - REMOÇÃO DE DENTE RETIDO (INCLUSO / IMPACTADO);23;22072
2023;7;BPA-C;Média complexidade;9622918 - CEO - Taguatinga;0414020375 - TRATAMENTO CIRÚRGICO PERIODONTAL (POR SEXTANTE);12;24001
2023;2;Eletivo;Média complexidade;9516212 - Policlínica Paranoá;0409070122 - DRENAGEM DE GLANDULA DE BARTHOLIN / SKENE;1;22328
2023;2;Eletivo;Alta complexidade;2779420 - Davita NEFRO Asa Sul;0418020019 - INTERVENCAO EM FISTULA ARTERIO-VENOSA;1;22262
2023;5;Eletivo;Alta complexidade;3548104 - Centro da Visao;0405050372 - FACOEMULSIFICACAO C/ IMPLANTE DE LENTE INTRA-OCULAR DOBRAVEL;43;23218
2023;2;Eletivo;Média complexidade;0010499 - HRT;0408020202 - REDUÇÃO INCRUENTA DE FRATURA DIAFISARIA DOS OSSOS DO ANTEBRAÇO;1;22195
2023;8;Urgência;Média complexidade;5717515 - HRSM;0414020073 - CURETAGEM PERIAPICAL;10;24276
2023;5;Eletivo;Média complexidade;5717515 - HRSM;0404020623 - RETIRADA DE MATERIAL DE SÍNTESE ÓSSEA / DENTÁRIA;13;23233
2023;6;BPA-C;Média complexidade;9778136 - CEO - Asa Norte;0414020278 - REMOÇÃO DE DENTE RETIDO (INCLUSO / IMPACTADO);37;23722
2023;3;BPA-C;Atenção Básica;9778136 - CEO - Asa Norte;0414020138 - EXODONTIA DE DENTE PERMANENTE;95;22722
2023;6;BPA-C;Média complexidade;0010456 - HBDF;0405050259 - RETIRADA DE CORPO ESTRANHO DA CORNEA;11;23410
2023;5;Urgência;Média complexidade;0010529 - HRPL;0408020210 - REDUÇÃO INCRUENTA DE FRATURA DOS METACARPIANOS;1;23165
2023;7;Eletivo;Média complexidade;0010510 - HUB;0414020057 - CORREÇÃO DE IRREGULARIDADES DE REBORDO ALVEOLAR;19;23849
2023;1;Urgência;Média complexidade;5717515 - HRSM;0404020054 - DRENAGEM DE ABSCESSO DA BOCA E ANEXOS;9;22005
2023;6;Eletivo;Média complexidade;0010510 - HUB;0414020073 - CURETAGEM PERIAPICAL;55;23502
2023;5;BPA-C;Média complexidade;9715797 - CEO - Guará;0414010361 - EXERESE DE CISTO ODONTOGÊNICO E NÃO-ODONTOGÊNICO;1;23356
2023;11;Urgência;Alta complexidade;0010502 - HRS;0418010048 - IMPLANTE DE CATETER DE LONGA PERMANÊNCIA P/ HEMODIALISE;5;25092
2023;8;Eletivo;Média complexidade;9778136 - CEO - Asa Norte;0404020097 - EXCISÃO E SUTURA DE LESÃO NA BOCA;2;24402
2023;9;Eletivo;Alta complexidade;0010464 - HRAN;0413010031 - CURATIVO EM GRANDE QUEIMADO;16;24439
2023;6;Eletivo;Média complexidade;0010472 - HRG;0408010126 - REDUCAO INCRUENTA DE FRATURA E FRATURA-LUXACAO AO NIVEL DA CINTURA ESCAPULAR;4;23456
2023;10;Urgência;Atenção Básica;5717515 - HRSM;0414020359 - TRATAMENTO CIRÚRGICO DE HEMORRAGIA BUCO-DENTAL;1;24840
2023;6;Eletivo;Alta complexidade;5479878 - Davita Sobradinho;0418010030 - CONFECCAO DE FISTULA ARTERIO-VENOSA P/ HEMODIALISE;1;23568
2023;3;BPA-C;Média complexidade;9622845 - CEO - Policlínica Taguatinga;0414020375 - TRATAMENTO CIRÚRGICO PERIODONTAL (POR SEXTANTE);38;22677
2023;2;Eletivo;Média complexidade;0010464 - HRAN;0407010254 - RETIRADA DE POLIPO DO TUBO DIGESTIVO POR ENDOSCOPIA;1;22165
2023;2;Eletivo;Média complexidade;2645157 - HRL;0408060352 - RETIRADA DE FIO OU PINO INTRA-ÓSSEO;2;22255
2023;12;Urgência;Média complexidade;7592477 - UPA Sobradinho;0407040196 - PARACENTESE ABDOMINAL;3;25495
2023;11;BPA-C;Média complexidade;0939145 - UPA Gama;0415040043 - DEBRIDAMENTO DE ULCERA / NECROSE;2;25122
2023;7;Urgência;Média complexidade;0945595 - UPA Riacho Fundo;0412050170 - TORACOCENTESE/DRENAGEM DE PLEURA;2;23882
2023;12;Eletivo;Alta complexidade;0010456 - HBDF;0418010080 - IMPLANTE DE CATETER TIPO TENCKHOFF OU SIMILAR P/ DPA/DPAC;3;25314
2023;4;BPA-C;Atenção Básica;0011347 - Adolescentro;0414020138 - EXODONTIA DE DENTE PERMANENTE;6;22868
2023;2;BPA-C;Atenção Básica;0010456 - HBDF;0414020383 - TRATAMENTO DE ALVEOLITE;1;22124
2023;10;BPA-C;Atenção Básica;9578560 - CEO 11 - Ceilândia;0414020138 - EXODONTIA DE DENTE PERMANENTE;9;24890
2023;5;Urgência;Alta complexidade;0010502 - HRS;0418020035 - RETIRADA DE CATETER TIPO TENCKHOFF / SIMILAR DE LONGA PERMANÊNCIA;1;23125
2023;10;Eletivo;Média complexidade;5717515 - HRSM;0414020073 - CURETAGEM PERIAPICAL;41;24852
2023;4;BPA-C;Média complexidade;9578501 - Policlínica II Ceilândia;0407010319 - TRATAMENTO ESCLEROSANTE / LIGADURA ELASTICA DE LESAO HEMORRAGICA DO APARELHO DIGESTIVO;1;22949
2023;11;Eletivo;Alta complexidade;7491484 - Renal Vida;0418010048 - IMPLANTE DE CATETER DE LONGA PERMANÊNCIA P/ HEMODIALISE;1;25186
2023;1;BPA-C;Atenção Básica;9676473 - CEO - Ceilândia I;0414020120 - EXODONTIA DE DENTE DECÍDUO;4;22067
2023;3;Eletivo;Média complexidade;0010456 - HBDF;0405050321 - TRABECULECTOMIA;11;22439
2023;1;BPA-C;Atenção Básica;0011339 - FHB;0414020138 - EXODONTIA DE DENTE PERMANENTE;3;21955
2023;4;BPA-C;Média complexidade;9578560 - CEO 11 - Ceilândia;0414020057 - CORREÇÃO DE IRREGULARIDADES DE REBORDO ALVEOLAR;13;22955
2023;9;BPA-C;Média complexidade;0010464 - HRAN;0406020132 - EXCISAO E SUTURA DE HEMANGIOMA;1;24444
2023;10;BPA-C;Atenção Básica;0010529 - HRPL;0404010300 - RETIRADA DE CORPO ESTRANHO DA CAVIDADE AUDITIVA E NASAL;2;24785
2023;6;BPA-C;Média complexidade;9622918 - CEO - Taguatinga;0414020065 - CORREÇÃO DE TUBEROSIDADE DO MAXILAR;30;23660
2023;3;Eletivo;Média complexidade;0010537 - HMIB;0414020073 - CURETAGEM PERIAPICAL;66;22552
2023;10;BPA-C;Média complexidade;9578560 - CEO 11 - Ceilândia;0414020057 - CORREÇÃO DE IRREGULARIDADES DE REBORDO ALVEOLAR;6;24892
2023;6;BPA-C;Média complexidade;9578560 - CEO 11 - Ceilândia;0414020162 - GENGIVOPLASTIA (POR SEXTANTE);1;23634
2023;5;BPA-C;Média complexidade;9578560 - CEO 11 - Ceilândia;0414010361 - EXERESE DE CISTO ODONTOGÊNICO E NÃO-ODONTOGÊNICO;2;23292
2023;6;Eletivo;Média complexidade;0010456 - HBDF;0409010294 - NEFROSTOMIA PERCUTANEA;3;23428
2023;10;Eletivo;Alta complexidade;9967486 - IBRANE;0418010048 - IMPLANTE DE CATETER DE LONGA PERMANÊNCIA P/ HEMODIALISE;2;24984
2023;10;Eletivo;Alta complexidade;0010456 - HBDF;0418010048 - IMPLANTE DE CATETER DE LONGA PERMANÊNCIA P/ HEMODIALISE;11;24698
2023;7;Eletivo;Média complexidade;5717515 - HRSM;0414020162 - GENGIVOPLASTIA (POR SEXTANTE);4;23934
2023;4;BPA-C;Média complexidade;9764860 - CEO - Gama;0414020278 - REMOÇÃO DE DENTE RETIDO (INCLUSO / IMPACTADO);81;23006
2023;3;Eletivo;Alta complexidade;0010510 - HUB;0418010080 - IMPLANTE DE CATETER TIPO TENCKHOFF OU SIMILAR P/ DPA/DPAC;3;22514
2023;2;Eletivo;Média complexidade;9516212 - Policlínica Paranoá;0409060089 - EXCISÃO TIPO I DO COLO UTERINO;5;22327
2023;7;Eletivo;Média complexidade;0010472 - HRG;0407040196 - PARACENTESE ABDOMINAL;1;23801
2023;5;BPA-C;Média complexidade;9621709 - Policlínica II Taguatinga;0415040043 - DEBRIDAMENTO DE ULCERA / NECROSE;9;23304
2023;7;Eletivo;Alta complexidade;3459918 - Nephron Brasília;0418010048 - IMPLANTE DE CATETER DE LONGA PERMANÊNCIA P/ HEMODIALISE;2;23908
2023;9;BPA-C;Média complexidade;0010456 - HBDF;0414020243 - REIMPLANTE E TRANSPLANTE DENTAL (POR ELEMENTO);1;24423
2023;1;BPA-C;Atenção Básica;0011347 - Adolescentro;0414020138 - EXODONTIA DE DENTE PERMANENTE;1;21958
2023;9;Urgência;Média complexidade;0010529 - HRPL;0408060352 - RETIRADA DE FIO OU PINO INTRA-ÓSSEO;12;24521
2023;10;Eletivo;Alta complexidade;3459918 - Nephron Brasília;0418020019 - INTERVENCAO EM FISTULA ARTERIO-VENOSA;2;24831
2023;2;BPA-C;Média complexidade;9772243 - CEO - Paranoá;0414020057 - CORREÇÃO DE IRREGULARIDADES DE REBORDO ALVEOLAR;1;22389
2023;12;Eletivo;Alta complexidade;0010499 - HRT;0418010064 - IMPLANTE DE CATETER DUPLO LUMEN P/HEMODIALISE;8;25383
2023;7;BPA-C;Média complexidade;0010464 - HRAN;0406020132 - EXCISAO E SUTURA DE HEMANGIOMA;1;23774
2023;12;BPA-C;Média complexidade;0010464 - HRAN;0405010141 - SIMBLEFAROPLASTIA;1;25357
2023;8;Eletivo;Alta complexidade;3224228 - Renal Care;0418010080 - IMPLANTE DE CATETER TIPO TENCKHOFF OU SIMILAR P/ DPA/DPAC;7;24237
2023;9;BPA-C;Atenção Básica;0011347 - Adolescentro;0414020138 - EXODONTIA DE DENTE PERMANENTE;3;24532
2023;7;Urgência;Média complexidade;0010529 - HRPL;0408020172 - REDUÇÃO INCRUENTA DE FRATURA / LESÃO FISARIA NO PUNHO;1;23859
2023;12;BPA-C;Média complexidade;0010472 - HRG;0414020219 - ODONTOSECÇÃO / RADILECTOMIA / TUNELIZAÇÃO;1;25374
2023;6;Eletivo;Média complexidade;3055450 - CBV;0405050119 - FACOEMULSIFICACAO C/ IMPLANTE DE LENTE INTRA-OCULAR RIGIDA;21;23556
2023;10;Eletivo;Média complexidade;5717515 - HRSM;0414020154 - GENGIVECTOMIA (POR SEXTANTE);3;24853
2023;7;Eletivo;Média complexidade;0010456 - HBDF;0405050119 - FACOEMULSIFICACAO C/ IMPLANTE DE LENTE INTRA-OCULAR RIGIDA;7;23757
2023;4;Eletivo;Atenção Básica;9578560 - CEO 11 - Ceilândia;0414020430 - EXODONTIA DE DENTE SUPRANUMERÁRIO;3;22954
2023;12;Eletivo;Média complexidade;0010472 - HRG;0408020229 - REDUÇÃO INCRUENTA DE LUXAÇÃO / FRATURA-LUXAÇÃO DO COTOVELO;1;25378
2023;5;Eletivo;Alta complexidade;2779420 - Davita NEFRO Asa Sul;0418020035 - RETIRADA DE CATETER TIPO TENCKHOFF / SIMILAR DE LONGA PERMANÊNCIA;1;23202
2023;12;Eletivo;Média complexidade;0010456 - HBDF;0405040075 - EVISCERACAO DE GLOBO OCULAR;1;25338
2023;1;Eletivo;Alta complexidade;7491484 - Renal Vida;0418020035 - RETIRADA DE CATETER TIPO TENCKHOFF / SIMILAR DE LONGA PERMANÊNCIA;2;22023
2023;8;BPA-C;Média complexidade;0010456 - HBDF;0414020146 - EXODONTIA MÚLTIPLA COM ALVEOLOPLASTIA POR SEXTANTE;1;24072
2023;7;Eletivo;Média complexidade;0010537 - HMIB;0414020057 - CORREÇÃO DE IRREGULARIDADES DE REBORDO ALVEOLAR;174;23872
2023;7;Urgência;Média complexidade;0010529 - HRPL;0408020156 - REDUÇÃO INCRUENTA DE FRATURA / LESÃO FISARIA DE COTOVELO;1;23858
2023;12;Eletivo;Média complexidade;5717515 - HRSM;0404020038 - CORREÇÃO CIRÚRGICA DE FÍSTULA ORO-NASAL / ORO-SINUSAL;2;25455
2023;6;Eletivo;Alta complexidade;7929129 - Clinica de Olhos Dr João Eugenio;0405050372 - FACOEMULSIFICACAO C/ IMPLANTE DE LENTE INTRA-OCULAR DOBRAVEL;35;23618
2023;8;Urgência;Média complexidade;0010456 - HBDF;0404020054 - DRENAGEM DE ABSCESSO DA BOCA E ANEXOS;16;24091
2023;4;Urgência;Média complexidade;0010456 - HBDF;0404010342 - TAMPONAMENTO NASAL ANTERIOR E/OU POSTERIOR;5;22778
2023;5;Eletivo;Atenção Básica;0010510 - HUB;0414020430 - EXODONTIA DE DENTE SUPRANUMERÁRIO;2;23138
2023;3;Eletivo;Alta complexidade;9967486 - IBRANE;0418010064 - IMPLANTE DE CATETER DUPLO LUMEN P/HEMODIALISE;7;22733
2023;1;Eletivo;Média complexidade;0010510 - HUB;0404010318 - RETIRADA DE CORPO ESTRANHO DE OUVIDO / FARINGE / LARINGE / NARIZ;407;21916
2023;10;BPA-C;Média complexidade;9778136 - CEO - Asa Norte;0414020375 - TRATAMENTO CIRÚRGICO PERIODONTAL (POR SEXTANTE);4;24981
2023;12;Eletivo;Média complexidade;0010502 - HRS;0404020097 - EXCISÃO E SUTURA DE LESÃO NA BOCA;1;25392
2023;10;BPA-C;Atenção Básica;9778136 - CEO - Asa Norte;0414020120 - EXODONTIA DE DENTE DECÍDUO;3;24972
2023;1;Eletivo;Média complexidade;0010472 - HRG;0408010126 - REDUCAO INCRUENTA DE FRATURA E FRATURA-LUXACAO AO NIVEL DA CINTURA ESCAPULAR;1;21881
2023;3;Eletivo;Alta complexidade;7491484 - Renal Vida;0418010048 - IMPLANTE DE CATETER DE LONGA PERMANÊNCIA P/ HEMODIALISE;1;22632
2023;8;BPA-C;Atenção Básica;0010529 - HRPL;0404010300 - RETIRADA DE CORPO ESTRANHO DA CAVIDADE AUDITIVA E NASAL;6;24191
2023;11;Eletivo;Média complexidade;5717515 - HRSM;0414020219 - ODONTOSECÇÃO / RADILECTOMIA / TUNELIZAÇÃO;35;25166
2023;4;BPA-C;Média complexidade;0010456 - HBDF;0405050364 - TRATAMENTO CIRURGICO DE PTERIGIO;6;22757
2023;7;BPA-C;Média complexidade;0010472 - HRG;0405050364 - TRATAMENTO CIRURGICO DE PTERIGIO;25;23795
2023;11;BPA-C;Atenção Básica;9622918 - CEO - Taguatinga;0414020138 - EXODONTIA DE DENTE PERMANENTE;85;25227
2023;12;Eletivo;Média complexidade;3055450 - CBV;0405050305 - SUTURA DE CORNEA;22;25439
2023;5;BPA-C;Média complexidade;0010456 - HBDF;0404010091 - DUCHA DE POLITZER (UNI / BILATERAL);4;23034
2023;1;Urgência;Média complexidade;0010529 - HRPL;0408020229 - REDUÇÃO INCRUENTA DE LUXAÇÃO / FRATURA-LUXAÇÃO DO COTOVELO;1;21939
2023;7;BPA-C;Média complexidade;9578536 - Policlínica Brazlândia;0404010270 - REMOCAO DE CERUMEN DE CONDUTO AUDITIVO EXTERNO UNI / BILATERAL;3;23969
2023;12;Urgência;Média complexidade;6708714 - UPA Tipo III Samambaia;0407040196 - PARACENTESE ABDOMINAL;1;25477
2023;3;Urgência;Alta complexidade;0010502 - HRS;0418010048 - IMPLANTE DE CATETER DE LONGA PERMANÊNCIA P/ HEMODIALISE;2;22501
2023;4;Eletivo;Média complexidade;0010537 - HMIB;0414020278 - REMOÇÃO DE DENTE RETIDO (INCLUSO / IMPACTADO);41;22862
2023;4;Eletivo;Média complexidade;0010464 - HRAN;0413010040 - CURATIVO EM MEDIO QUEIMADO;1177;22796
2023;7;Eletivo;Média complexidade;9621709 - Policlínica II Taguatinga;0409060089 - EXCISÃO TIPO I DO COLO UTERINO;5;23984
2023;6;Eletivo;Alta complexidade;2779420 - Davita NEFRO Asa Sul;0418020019 - INTERVENCAO EM FISTULA ARTERIO-VENOSA;2;23545
2023;1;Eletivo;Alta complexidade;3055450 - CBV;0405050372 - FACOEMULSIFICACAO C/ IMPLANTE DE LENTE INTRA-OCULAR DOBRAVEL;36;21967
2023;3;Eletivo;Alta complexidade;7494424 - Ultramed;0418010064 - IMPLANTE DE CATETER DUPLO LUMEN P/HEMODIALISE;1;22635
2023;11;BPA-C;Média complexidade;9690719 - CEO - Sobradinho;0414020219 - ODONTOSECÇÃO / RADILECTOMIA / TUNELIZAÇÃO;28;25242
2023;12;Eletivo;Média complexidade;0010456 - HBDF;0405010176 - SUTURA DE PALPEBRAS;1;25335
2023;9;Eletivo;Média complexidade;5717515 - HRSM;0414020375 - TRATAMENTO CIRÚRGICO PERIODONTAL (POR SEXTANTE);1;24578
2023;1;Urgência;Alta complexidade;0010502 - HRS;0418010064 - IMPLANTE DE CATETER DUPLO LUMEN P/HEMODIALISE;5;21902
2023;8;BPA-C;Média complexidade;9764860 - CEO - Gama;0414020065 - CORREÇÃO DE TUBEROSIDADE DO MAXILAR;4;24382
2023;7;Urgência;Média complexidade;0945595 - UPA Riacho Fundo;0404020097 - EXCISÃO E SUTURA DE LESÃO NA BOCA;2;23881
2023;5;BPA-C;Média complexidade;9690735 - CEO - Planaltina;0414020154 - GENGIVECTOMIA (POR SEXTANTE);1;23352
2023;5;Eletivo;Alta complexidade;0010502 - HRS;0418010064 - IMPLANTE DE CATETER DUPLO LUMEN P/HEMODIALISE;2;23120
2023;8;Eletivo;Média complexidade;5717515 - HRSM;0414020278 - REMOÇÃO DE DENTE RETIDO (INCLUSO / IMPACTADO);153;24267
2023;3;Urgência;Média complexidade;0010456 - HBDF;0404020054 - DRENAGEM DE ABSCESSO DA BOCA E ANEXOS;4;22445
2023;8;Eletivo;Média complexidade;9622918 - CEO - Taguatinga;0404020054 - DRENAGEM DE ABSCESSO DA BOCA E ANEXOS;3;24344
2023;4;Eletivo;Alta complexidade;0010456 - HBDF;0418010064 - IMPLANTE DE CATETER DUPLO LUMEN P/HEMODIALISE;92;22737
2023;3;BPA-C;Média complexidade;0010456 - HBDF;0414020073 - CURETAGEM PERIAPICAL;7;22424
2023;2;BPA-C;Atenção Básica;0010472 - HRG;0414020138 - EXODONTIA DE DENTE PERMANENTE;23;22175
2023;3;BPA-C;Média complexidade;0010456 - HBDF;0404020445 - CONTENÇÃO DE DENTES POR SPLINTAGEM;5;22412
2023;8;Eletivo;Alta complexidade;3548104 - Centro da Visao;0405050372 - FACOEMULSIFICACAO C/ IMPLANTE DE LENTE INTRA-OCULAR DOBRAVEL;44;24240
2023;10;Eletivo;Alta complexidade;0010499 - HRT;0405050372 - FACOEMULSIFICACAO C/ IMPLANTE DE LENTE INTRA-OCULAR DOBRAVEL;84;24763
2023;3;BPA-C;Média complexidade;2649527 - HAB;0414020073 - CURETAGEM PERIAPICAL;5;22563
2023;1;Eletivo;Média complexidade;0010510 - HUB;0414020162 - GENGIVOPLASTIA (POR SEXTANTE);3;21927
2023;8;BPA-C;Atenção Básica;0010456 - HBDF;0414020359 - TRATAMENTO CIRÚRGICO DE HEMORRAGIA BUCO-DENTAL;3;24060
2023;8;Eletivo;Média complexidade;7929129 - Clinica de Olhos Dr João Eugenio;0405030134 - VITRECTOMIA ANTERIOR;6;24300
2023;7;Eletivo;Alta complexidade;2779420 - Davita NEFRO Asa Sul;0418020019 - INTERVENCAO EM FISTULA ARTERIO-VENOSA;18;23893
2023;12;BPA-C;Atenção Básica;6876617 - HCB;0414020120 - EXODONTIA DE DENTE DECÍDUO;19;25478
2023;1;Urgência;Média complexidade;6708714 - UPA Tipo III Samambaia;0412050170 - TORACOCENTESE/DRENAGEM DE PLEURA;2;22016
2023;9;Eletivo;Média complexidade;0010464 - HRAN;0404010342 - TAMPONAMENTO NASAL ANTERIOR E/OU POSTERIOR;6;24448
2023;9;Eletivo;Média complexidade;0010537 - HMIB;0404020445 - CONTENÇÃO DE DENTES POR SPLINTAGEM;20;24528
2023;8;Eletivo;Média complexidade;3055450 - CBV;0405030053 - INJECAO INTRA-VITREO;47;24226
2023;10;Urgência;Média complexidade;0969877 - UPA Planaltina;0412050170 - TORACOCENTESE/DRENAGEM DE PLEURA;1;24807
2023;4;Urgência;Média complexidade;0010529 - HRPL;0408020229 - REDUÇÃO INCRUENTA DE LUXAÇÃO / FRATURA-LUXAÇÃO DO COTOVELO;1;22851
2023;5;Eletivo;Média complexidade;3548104 - Centro da Visao;0405030134 - VITRECTOMIA ANTERIOR;1;23219
2023;11;Eletivo;Média complexidade;0010499 - HRT;0408050209 - REDUCAO INCRUENTA DE FRATURA / LESAO FISARIA DOS METATARSIANOS;1;25089
2023;11;Eletivo;Média complexidade;5717515 - HRSM;0414020081 - ENXERTO GENGIVAL;1;25164
2023;6;Urgência;Média complexidade;0010529 - HRPL;0408010134 - REDUCAO INCRUENTA DE LUXAÇÃO OU FRATURA / LUXAÇÃO ESCÁPULO-UMERAL;5;23509
2023;7;BPA-C;Média complexidade;9778144 - Policlínica Asa Norte;0404010270 - REMOCAO DE CERUMEN DE CONDUTO AUDITIVO EXTERNO UNI / BILATERAL;24;24050
2023;5;BPA-C;Atenção Básica;9764860 - CEO - Gama;0414020120 - EXODONTIA DE DENTE DECÍDUO;7;23362
2023;6;Eletivo;Alta complexidade;0010499 - HRT;0418010030 - CONFECCAO DE FISTULA ARTERIO-VENOSA P/ HEMODIALISE;1;23462
2023;12;BPA-C;Média complexidade;0010456 - HBDF;0414020243 - REIMPLANTE E TRANSPLANTE DENTAL (POR ELEMENTO);2;25330
2023;3;Eletivo;Média complexidade;0010510 - HUB;0405050097 - FACECTOMIA C/ IMPLANTE DE LENTE INTRA-OCULAR;2;22522
2023;9;Eletivo;Alta complexidade;0010510 - HUB;0418010013 - CONFECCAO DE FISTULA ARTERIO-VENOSA C/ ENXERTIA DE POLITETRAFLUORETILENO (PTFE);1;24492
2023;9;BPA-C;Média complexidade;9621709 - Policlínica II Taguatinga;0406020140 - EXCISAO E SUTURA DE LINFANGIOMA / NEVUS;3;24621
2023;7;Eletivo;Média complexidade;0010472 - HRG;0408050284 - REDUCAO INCRUENTA DE LUXACAO OU FRATURA / LUXACAO SUBTALAR E INTRATARSICA;1;23805
2023;10;BPA-C;Média complexidade;0010464 - HRAN;0413040011 - AUTONOMIZACAO DE RETALHO;1;24737
2023;4;Eletivo;Alta complexidade;0010456 - HBDF;0418010080 - IMPLANTE DE CATETER TIPO TENCKHOFF OU SIMILAR P/ DPA/DPAC;13;22738
2023;5;Eletivo;Média complexidade;0010510 - HUB;0405050020 - CAPSULOTOMIA A YAG LASER;69;23144
2023;11;BPA-C;Média complexidade;9622918 - CEO - Taguatinga;0414020073 - CURETAGEM PERIAPICAL;19;25230
2023;6;BPA-C;Média complexidade;0010456 - HBDF;0405010044 - DRENAGEM DE ABSCESSO DE PALPEBRA;1;23409
2023;7;Eletivo;Média complexidade;0010464 - HRAN;0409060089 - EXCISÃO TIPO I DO COLO UTERINO;2;23790
2023;11;BPA-C;Atenção Básica;9715797 - CEO - Guará;0414020138 - EXODONTIA DE DENTE PERMANENTE;11;25252
2023;1;Eletivo;Média complexidade;9622918 - CEO - Taguatinga;0404020445 - CONTENÇÃO DE DENTES POR SPLINTAGEM;4;22066
2023;5;Urgência;Média complexidade;0010456 - HBDF;0404020054 - DRENAGEM DE ABSCESSO DA BOCA E ANEXOS;6;23065
2023;10;BPA-C;Média complexidade;0010456 - HBDF;0404020488 - OSTEOTOMIA DAS FRATURAS ALVEOLO-DENTÁRIAS;1;24707
2023;11;Eletivo;Média complexidade;3055450 - CBV;0405050305 - SUTURA DE CORNEA;33;25143
2023;11;Eletivo;Média complexidade;0010472 - HRG;0408020156 - REDUÇÃO INCRUENTA DE FRATURA / LESÃO FISARIA DE COTOVELO;1;25074
2023;2;BPA-C;Média complexidade;9772243 - CEO - Paranoá;0414020073 - CURETAGEM PERIAPICAL;17;22390
2023;4;BPA-C;Atenção Básica;0010472 - HRG;0414020120 - EXODONTIA DE DENTE DECÍDUO;1;22798
2023;5;BPA-C;Média complexidade;0010456 - HBDF;0407010327 - TRATAMENTO ESCLEROSANTE DE LESOES NAO HEMORRAGICAS DO APARELHO DIGESTIVO INCLUINDO LIGADURA ELASTICA;1;23044
2023;2;BPA-C;Média complexidade;9622918 - CEO - Taguatinga;0414020278 - REMOÇÃO DE DENTE RETIDO (INCLUSO / IMPACTADO);34;22363
2023;9;Eletivo;Alta complexidade;3224228 - Renal Care;0418020035 - RETIRADA DE CATETER TIPO TENCKHOFF / SIMILAR DE LONGA PERMANÊNCIA;4;24552
2023;10;Urgência;Média complexidade;7592477 - UPA Sobradinho;0404020097 - EXCISÃO E SUTURA DE LESÃO NA BOCA;2;24878
2023;3;BPA-C;Atenção Básica;0010472 - HRG;0414020359 - TRATAMENTO CIRÚRGICO DE HEMORRAGIA BUCO-DENTAL;1;22472
2023;4;Eletivo;Média complexidade;7929129 - Clinica de Olhos Dr João Eugenio;0405030134 - VITRECTOMIA ANTERIOR;1;22945
2023;6;BPA-C;Média complexidade;0010499 - HRT;0409060097 - EXERESE DE POLIPO DE UTERO;1;23473
2023;10;BPA-C;Média complexidade;9690719 - CEO - Sobradinho;0414020146 - EXODONTIA MÚLTIPLA COM ALVEOLOPLASTIA POR SEXTANTE;1;24936
2023;12;Eletivo;Atenção Básica;0010464 - HRAN;0414020138 - EXODONTIA DE DENTE PERMANENTE;2;25353
2023;2;BPA-C;Média complexidade;9676473 - CEO - Ceilândia I;0414020219 - ODONTOSECÇÃO / RADILECTOMIA / TUNELIZAÇÃO;2;22370
2023;10;Urgência;Média complexidade;0010529 - HRPL;0408010134 - REDUCAO INCRUENTA DE LUXAÇÃO OU FRATURA / LUXAÇÃO ESCÁPULO-UMERAL;1;24787
2023;10;BPA-C;Atenção Básica;9676473 - CEO - Ceilândia I;0414020138 - EXODONTIA DE DENTE PERMANENTE;13;24928
2023;4;Eletivo;Média complexidade;2649527 - HAB;0404020054 - DRENAGEM DE ABSCESSO DA BOCA E ANEXOS;2;22872
2023;3;BPA-C;Média complexidade;9764860 - CEO - Gama;0414020219 - ODONTOSECÇÃO / RADILECTOMIA / TUNELIZAÇÃO;30;22710
2023;6;BPA-C;Média complexidade;9772243 - CEO - Paranoá;0414020219 - ODONTOSECÇÃO / RADILECTOMIA / TUNELIZAÇÃO;8;23714
2023;3;BPA-C;Média complexidade;9764860 - CEO - Gama;0414020146 - EXODONTIA MÚLTIPLA COM ALVEOLOPLASTIA POR SEXTANTE;2;22709
2023;4;Eletivo;Média complexidade;5717515 - HRSM;0414020154 - GENGIVECTOMIA (POR SEXTANTE);4;22920
2023;1;BPA-C;Média complexidade;9676473 - CEO - Ceilândia I;0414020219 - ODONTOSECÇÃO / RADILECTOMIA / TUNELIZAÇÃO;4;22071
2023;11;BPA-C;Atenção Básica;9772243 - CEO - Paranoá;0414020120 - EXODONTIA DE DENTE DECÍDUO;19;25265
2023;3;Eletivo;Média complexidade;0010472 - HRG;0407010254 - RETIRADA DE POLIPO DO TUBO DIGESTIVO POR ENDOSCOPIA;23;22478
2023;4;BPA-C;Média complexidade;9621709 - Policlínica II Taguatinga;0406020140 - EXCISAO E SUTURA DE LINFANGIOMA / NEVUS;1;22963
2023;9;Eletivo;Alta complexidade;5479878 - Davita Sobradinho;0418020019 - INTERVENCAO EM FISTULA ARTERIO-VENOSA;3;24559
2023;10;Eletivo;Alta complexidade;0010499 - HRT;0418010064 - IMPLANTE DE CATETER DUPLO LUMEN P/HEMODIALISE;7;24765
2023;5;BPA-C;Média complexidade;0010456 - HBDF;0415040043 - DEBRIDAMENTO DE ULCERA / NECROSE;1;23051
2023;8;Eletivo;Média complexidade;0010510 - HUB;0409010154 - EXTRACAO ENDOSCOPICA DE CORPO ESTRANHO / CALCULO EM URETER;2;24181
2023;7;BPA-C;Média complexidade;9578560 - CEO 11 - Ceilândia;0414020057 - CORREÇÃO DE IRREGULARIDADES DE REBORDO ALVEOLAR;2;23974
2023;5;Eletivo;Média complexidade;2645157 - HRL;0408060352 - RETIRADA DE FIO OU PINO INTRA-ÓSSEO;2;23192
2023;3;Eletivo;Alta complexidade;2779420 - Davita NEFRO Asa Sul;0418010048 - IMPLANTE DE CATETER DE LONGA PERMANÊNCIA P/ HEMODIALISE;5;22566
2023;3;BPA-C;Média complexidade;9621709 - Policlínica II Taguatinga;0409060097 - EXERESE DE POLIPO DE UTERO;1;22664
2023;1;BPA-C;Média complexidade;0010464 - HRAN;0406020140 - EXCISAO E SUTURA DE LINFANGIOMA / NEVUS;2;21864
2023;6;BPA-C;Média complexidade;9690719 - CEO - Sobradinho;0414020154 - GENGIVECTOMIA (POR SEXTANTE);1;23675
2023;4;BPA-C;Média complexidade;9622845 - CEO - Policlínica Taguatinga;0414020278 - REMOÇÃO DE DENTE RETIDO (INCLUSO / IMPACTADO);27;22972
2023;12;BPA-C;Média complexidade;0010472 - HRG;0414020073 - CURETAGEM PERIAPICAL;3;25373
2023;11;Eletivo;Média complexidade;;0404010270 - REMOCAO DE CERUMEN DE CONDUTO AUDITIVO EXTERNO UNI / BILATERAL;556;25292
2023;1;BPA-C;Média complexidade;0010502 - HRS;0407010319 - TRATAMENTO ESCLEROSANTE / LIGADURA ELASTICA DE LESAO HEMORRAGICA DO APARELHO DIGESTIVO;1;21905
2023;2;BPA-C;Média complexidade;0010456 - HBDF;0414020219 - ODONTOSECÇÃO / RADILECTOMIA / TUNELIZAÇÃO;1;22138
2023;2;BPA-C;Média complexidade;0010456 - HBDF;0407010319 - TRATAMENTO ESCLEROSANTE / LIGADURA ELASTICA DE LESAO HEMORRAGICA DO APARELHO DIGESTIVO;2;22134
2023;8;Eletivo;Média complexidade;0010464 - HRAN;0407010254 - RETIRADA DE POLIPO DO TUBO DIGESTIVO POR ENDOSCOPIA;1;24105
2023;12;Eletivo;Média complexidade;0010537 - HMIB;0414020375 - TRATAMENTO CIRÚRGICO PERIODONTAL (POR SEXTANTE);10;25410
2023;3;BPA-C;Média complexidade;0010456 - HBDF;0405010060 - EPILACAO DE CILIOS;1;22416
2023;3;Eletivo;Média complexidade;0010456 - HBDF;0409010294 - NEFROSTOMIA PERCUTANEA;7;22442
2023;4;Eletivo;Média complexidade;6876617 - HCB;0407020128 - DILATACAO DIGITAL / INSTRUMENTAL DO ANUS E/OU RETO;1;22940
2023;12;Urgência;Média complexidade;0010529 - HRPL;0408020229 - REDUÇÃO INCRUENTA DE LUXAÇÃO / FRATURA-LUXAÇÃO DO COTOVELO;1;25398
2023;2;Urgência;Média complexidade;0010529 - HRPL;0408020202 - REDUÇÃO INCRUENTA DE FRATURA DIAFISARIA DOS OSSOS DO ANTEBRAÇO;4;22235
2023;5;Eletivo;Média complexidade;9621709 - Policlínica II Taguatinga;0404010318 - RETIRADA DE CORPO ESTRANHO DE OUVIDO / FARINGE / LARINGE / NARIZ;3;23305
2023;3;Eletivo;Alta complexidade;0010499 - HRT;0418010080 - IMPLANTE DE CATETER TIPO TENCKHOFF OU SIMILAR P/ DPA/DPAC;2;22485
2023;2;Eletivo;Atenção Básica;5717515 - HRSM;0414020138 - EXODONTIA DE DENTE PERMANENTE;56;22287
2023;9;Eletivo;Média complexidade;5717515 - HRSM;0414010361 - EXERESE DE CISTO ODONTOGÊNICO E NÃO-ODONTOGÊNICO;3;24572
2023;6;BPA-C;Média complexidade;6876617 - HCB;0409020184 - URETROTOMIA P/ RETIRADA DE CALCULO OU CORPO ESTRANHO;1;23607
2023;10;Eletivo;Média complexidade;5717515 - HRSM;0404020631 - RETIRADA DE MEIOS DE FIXAÇÃO MAXILO-MANDIBULAR;3;24847
2023;11;BPA-C;Média complexidade;9578560 - CEO 11 - Ceilândia;0414020162 - GENGIVOPLASTIA (POR SEXTANTE);2;25212
2023;8;BPA-C;Média complexidade;9690719 - CEO - Sobradinho;0414020278 - REMOÇÃO DE DENTE RETIDO (INCLUSO / IMPACTADO);72;24357
2023;8;Eletivo;Média complexidade;9715797 - CEO - Guará;0404020097 - EXCISÃO E SUTURA DE LESÃO NA BOCA;3;24377
2023;8;BPA-C;Média complexidade;0010456 - HBDF;0414020022 - APICECTOMIA COM OU SEM OBTURAÇÃO RETRÓGRADA;1;24070
2023;9;BPA-C;Atenção Básica;0010456 - HBDF;0404010300 - RETIRADA DE CORPO ESTRANHO DA CAVIDADE AUDITIVA E NASAL;5;24409
2023;5;Eletivo;Média complexidade;6876617 - HCB;0406020620 - RETIRADA DE CATETER DE LONGA PERMANÊNCIA SEMI OU TOTALMENTE IMPLANTÁVEL;3;23266
2023;9;Eletivo;Alta complexidade;9967486 - IBRANE;0418010048 - IMPLANTE DE CATETER DE LONGA PERMANÊNCIA P/ HEMODIALISE;2;24694
2023;6;Eletivo;Média complexidade;9621709 - Policlínica II Taguatinga;0404010342 - TAMPONAMENTO NASAL ANTERIOR E/OU POSTERIOR;1;23644
2023;1;Eletivo;Média complexidade;0010537 - HMIB;0414020278 - REMOÇÃO DE DENTE RETIDO (INCLUSO / IMPACTADO);138;21951
2023;12;Eletivo;Média complexidade;0010456 - HBDF;0405050097 - FACECTOMIA C/ IMPLANTE DE LENTE INTRA-OCULAR;1;25340
2023;3;BPA-C;Atenção Básica;0010499 - HRT;0414020138 - EXODONTIA DE DENTE PERMANENTE;28;22487
2023;11;BPA-C;Média complexidade;9778136 - CEO - Asa Norte;0414020146 - EXODONTIA MÚLTIPLA COM ALVEOLOPLASTIA POR SEXTANTE;1;25276
2023;12;BPA-C;Média complexidade;9778144 - Policlínica Asa Norte;0406020140 - EXCISAO E SUTURA DE LINFANGIOMA / NEVUS;8;25569
2023;3;Eletivo;Média complexidade;0010464 - HRAN;0404010342 - TAMPONAMENTO NASAL ANTERIOR E/OU POSTERIOR;1;22459
2023;6;BPA-C;Média complexidade;9778136 - CEO - Asa Norte;0414020375 - TRATAMENTO CIRÚRGICO PERIODONTAL (POR SEXTANTE);9;23723
2023;10;Urgência;Média complexidade;5717515 - HRSM;0404020445 - CONTENÇÃO DE DENTES POR SPLINTAGEM;1;24860
2023;10;Eletivo;Alta complexidade;0010499 - HRT;0418010080 - IMPLANTE DE CATETER TIPO TENCKHOFF OU SIMILAR P/ DPA/DPAC;1;24766
2023;12;Eletivo;Alta complexidade;3224228 - Renal Care;0418020035 - RETIRADA DE CATETER TIPO TENCKHOFF / SIMILAR DE LONGA PERMANÊNCIA;1;25441
2023;6;Eletivo;Média complexidade;0010456 - HBDF;0405010176 - SUTURA DE PALPEBRAS;1;23420
2023;6;Eletivo;Média complexidade;0010464 - HRAN;0405010184 - TRATAMENTO CIRURGICO DE BLEFAROCALASE;5;23441
2023;6;Eletivo;Alta complexidade;0010499 - HRT;0418010048 - IMPLANTE DE CATETER DE LONGA PERMANÊNCIA P/ HEMODIALISE;23;23463
2023;3;BPA-C;Média complexidade;9778136 - CEO - Asa Norte;0414020146 - EXODONTIA MÚLTIPLA COM ALVEOLOPLASTIA POR SEXTANTE;3;22724
2023;7;Eletivo;Média complexidade;3055450 - CBV;0405030215 - RETINOPEXIA PNEUMÁTICA;38;23900
2023;2;Eletivo;Média complexidade;0010510 - HUB;0409050083 - POSTECTOMIA;2;22224
2023;6;Urgência;Média complexidade;0996068 - UPA Vicente Pires;0407040196 - PARACENTESE ABDOMINAL;1;23533
2023;3;Eletivo;Média complexidade;5598575 - Policlínica Gama;0404010318 - RETIRADA DE CORPO ESTRANHO DE OUVIDO / FARINGE / LARINGE / NARIZ;1;22591
2023;7;BPA-C;Média complexidade;0010456 - HBDF;0404020615 - REDUÇÃO DE LUXAÇÃO TÊMPORO-MANDIBULAR;5;23741
2023;8;Urgência;Média complexidade;5717515 - HRSM;0414020278 - REMOÇÃO DE DENTE RETIDO (INCLUSO / IMPACTADO);16;24278
2023;7;BPA-C;Média complexidade;9621709 - Policlínica II Taguatinga;0407010319 - TRATAMENTO ESCLEROSANTE / LIGADURA ELASTICA DE LESAO HEMORRAGICA DO APARELHO DIGESTIVO;1;23980
2023;4;Eletivo;Média complexidade;0010464 - HRAN;0405010184 - TRATAMENTO CIRURGICO DE BLEFAROCALASE;4;22787
2023;4;BPA-C;Média complexidade;9715797 - CEO - Guará;0414010345 - EXCISÃO DE CÁLCULO DE GLÂNDULA SALIVAR;1;22993
2023;2;Eletivo;Alta complexidade;9967486 - IBRANE;0418010030 - CONFECCAO DE FISTULA ARTERIO-VENOSA P/ HEMODIALISE;3;22401
2023;6;BPA-C;Média complexidade;0010456 - HBDF;0414020090 - ENXERTO ÓSSEO DE ÁREA DOADORA INTRABUCAL;1;23414
2023;3;Urgência;Atenção Básica;5717515 - HRSM;0414020138 - EXODONTIA DE DENTE PERMANENTE;12;22595
2023;7;BPA-C;Atenção Básica;0011347 - Adolescentro;0414020138 - EXODONTIA DE DENTE PERMANENTE;5;23879
2023;10;BPA-C;Média complexidade;9778136 - CEO - Asa Norte;0414010361 - EXERESE DE CISTO ODONTOGÊNICO E NÃO-ODONTOGÊNICO;1;24974
2023;7;BPA-C;Média complexidade;9516212 - Policlínica Paranoá;0409060097 - EXERESE DE POLIPO DE UTERO;1;23965
2023;4;BPA-C;Média complexidade;9622845 - CEO - Policlínica Taguatinga;0414020030 - APROFUNDAMENTO DE VESTÍBULO ORAL (POR SEXTANTE);1;22967
2023;5;Eletivo;Média complexidade;0010510 - HUB;0409040142 - ORQUIECTOMIA SUBCAPSULAR BILATERAL;1;23150
2023;8;Urgência;Média complexidade;7116756 - UPA São Sebastião;0404020097 - EXCISÃO E SUTURA DE LESÃO NA BOCA;2;24288
2023;8;Eletivo;Média complexidade;0010464 - HRAN;0409050083 - POSTECTOMIA;6;24109
2023;12;BPA-C;Média complexidade;0010464 - HRAN;0406020140 - EXCISAO E SUTURA DE LINFANGIOMA / NEVUS;1;25360
2023;10;Eletivo;Média complexidade;5717515 - HRSM;0408060352 - RETIRADA DE FIO OU PINO INTRA-ÓSSEO;5;24849
2023;7;Eletivo;Alta complexidade;0010510 - HUB;0418010048 - IMPLANTE DE CATETER DE LONGA PERMANÊNCIA P/ HEMODIALISE;7;23832
2023;10;Eletivo;Atenção Básica;9622918 - CEO - Taguatinga;0414020430 - EXODONTIA DE DENTE SUPRANUMERÁRIO;4;24915
2023;10;Eletivo;Média complexidade;9690719 - CEO - Sobradinho;0404020097 - EXCISÃO E SUTURA DE LESÃO NA BOCA;1;24941
2023;5;Eletivo;Média complexidade;0010464 - HRAN;0413010058 - CURATIVO EM PEQUENO QUEIMADO;306;23090
2023;5;Urgência;Média complexidade;0010529 - HRPL;0409070122 - DRENAGEM DE GLANDULA DE BARTHOLIN / SKENE;2;23169
2023;2;Urgência;Média complexidade;0010529 - HRPL;0408060352 - RETIRADA DE FIO OU PINO INTRA-ÓSSEO;10;22239
2023;6;Eletivo;Média complexidade;3055450 - CBV;0405050020 - CAPSULOTOMIA A YAG LASER;21;23555
2023;1;Eletivo;Alta complexidade;0010499 - HRT;0418010080 - IMPLANTE DE CATETER TIPO TENCKHOFF OU SIMILAR P/ DPA/DPAC;3;21885
2023;1;BPA-C;Média complexidade;6708714 - UPA Tipo III Samambaia;0415040043 - DEBRIDAMENTO DE ULCERA / NECROSE;3;22015
2023;12;BPA-C;Média complexidade;0939145 - UPA Gama;0415040043 - DEBRIDAMENTO DE ULCERA / NECROSE;1;25418
2023;1;Eletivo;Média complexidade;0010456 - HBDF;0405050399 - TRATAMENTO CIRÚRGICO DE DEISCÊNCIA DE SUTURA DE CÓRNEA;1;21851
2023;1;Eletivo;Média complexidade;0010456 - HBDF;0405010184 - TRATAMENTO CIRURGICO DE BLEFAROCALASE;3;21841
2023;4;BPA-C;Média complexidade;0010456 - HBDF;0405010044 - DRENAGEM DE ABSCESSO DE PALPEBRA;1;22751
2023;8;BPA-C;Atenção Básica;0010596 - Cent. Espec. Doenças Infecciosas;0414020138 - EXODONTIA DE DENTE PERMANENTE;46;24208
2023;9;Eletivo;Média complexidade;9621709 - Policlínica II Taguatinga;0404010318 - RETIRADA DE CORPO ESTRANHO DE OUVIDO / FARINGE / LARINGE / NARIZ;1;24624
2023;12;BPA-C;Atenção Básica;0010472 - HRG;0414020138 - EXODONTIA DE DENTE PERMANENTE;4;25372
2023;5;BPA-C;Média complexidade;9580816 - Cent. Espec. Saúde Mulher;0409060097 - EXERESE DE POLIPO DE UTERO;2;23299
2023;1;Urgência;Média complexidade;5717515 - HRSM;0414020057 - CORREÇÃO DE IRREGULARIDADES DE REBORDO ALVEOLAR;10;22011
2023;7;Eletivo;Média complexidade;5717515 - HRSM;0408060158 - MANIPULAÇÃO ARTICULAR;1;23929
2023;6;Eletivo;Alta complexidade;0010499 - HRT;0418020035 - RETIRADA DE CATETER TIPO TENCKHOFF / SIMILAR DE LONGA PERMANÊNCIA;14;23466
2023;9;BPA-C;Média complexidade;9578501 - Policlínica II Ceilândia;0407010319 - TRATAMENTO ESCLEROSANTE / LIGADURA ELASTICA DE LESAO HEMORRAGICA DO APARELHO DIGESTIVO;1;24608
2023;2;BPA-C;Média complexidade;0010456 - HBDF;0405050160 - INJECAO SUBCONJUTIVAL / SUBTENONIANA;1;22130
2023;12;Urgência;Média complexidade;7078730 - UPA Recanto das Emas;0407040196 - PARACENTESE ABDOMINAL;1;25483
2023;8;Urgência;Média complexidade;5717515 - HRSM;0408020202 - REDUÇÃO INCRUENTA DE FRATURA DIAFISARIA DOS OSSOS DO ANTEBRAÇO;2;24274
2023;5;BPA-C;Atenção Básica;0010456 - HBDF;0414020120 - EXODONTIA DE DENTE DECÍDUO;3;23032
2023;2;Eletivo;Média complexidade;0010510 - HUB;0405050194 - IRIDOTOMIA A LASER;12;22217
2023;3;Eletivo;Média complexidade;0010537 - HMIB;0404020623 - RETIRADA DE MATERIAL DE SÍNTESE ÓSSEA / DENTÁRIA;11;22549
2023;6;Eletivo;Média complexidade;3055450 - CBV;0405030045 - FOTOCOAGULACAO A LASER;2;23548
2023;1;BPA-C;Média complexidade;9622845 - CEO - Policlínica Taguatinga;0414020073 - CURETAGEM PERIAPICAL;48;22052
2023;9;Eletivo;Média complexidade;9621709 - Policlínica II Taguatinga;0409060089 - EXCISÃO TIPO I DO COLO UTERINO;3;24626
2023;8;BPA-C;Média complexidade;0010510 - HUB;0409060097 - EXERESE DE POLIPO DE UTERO;1;24171
2023;7;Urgência;Atenção Básica;5717515 - HRSM;0414020138 - EXODONTIA DE DENTE PERMANENTE;7;23922
2023;5;Eletivo;Média complexidade;0010537 - HMIB;0414020375 - TRATAMENTO CIRÚRGICO PERIODONTAL (POR SEXTANTE);3;23182
2023;2;BPA-C;Média complexidade;9578560 - CEO 11 - Ceilândia;0414020057 - CORREÇÃO DE IRREGULARIDADES DE REBORDO ALVEOLAR;22;22334
2023;11;BPA-C;Média complexidade;0010456 - HBDF;0405010060 - EPILACAO DE CILIOS;1;25023
2023;6;BPA-C;Média complexidade;6876617 - HCB;0408060654 - TRATAMENTO CIRÚRGICO DE POLIDACTILIA NÃO ARTICULADA;4;23605
2023;2;Eletivo;Média complexidade;9622918 - CEO - Taguatinga;0404020445 - CONTENÇÃO DE DENTES POR SPLINTAGEM;3;22366
2023;7;Eletivo;Média complexidade;9621709 - Policlínica II Taguatinga;0404010318 - RETIRADA DE CORPO ESTRANHO DE OUVIDO / FARINGE / LARINGE / NARIZ;1;23982
2023;5;BPA-C;Média complexidade;9778144 - Policlínica Asa Norte;0406020140 - EXCISAO E SUTURA DE LINFANGIOMA / NEVUS;18;23392
2023;12;Eletivo;Alta complexidade;0010464 - HRAN;0413010031 - CURATIVO EM GRANDE QUEIMADO;40;25351
2023;8;BPA-C;Média complexidade;5717515 - HRSM;0415040043 - DEBRIDAMENTO DE ULCERA / NECROSE;175;24253
2023;9;BPA-C;Média complexidade;9578560 - CEO 11 - Ceilândia;0414020278 - REMOÇÃO DE DENTE RETIDO (INCLUSO / IMPACTADO);35;24616
2023;5;BPA-C;Atenção Básica;9778136 - CEO - Asa Norte;0414020120 - EXODONTIA DE DENTE DECÍDUO;1;23381
2023;3;Eletivo;Média complexidade;0010456 - HBDF;0404010318 - RETIRADA DE CORPO ESTRANHO DE OUVIDO / FARINGE / LARINGE / NARIZ;3;22428
2023;9;Eletivo;Média complexidade;0010456 - HBDF;0405050097 - FACECTOMIA C/ IMPLANTE DE LENTE INTRA-OCULAR;1;24431
2023;2;BPA-C;Média complexidade;0010499 - HRT;0405010141 - SIMBLEFAROPLASTIA;1;22191
2023;9;Eletivo;Média complexidade;0010502 - HRS;0407020136 - DRENAGEM DE ABSCESSO ANU-RETAL;1;24490
2023;1;Urgência;Média complexidade;5717515 - HRSM;0404020038 - CORREÇÃO CIRÚRGICA DE FÍSTULA ORO-NASAL / ORO-SINUSAL;1;22004
2023;7;BPA-C;Média complexidade;0010456 - HBDF;0414020073 - CURETAGEM PERIAPICAL;1;23746
2023;10;BPA-C;Média complexidade;0010472 - HRG;0414020073 - CURETAGEM PERIAPICAL;2;24755
2023;8;Eletivo;Média complexidade;0010537 - HMIB;0414020073 - CURETAGEM PERIAPICAL;52;24205
2023;6;Eletivo;Média complexidade;9690719 - CEO - Sobradinho;0404020097 - EXCISÃO E SUTURA DE LESÃO NA BOCA;1;23681
2023;12;BPA-C;Atenção Básica;9690735 - CEO - Planaltina;0414020138 - EXODONTIA DE DENTE PERMANENTE;15;25542
2023;4;Eletivo;Média complexidade;3055450 - CBV;0405050305 - SUTURA DE CORNEA;27;22889
2023;3;BPA-C;Média complexidade;9764860 - CEO - Gama;0414020065 - CORREÇÃO DE TUBEROSIDADE DO MAXILAR;2;22707
2023;7;BPA-C;Média complexidade;9690719 - CEO - Sobradinho;0414020294 - REMOÇÃO DE TORUS E EXOSTOSES;1;24019
2023;7;Eletivo;Média complexidade;0010456 - HBDF;0405050097 - FACECTOMIA C/ IMPLANTE DE LENTE INTRA-OCULAR;4;23756
2023;2;BPA-C;Atenção Básica;0010456 - HBDF;0414020138 - EXODONTIA DE DENTE PERMANENTE;24;22122
2023;2;Eletivo;Atenção Básica;5717515 - HRSM;0414020120 - EXODONTIA DE DENTE DECÍDUO;3;22286
2023;6;Eletivo;Média complexidade;9690719 - CEO - Sobradinho;0404020054 - DRENAGEM DE ABSCESSO DA BOCA E ANEXOS;2;23680
2023;10;Eletivo;Média complexidade;0010502 - HRS;0409070122 - DRENAGEM DE GLANDULA DE BARTHOLIN / SKENE;1;24784
2023;8;BPA-C;Média complexidade;0010472 - HRG;0414020073 - CURETAGEM PERIAPICAL;2;24120
2023;10;Eletivo;Média complexidade;;0409040142 - ORQUIECTOMIA SUBCAPSULAR BILATERAL;1;25000
2023;6;BPA-C;Média complexidade;9772243 - CEO - Paranoá;0414020073 - CURETAGEM PERIAPICAL;19;23713
2023;2;BPA-C;Média complexidade;9715797 - CEO - Guará;0414020081 - ENXERTO GENGIVAL;1;22374
2023;6;Eletivo;Média complexidade;0010464 - HRAN;0413010040 - CURATIVO EM MEDIO QUEIMADO;1280;23449
2023;2;Eletivo;Média complexidade;3055450 - CBV;0405030223 - REMOÇÃO DE ÓLEO DE SILICONE;13;22270
2023;2;Eletivo;Alta complexidade;0010499 - HRT;0418010048 - IMPLANTE DE CATETER DE LONGA PERMANÊNCIA P/ HEMODIALISE;3;22185
2023;2;Eletivo;Média complexidade;3055450 - CBV;0405030134 - VITRECTOMIA ANTERIOR;30;22267
2023;11;BPA-C;Média complexidade;0010456 - HBDF;0404020615 - REDUÇÃO DE LUXAÇÃO TÊMPORO-MANDIBULAR;5;25020
2023;3;BPA-C;Média complexidade;9772243 - CEO - Paranoá;0414020073 - CURETAGEM PERIAPICAL;35;22716
2023;2;Eletivo;Média complexidade;9621709 - Policlínica II Taguatinga;0409070165 - EXTIRPACAO DE LESAO DE VULVA / PERINEO (POR ELETROCOAGULACAO OU FULGURACAO);1;22346
2023;9;Eletivo;Média complexidade;9690719 - CEO - Sobradinho;0404020097 - EXCISÃO E SUTURA DE LESÃO NA BOCA;7;24656
2023;5;Eletivo;Média complexidade;0010464 - HRAN;0409040240 - VASECTOMIA;28;23085
2023;5;Eletivo;Média complexidade;9690719 - CEO - Sobradinho;0404020054 - DRENAGEM DE ABSCESSO DA BOCA E ANEXOS;3;23348
2023;12;Eletivo;Média complexidade;;0404020097 - EXCISÃO E SUTURA DE LESÃO NA BOCA;6;25582
2023;2;BPA-C;Média complexidade;9622845 - CEO - Policlínica Taguatinga;0414020375 - TRATAMENTO CIRÚRGICO PERIODONTAL (POR SEXTANTE);14;22356
2023;9;BPA-C;Média complexidade;9622918 - CEO - Taguatinga;0414020073 - CURETAGEM PERIAPICAL;5;24639
2023;3;Eletivo;Média complexidade;9690719 - CEO - Sobradinho;0404020097 - EXCISÃO E SUTURA DE LESÃO NA BOCA;2;22699
2023;9;Eletivo;Média complexidade;5717515 - HRSM;0414020073 - CURETAGEM PERIAPICAL;97;24574
2023;6;Eletivo;Alta complexidade;0010502 - HRS;0418010048 - IMPLANTE DE CATETER DE LONGA PERMANÊNCIA P/ HEMODIALISE;1;23480
2023;9;Eletivo;Média complexidade;5717515 - HRSM;0414020057 - CORREÇÃO DE IRREGULARIDADES DE REBORDO ALVEOLAR;65;24573
2023;11;Eletivo;Média complexidade;3055450 - CBV;0405030150 - VITRIOLISE A YAG LASER;13;25137
2023;3;BPA-C;Média complexidade;0010456 - HBDF;0404020623 - RETIRADA DE MATERIAL DE SÍNTESE ÓSSEA / DENTÁRIA;9;22415
2023;1;Eletivo;Média complexidade;0010464 - HRAN;0413010058 - CURATIVO EM PEQUENO QUEIMADO;426;21874
2023;12;BPA-C;Média complexidade;9715797 - CEO - Guará;0414020243 - REIMPLANTE E TRANSPLANTE DENTAL (POR ELEMENTO);1;25549
2023;12;Eletivo;Alta complexidade;7980221 - Visão Hosp. de Olhos;0405050372 - FACOEMULSIFICACAO C/ IMPLANTE DE LENTE INTRA-OCULAR DOBRAVEL;10;25497
2023;1;BPA-C;Atenção Básica;0010472 - HRG;0414020138 - EXODONTIA DE DENTE PERMANENTE;8;21876
2023;5;Urgência;Média complexidade;0945595 - UPA Riacho Fundo;0404020097 - EXCISÃO E SUTURA DE LESÃO NA BOCA;1;23188
2023;9;BPA-C;Média complexidade;5717515 - HRSM;0415040043 - DEBRIDAMENTO DE ULCERA / NECROSE;103;24568
2023;5;Eletivo;Alta complexidade;2779420 - Davita NEFRO Asa Sul;0418010048 - IMPLANTE DE CATETER DE LONGA PERMANÊNCIA P/ HEMODIALISE;3;23198
2023;4;Eletivo;Média complexidade;5717515 - HRSM;0414020146 - EXODONTIA MÚLTIPLA COM ALVEOLOPLASTIA POR SEXTANTE;3;22919
2023;12;BPA-C;Média complexidade;0010456 - HBDF;0405010141 - SIMBLEFAROPLASTIA;1;25323
2023;4;BPA-C;Média complexidade;9621709 - Policlínica II Taguatinga;0404010270 - REMOCAO DE CERUMEN DE CONDUTO AUDITIVO EXTERNO UNI / BILATERAL;126;22962
2023;6;Eletivo;Média complexidade;0010537 - HMIB;0404020054 - DRENAGEM DE ABSCESSO DA BOCA E ANEXOS;4;23521
2023;9;Eletivo;Média complexidade;0010510 - HUB;0414020219 - ODONTOSECÇÃO / RADILECTOMIA / TUNELIZAÇÃO;29;24513
2023;5;BPA-C;Atenção Básica;9772243 - CEO - Paranoá;0414020405 - ULOTOMIA/ULECTOMIA;3;23374
2023;4;Eletivo;Média complexidade;5717515 - HRSM;0414020219 - ODONTOSECÇÃO / RADILECTOMIA / TUNELIZAÇÃO;43;22921
2023;5;Urgência;Média complexidade;5717515 - HRSM;0408020202 - REDUÇÃO INCRUENTA DE FRATURA DIAFISARIA DOS OSSOS DO ANTEBRAÇO;2;23251
2023;9;Eletivo;Média complexidade;0010464 - HRAN;0409050083 - POSTECTOMIA;1;24458
2023;2;BPA-C;Atenção Básica;9772243 - CEO - Paranoá;0414020405 - ULOTOMIA/ULECTOMIA;1;22387
2023;4;Eletivo;Atenção Básica;0010510 - HUB;0414020120 - EXODONTIA DE DENTE DECÍDUO;4;22830
2023;12;Eletivo;Média complexidade;;0405050364 - TRATAMENTO CIRURGICO DE PTERIGIO;10;25588
2023;6;BPA-C;Atenção Básica;9715797 - CEO - Guará;0414020138 - EXODONTIA DE DENTE PERMANENTE;6;23689
2023;12;Eletivo;Alta complexidade;7494424 - Ultramed;0418010030 - CONFECCAO DE FISTULA ARTERIO-VENOSA P/ HEMODIALISE;4;25489
2023;8;Eletivo;Alta complexidade;3055450 - CBV;0405050372 - FACOEMULSIFICACAO C/ IMPLANTE DE LENTE INTRA-OCULAR DOBRAVEL;18;24225
2023;11;Eletivo;Média complexidade;;0414020219 - ODONTOSECÇÃO / RADILECTOMIA / TUNELIZAÇÃO;34;25308
2023;1;BPA-C;Média complexidade;9578560 - CEO 11 - Ceilândia;0414020057 - CORREÇÃO DE IRREGULARIDADES DE REBORDO ALVEOLAR;12;22037
2023;5;Urgência;Média complexidade;5717515 - HRSM;0408020172 - REDUÇÃO INCRUENTA DE FRATURA / LESÃO FISARIA NO PUNHO;1;23250
2023;3;Eletivo;Média complexidade;5717515 - HRSM;0414020073 - CURETAGEM PERIAPICAL;157;22607
2023;5;Eletivo;Média complexidade;3055450 - CBV;0405030223 - REMOÇÃO DE ÓLEO DE SILICONE;13;23209
2023;8;BPA-C;Média complexidade;9690719 - CEO - Sobradinho;0414020073 - CURETAGEM PERIAPICAL;47;24354
2023;12;Eletivo;Média complexidade;9516212 - Policlínica Paranoá;0409060089 - EXCISÃO TIPO I DO COLO UTERINO;2;25500
2023;2;Eletivo;Alta complexidade;0010499 - HRT;0418020035 - RETIRADA DE CATETER TIPO TENCKHOFF / SIMILAR DE LONGA PERMANÊNCIA;15;22188
2023;9;BPA-C;Média complexidade;9548858 - Policlínica Núcleo Bandeirante;0404010156 - INFILTRACAO MEDICAMENTOSA EM CORNETO INFERIOR;1;24605
2023;5;Eletivo;Média complexidade;3055450 - CBV;0405030134 - VITRECTOMIA ANTERIOR;27;23206
2023;3;BPA-C;Atenção Básica;0010456 - HBDF;0414020359 - TRATAMENTO CIRÚRGICO DE HEMORRAGIA BUCO-DENTAL;1;22408
2023;2;Eletivo;Média complexidade;0010464 - HRAN;0405030053 - INJECAO INTRA-VITREO;8;22164
2023;5;Eletivo;Média complexidade;3055450 - CBV;0405030096 - SUTURA DE ESCLERA;36;23205
2023;7;Eletivo;Média complexidade;0010510 - HUB;0405050364 - TRATAMENTO CIRURGICO DE PTERIGIO;20;23844
2023;6;Eletivo;Alta complexidade;3224228 - Renal Care;0418010080 - IMPLANTE DE CATETER TIPO TENCKHOFF OU SIMILAR P/ DPA/DPAC;5;23562
2023;8;BPA-C;Atenção Básica;0010502 - HRS;0414020138 - EXODONTIA DE DENTE PERMANENTE;2;24155
2023;3;Eletivo;Alta complexidade;0010499 - HRT;0405050372 - FACOEMULSIFICACAO C/ IMPLANTE DE LENTE INTRA-OCULAR DOBRAVEL;106;22482
2023;5;Urgência;Média complexidade;5717515 - HRSM;0414020073 - CURETAGEM PERIAPICAL;8;23254
2023;10;Eletivo;Média complexidade;;0405050364 - TRATAMENTO CIRURGICO DE PTERIGIO;31;24997
2023;11;BPA-C;Média complexidade;0010456 - HBDF;0405050364 - TRATAMENTO CIRURGICO DE PTERIGIO;10;25027
2023;4;Eletivo;Média complexidade;0010510 - HUB;0414020243 - REIMPLANTE E TRANSPLANTE DENTAL (POR ELEMENTO);1;22845
2023;5;Eletivo;Média complexidade;0010510 - HUB;0414020057 - CORREÇÃO DE IRREGULARIDADES DE REBORDO ALVEOLAR;16;23154
2023;3;Eletivo;Média complexidade;0010499 - HRT;0415040035 - DEBRIDAMENTO DE ULCERA / DE TECIDOS DESVITALIZADOS;1;22497
2023;5;Urgência;Média complexidade;7465157 - UPA Ceilândia;0412050170 - TORACOCENTESE/DRENAGEM DE PLEURA;1;23272
2023;8;Eletivo;Alta complexidade;3224228 - Renal Care;0418010030 - CONFECCAO DE FISTULA ARTERIO-VENOSA P/ HEMODIALISE;1;24236
2023;6;Eletivo;Atenção Básica;0010537 - HMIB;0414020120 - EXODONTIA DE DENTE DECÍDUO;65;23519
2023;4;Eletivo;Média complexidade;0010510 - HUB;0414020278 - REMOÇÃO DE DENTE RETIDO (INCLUSO / IMPACTADO);35;22846
2023;7;Eletivo;Média complexidade;9772243 - CEO - Paranoá;0404020100 - EXCISÃO EM CUNHA DE LÁBIO;1;24043
2023;5;Eletivo;Atenção Básica;0010537 - HMIB;0414020120 - EXODONTIA DE DENTE DECÍDUO;64;23170
2023;2;Eletivo;Alta complexidade;3055450 - CBV;0405050372 - FACOEMULSIFICACAO C/ IMPLANTE DE LENTE INTRA-OCULAR DOBRAVEL;22;22263
2023;3;Eletivo;Média complexidade;0010510 - HUB;0414020278 - REMOÇÃO DE DENTE RETIDO (INCLUSO / IMPACTADO);64;22533
2023;4;BPA-C;Média complexidade;9622918 - CEO - Taguatinga;0414020375 - TRATAMENTO CIRÚRGICO PERIODONTAL (POR SEXTANTE);21;22984
2023;10;Urgência;Média complexidade;5717515 - HRSM;0404020054 - DRENAGEM DE ABSCESSO DA BOCA E ANEXOS;5;24858
2023;4;Eletivo;Média complexidade;0010456 - HBDF;0405050151 - IMPLANTE SECUNDARIO DE LENTE INTRA-OCULAR - LIO;7;22772
2023;12;BPA-C;Média complexidade;0010456 - HBDF;0414020278 - REMOÇÃO DE DENTE RETIDO (INCLUSO / IMPACTADO);8;25331
2023;3;BPA-C;Média complexidade;0010456 - HBDF;0407010319 - TRATAMENTO ESCLEROSANTE / LIGADURA ELASTICA DE LESAO HEMORRAGICA DO APARELHO DIGESTIVO;5;22421
2023;12;Eletivo;Alta complexidade;3224228 - Renal Care;0418010080 - IMPLANTE DE CATETER TIPO TENCKHOFF OU SIMILAR P/ DPA/DPAC;16;25440
2023;7;BPA-C;Atenção Básica;0010456 - HBDF;0414020120 - EXODONTIA DE DENTE DECÍDUO;7;23734
2023;11;BPA-C;Média complexidade;0010464 - HRAN;0405050364 - TRATAMENTO CIRURGICO DE PTERIGIO;6;25054
2023;5;BPA-C;Média complexidade;0010499 - HRT;0405010044 - DRENAGEM DE ABSCESSO DE PALPEBRA;3;23112
2023;8;Eletivo;Média complexidade;5717515 - HRSM;0404020631 - RETIRADA DE MEIOS DE FIXAÇÃO MAXILO-MANDIBULAR;2;24257
2023;8;BPA-C;Atenção Básica;2649527 - HAB;0414020120 - EXODONTIA DE DENTE DECÍDUO;14;24218
2023;7;BPA-C;Atenção Básica;9690719 - CEO - Sobradinho;0414020120 - EXODONTIA DE DENTE DECÍDUO;1;24011
2023;8;BPA-C;Média complexidade;0010529 - HRPL;0415040043 - DEBRIDAMENTO DE ULCERA / NECROSE;3;24192
2023;10;Eletivo;Média complexidade;3055450 - CBV;0405050305 - SUTURA DE CORNEA;34;24825
2023;1;BPA-C;Média complexidade;9622845 - CEO - Policlínica Taguatinga;0414010361 - EXERESE DE CISTO ODONTOGÊNICO E NÃO-ODONTOGÊNICO;1;22050
2023;1;Eletivo;Média complexidade;9621709 - Policlínica II Taguatinga;0409070165 - EXTIRPACAO DE LESAO DE VULVA / PERINEO (POR ELETROCOAGULACAO OU FULGURACAO);1;22047
2023;1;Eletivo;Média complexidade;0010510 - HUB;0414020243 - REIMPLANTE E TRANSPLANTE DENTAL (POR ELEMENTO);2;21929
2023;3;BPA-C;Média complexidade;9578536 - Policlínica Brazlândia;0406020140 - EXCISAO E SUTURA DE LINFANGIOMA / NEVUS;2;22649
2023;9;BPA-C;Média complexidade;9621709 - Policlínica II Taguatinga;0415040043 - DEBRIDAMENTO DE ULCERA / NECROSE;3;24623
2023;5;Eletivo;Média complexidade;0010510 - HUB;0409050083 - POSTECTOMIA;2;23152
2023;5;BPA-C;Média complexidade;9764860 - CEO - Gama;0414020057 - CORREÇÃO DE IRREGULARIDADES DE REBORDO ALVEOLAR;9;23365
2023;8;BPA-C;Atenção Básica;9715797 - CEO - Guará;0414020120 - EXODONTIA DE DENTE DECÍDUO;5;24369
2023;7;Eletivo;Média complexidade;5717515 - HRSM;0414020073 - CURETAGEM PERIAPICAL;80;23932
2023;11;BPA-C;Média complexidade;5598575 - Policlínica Gama;0404010270 - REMOCAO DE CERUMEN DE CONDUTO AUDITIVO EXTERNO UNI / BILATERAL;41;25149
2023;7;Eletivo;Média complexidade;0010456 - HBDF;0405040016 - CORRECAO CIRURGICA DE LAGOFTALMO;3;23754
2023;3;BPA-C;Média complexidade;9764860 - CEO - Gama;0414020278 - REMOÇÃO DE DENTE RETIDO (INCLUSO / IMPACTADO);86;22711
2023;11;Eletivo;Média complexidade;0010456 - HBDF;0405030096 - SUTURA DE ESCLERA;1;25039
2023;10;Eletivo;Média complexidade;0010537 - HMIB;0414020278 - REMOÇÃO DE DENTE RETIDO (INCLUSO / IMPACTADO);134;24799
2023;10;Eletivo;Média complexidade;9772243 - CEO - Paranoá;0404020097 - EXCISÃO E SUTURA DE LESÃO NA BOCA;2;24971
2023;1;Urgência;Média complexidade;0939145 - UPA Gama;0407040196 - PARACENTESE ABDOMINAL;1;21960
2023;7;Eletivo;Alta complexidade;2779420 - Davita NEFRO Asa Sul;0418020035 - RETIRADA DE CATETER TIPO TENCKHOFF / SIMILAR DE LONGA PERMANÊNCIA;1;23894
2023;8;BPA-C;Média complexidade;0010456 - HBDF;0404020615 - REDUÇÃO DE LUXAÇÃO TÊMPORO-MANDIBULAR;2;24065
2023;9;BPA-C;Atenção Básica;0010472 - HRG;0414020138 - EXODONTIA DE DENTE PERMANENTE;14;24463
2023;2;Eletivo;Atenção Básica;0010537 - HMIB;0414020138 - EXODONTIA DE DENTE PERMANENTE;35;22242
2023;3;Eletivo;Alta complexidade;0010510 - HUB;0418010013 - CONFECCAO DE FISTULA ARTERIO-VENOSA C/ ENXERTIA DE POLITETRAFLUORETILENO (PTFE);1;22510
2023;8;Eletivo;Alta complexidade;0010499 - HRT;0405050372 - FACOEMULSIFICACAO C/ IMPLANTE DE LENTE INTRA-OCULAR DOBRAVEL;48;24127
2023;3;BPA-C;Atenção Básica;9778136 - CEO - Asa Norte;0414020120 - EXODONTIA DE DENTE DECÍDUO;6;22721
2023;8;BPA-C;Média complexidade;9715797 - CEO - Guará;0414020057 - CORREÇÃO DE IRREGULARIDADES DE REBORDO ALVEOLAR;34;24371
2023;2;BPA-C;Média complexidade;9578560 - CEO 11 - Ceilândia;0414020375 - TRATAMENTO CIRÚRGICO PERIODONTAL (POR SEXTANTE);3;22339
2023;12;Eletivo;Média complexidade;0010456 - HBDF;0405050216 - RECOBRIMENTO CONJUNTIVAL;1;25341
2023;10;BPA-C;Média complexidade;9621709 - Policlínica II Taguatinga;0409050067 - PLASTICA DE FREIO BALANO-PREPUCIAL;1;24901
2023;1;BPA-C;Média complexidade;9764860 - CEO - Gama;0414020219 - ODONTOSECÇÃO / RADILECTOMIA / TUNELIZAÇÃO;14;22097
2023;10;Eletivo;Média complexidade;0010537 - HMIB;0404020054 - DRENAGEM DE ABSCESSO DA BOCA E ANEXOS;3;24793
2023;10;Eletivo;Média complexidade;0010456 - HBDF;0405040202 - TRATAMENTO DE PTOSE PALPEBRAL;1;24723
2023;6;BPA-C;Média complexidade;9764860 - CEO - Gama;0414020294 - REMOÇÃO DE TORUS E EXOSTOSES;3;23705
2023;9;BPA-C;Média complexidade;9715797 - CEO - Guará;0414020278 - REMOÇÃO DE DENTE RETIDO (INCLUSO / IMPACTADO);10;24664
2023;1;BPA-C;Média complexidade;0010464 - HRAN;0405050364 - TRATAMENTO CIRURGICO DE PTERIGIO;12;21863
2023;1;BPA-C;Média complexidade;9621709 - Policlínica II Taguatinga;0404010270 - REMOCAO DE CERUMEN DE CONDUTO AUDITIVO EXTERNO UNI / BILATERAL;149;22043
2023;12;BPA-C;Atenção Básica;9778136 - CEO - Asa Norte;0414020138 - EXODONTIA DE DENTE PERMANENTE;38;25561
2023;7;Eletivo;Média complexidade;0010537 - HMIB;0414020278 - REMOÇÃO DE DENTE RETIDO (INCLUSO / IMPACTADO);117;23875
2023;5;BPA-C;Média complexidade;5598575 - Policlínica Gama;0404010270 - REMOCAO DE CERUMEN DE CONDUTO AUDITIVO EXTERNO UNI / BILATERAL;77;23224
2023;5;Eletivo;Atenção Básica;0010510 - HUB;0414020138 - EXODONTIA DE DENTE PERMANENTE;96;23135
2023;11;Eletivo;Média complexidade;0010472 - HRG;0405050089 - EXERESE DE TUMOR DE CONJUNTIVA;1;25071
2023;9;Urgência;Média complexidade;0010529 - HRPL;0409070122 - DRENAGEM DE GLANDULA DE BARTHOLIN / SKENE;5;24522
2023;5;Eletivo;Alta complexidade;0010456 - HBDF;0418010080 - IMPLANTE DE CATETER TIPO TENCKHOFF OU SIMILAR P/ DPA/DPAC;4;23030
2023;8;Eletivo;Alta complexidade;2779366 - Oftalmed Matriz;0405050372 - FACOEMULSIFICACAO C/ IMPLANTE DE LENTE INTRA-OCULAR DOBRAVEL;40;24221
2023;5;Eletivo;Atenção Básica;5717515 - HRSM;0414020138 - EXODONTIA DE DENTE PERMANENTE;32;23226
2023;1;Eletivo;Média complexidade;0010510 - HUB;0407040196 - PARACENTESE ABDOMINAL;40;21919
2023;1;BPA-C;Média complexidade;6876617 - HCB;0407010319 - TRATAMENTO ESCLEROSANTE / LIGADURA ELASTICA DE LESAO HEMORRAGICA DO APARELHO DIGESTIVO;2;22018
2023;8;BPA-C;Média complexidade;9620311 - Policlínica Guará I;0404010270 - REMOCAO DE CERUMEN DE CONDUTO AUDITIVO EXTERNO UNI / BILATERAL;26;24312
2023;11;BPA-C;Média complexidade;0010456 - HBDF;0404010393 - TRATAMENTO CIRURGICO DE PERICONDRITE DE PAVILHAO;2;25018
2023;8;Urgência;Média complexidade;0945595 - UPA Riacho Fundo;0412050170 - TORACOCENTESE/DRENAGEM DE PLEURA;1;24215
2023;4;BPA-C;Média complexidade;9580816 - Cent. Espec. Saúde Mulher;0409060097 - EXERESE DE POLIPO DE UTERO;1;22959
2023;1;Urgência;Média complexidade;5717515 - HRSM;0414020219 - ODONTOSECÇÃO / RADILECTOMIA / TUNELIZAÇÃO;1;22013
2023;1;Eletivo;Média complexidade;0010537 - HMIB;0404020054 - DRENAGEM DE ABSCESSO DA BOCA E ANEXOS;4;21945
2023;10;Eletivo;Média complexidade;;0404010270 - REMOCAO DE CERUMEN DE CONDUTO AUDITIVO EXTERNO UNI / BILATERAL;596;24993
2023;11;BPA-C;Atenção Básica;9622918 - CEO - Taguatinga;0414020120 - EXODONTIA DE DENTE DECÍDUO;14;25226
2023;10;BPA-C;Média complexidade;9772243 - CEO - Paranoá;0414020278 - REMOÇÃO DE DENTE RETIDO (INCLUSO / IMPACTADO);41;24968
2023;9;Urgência;Média complexidade;5717515 - HRSM;0407040196 - PARACENTESE ABDOMINAL;1;24581
2023;8;BPA-C;Atenção Básica;9772243 - CEO - Paranoá;0414020405 - ULOTOMIA/ULECTOMIA;1;24390
2023;6;BPA-C;Média complexidade;9620311 - Policlínica Guará I;0404010270 - REMOCAO DE CERUMEN DE CONDUTO AUDITIVO EXTERNO UNI / BILATERAL;70;23637
2023;1;Eletivo;Média complexidade;0010499 - HRT;0405010192 - TRATAMENTO CIRURGICO DE TRIQUIASE C/ OU S/ ENXERTO;1;21896
2023;10;BPA-C;Média complexidade;0010456 - HBDF;0414020154 - GENGIVECTOMIA (POR SEXTANTE);2;24713
2023;3;BPA-C;Média complexidade;9622918 - CEO - Taguatinga;0414020278 - REMOÇÃO DE DENTE RETIDO (INCLUSO / IMPACTADO);19;22687
2023;3;Eletivo;Média complexidade;0010464 - HRAN;0413010040 - CURATIVO EM MEDIO QUEIMADO;1353;22468
2023;12;Eletivo;Média complexidade;;0406020620 - RETIRADA DE CATETER DE LONGA PERMANÊNCIA SEMI OU TOTALMENTE IMPLANTÁVEL;1;25589
2023;12;Urgência;Atenção Básica;5717515 - HRSM;0414020120 - EXODONTIA DE DENTE DECÍDUO;2;25450
2023;4;Eletivo;Média complexidade;0010464 - HRAN;0409040240 - VASECTOMIA;27;22791
2023;4;Eletivo;Média complexidade;5717515 - HRSM;0404020097 - EXCISÃO E SUTURA DE LESÃO NA BOCA;4;22908
2023;10;BPA-C;Média complexidade;9690719 - CEO - Sobradinho;0414020219 - ODONTOSECÇÃO / RADILECTOMIA / TUNELIZAÇÃO;54;24937
2023;5;BPA-C;Média complexidade;9778136 - CEO - Asa Norte;0414020073 - CURETAGEM PERIAPICAL;8;23383
2023;1;Eletivo;Média complexidade;0010456 - HBDF;0405050011 - CAPSULECTOMIA POSTERIOR CIRURGICA;1;21846
2023;6;BPA-C;Atenção Básica;0010456 - HBDF;0414020120 - EXODONTIA DE DENTE DECÍDUO;3;23401
2023;12;BPA-C;Média complexidade;9621709 - Policlínica II Taguatinga;0407010327 - TRATAMENTO ESCLEROSANTE DE LESOES NAO HEMORRAGICAS DO APARELHO DIGESTIVO INCLUINDO LIGADURA ELASTICA;1;25514
2023;11;BPA-C;Média complexidade;5598575 - Policlínica Gama;0415040043 - DEBRIDAMENTO DE ULCERA / NECROSE;1;25150
2023;1;Eletivo;Média complexidade;5717515 - HRSM;0414020200 - MARSUPIALIZAÇÃO DE CISTOS E PSEUDOCISTOS;5;22001
2023;9;Eletivo;Média complexidade;9778136 - CEO - Asa Norte;0404020089 - EXCISÃO DE RÂNULA OU FENÔMENO DE RETENÇÃO SALIVAR;1;24691
2023;11;BPA-C;Média complexidade;0010502 - HRS;0407010319 - TRATAMENTO ESCLEROSANTE / LIGADURA ELASTICA DE LESAO HEMORRAGICA DO APARELHO DIGESTIVO;1;25098
2023;7;Eletivo;Alta complexidade;2779420 - Davita NEFRO Asa Sul;0418010013 - CONFECCAO DE FISTULA ARTERIO-VENOSA C/ ENXERTIA DE POLITETRAFLUORETILENO (PTFE);2;23889
2023;6;Eletivo;Média complexidade;0010456 - HBDF;0412010062 - PUNCAO DE TRAQUEIA C/ ASPIRACAO;1;23429
2023;2;BPA-C;Média complexidade;0010456 - HBDF;0414020243 - REIMPLANTE E TRANSPLANTE DENTAL (POR ELEMENTO);3;22139
2023;12;Eletivo;Atenção Básica;;0414020120 - EXODONTIA DE DENTE DECÍDUO;1;25577
2023;3;Urgência;Média complexidade;0010529 - HRPL;0408050268 - REDUCAO INCRUENTA DE LUXACAO / FRATURA-LUXACAO DO JOELHO;3;22542
2023;10;Eletivo;Atenção Básica;9578560 - CEO 11 - Ceilândia;0414020430 - EXODONTIA DE DENTE SUPRANUMERÁRIO;1;24891
2023;7;BPA-C;Média complexidade;9690719 - CEO - Sobradinho;0414020219 - ODONTOSECÇÃO / RADILECTOMIA / TUNELIZAÇÃO;36;24017
2023;11;Eletivo;Alta complexidade;;0407030107 - DRENAGEM BILIAR PERCUTANEA EXTERNA;1;25286
2023;5;Urgência;Média complexidade;0945595 - UPA Riacho Fundo;0407040196 - PARACENTESE ABDOMINAL;1;23189
2023;11;BPA-C;Atenção Básica;2645157 - HRL;0404010300 - RETIRADA DE CORPO ESTRANHO DA CAVIDADE AUDITIVA E NASAL;1;25123
2023;6;BPA-C;Atenção Básica;9764860 - CEO - Gama;0414020383 - TRATAMENTO DE ALVEOLITE;5;23698
2023;11;BPA-C;Média complexidade;9715797 - CEO - Guará;0414020278 - REMOÇÃO DE DENTE RETIDO (INCLUSO / IMPACTADO);29;25255
2023;5;Eletivo;Média complexidade;0010464 - HRAN;0407040196 - PARACENTESE ABDOMINAL;1;23083
2023;9;BPA-C;Média complexidade;9622845 - CEO - Policlínica Taguatinga;0414020219 - ODONTOSECÇÃO / RADILECTOMIA / TUNELIZAÇÃO;12;24631
2023;3;Urgência;Média complexidade;5717515 - HRSM;0404020097 - EXCISÃO E SUTURA DE LESÃO NA BOCA;1;22614
2023;9;Eletivo;Alta complexidade;7980221 - Visão Hosp. de Olhos;0405050372 - FACOEMULSIFICACAO C/ IMPLANTE DE LENTE INTRA-OCULAR DOBRAVEL;102;24599
2023;8;BPA-C;Média complexidade;0010456 - HBDF;0404010091 - DUCHA DE POLITZER (UNI / BILATERAL);5;24061
2023;9;Urgência;Média complexidade;5717515 - HRSM;0414020073 - CURETAGEM PERIAPICAL;11;24584
2023;1;BPA-C;Média complexidade;0010456 - HBDF;0404020615 - REDUÇÃO DE LUXAÇÃO TÊMPORO-MANDIBULAR;8;21828
2023;6;BPA-C;Média complexidade;9778136 - CEO - Asa Norte;0414020162 - GENGIVOPLASTIA (POR SEXTANTE);6;23720
2023;3;BPA-C;Média complexidade;9690719 - CEO - Sobradinho;0414020073 - CURETAGEM PERIAPICAL;2;22696
2023;1;BPA-C;Média complexidade;0010456 - HBDF;0414020057 - CORREÇÃO DE IRREGULARIDADES DE REBORDO ALVEOLAR;3;21835
2023;4;Eletivo;Média complexidade;5717515 - HRSM;0404020313 - RETIRADA DE CORPO ESTRANHO DOS OSSOS DA FACE;1;22909
2023;6;Urgência;Média complexidade;5717515 - HRSM;0404020577 - REDUÇÃO DE FRATURA ALVEOLO-DENTÁRIA SEM OSTEOSSÍNTESE;1;23594
2023;11;Eletivo;Média complexidade;5717515 - HRSM;0414020022 - APICECTOMIA COM OU SEM OBTURAÇÃO RETRÓGRADA;1;25161
2023;2;BPA-C;Média complexidade;9715797 - CEO - Guará;0414020073 - CURETAGEM PERIAPICAL;18;22373
2023;4;Urgência;Atenção Básica;5717515 - HRSM;0414020138 - EXODONTIA DE DENTE PERMANENTE;6;22905
2023;7;Eletivo;Média complexidade;0010456 - HBDF;0407010254 - RETIRADA DE POLIPO DO TUBO DIGESTIVO POR ENDOSCOPIA;23;23761
2023;8;BPA-C;Média complexidade;0010456 - HBDF;0405050259 - RETIRADA DE CORPO ESTRANHO DA CORNEA;1;24068
2023;4;Eletivo;Média complexidade;0010510 - HUB;0407040196 - PARACENTESE ABDOMINAL;8;22836
2023;11;Eletivo;Média complexidade;;0414010361 - EXERESE DE CISTO ODONTOGÊNICO E NÃO-ODONTOGÊNICO;3;25303
2023;2;BPA-C;Média complexidade;0010502 - HRS;0407010319 - TRATAMENTO ESCLEROSANTE / LIGADURA ELASTICA DE LESAO HEMORRAGICA DO APARELHO DIGESTIVO;1;22203
2023;10;Eletivo;Média complexidade;0010456 - HBDF;0405010010 - CORRECAO CIRURGICA DE ENTROPIO E ECTROPIO;1;24718
2023;7;Eletivo;Alta complexidade;7929129 - Clinica de Olhos Dr João Eugenio;0405050372 - FACOEMULSIFICACAO C/ IMPLANTE DE LENTE INTRA-OCULAR DOBRAVEL;37;23959
2023;6;Eletivo;Média complexidade;0010472 - HRG;0408020172 - REDUÇÃO INCRUENTA DE FRATURA / LESÃO FISARIA NO PUNHO;1;23457
2023;8;Eletivo;Média complexidade;0010510 - HUB;0405050194 - IRIDOTOMIA A LASER;10;24178
2023;7;BPA-C;Média complexidade;9715797 - CEO - Guará;0414020278 - REMOÇÃO DE DENTE RETIDO (INCLUSO / IMPACTADO);16;24029
2023;6;BPA-C;Atenção Básica;9764860 - CEO - Gama;0414020138 - EXODONTIA DE DENTE PERMANENTE;10;23697
2023;1;Eletivo;Média complexidade;5717515 - HRSM;0404020313 - RETIRADA DE CORPO ESTRANHO DOS OSSOS DA FACE;2;21996
2023;5;BPA-C;Média complexidade;0010472 - HRG;0404020615 - REDUÇÃO DE LUXAÇÃO TÊMPORO-MANDIBULAR;1;23093
2023;12;BPA-C;Média complexidade;9578560 - CEO 11 - Ceilândia;0414020057 - CORREÇÃO DE IRREGULARIDADES DE REBORDO ALVEOLAR;19;25505
2023;9;Eletivo;Média complexidade;0010472 - HRG;0407010254 - RETIRADA DE POLIPO DO TUBO DIGESTIVO POR ENDOSCOPIA;9;24468
2023;5;BPA-C;Média complexidade;9622918 - CEO - Taguatinga;0414020278 - REMOÇÃO DE DENTE RETIDO (INCLUSO / IMPACTADO);52;23328
2023;4;Eletivo;Média complexidade;0010456 - HBDF;0405050097 - FACECTOMIA C/ IMPLANTE DE LENTE INTRA-OCULAR;1;22769
2023;3;Urgência;Média complexidade;0010529 - HRPL;0408020202 - REDUÇÃO INCRUENTA DE FRATURA DIAFISARIA DOS OSSOS DO ANTEBRAÇO;5;22539
2023;6;BPA-C;Atenção Básica;9772243 - CEO - Paranoá;0414020120 - EXODONTIA DE DENTE DECÍDUO;7;23709
2023;4;BPA-C;Média complexidade;9578560 - CEO 11 - Ceilândia;0414020278 - REMOÇÃO DE DENTE RETIDO (INCLUSO / IMPACTADO);33;22958
2023;8;Urgência;Média complexidade;0945595 - UPA Riacho Fundo;0404020097 - EXCISÃO E SUTURA DE LESÃO NA BOCA;1;24214
2023;9;Eletivo;Atenção Básica;5717515 - HRSM;0414020383 - TRATAMENTO DE ALVEOLITE;1;24564
2023;2;Urgência;Média complexidade;5717515 - HRSM;0414020073 - CURETAGEM PERIAPICAL;9;22306
2023;6;Eletivo;Atenção Básica;5717515 - HRSM;0414020359 - TRATAMENTO CIRÚRGICO DE HEMORRAGIA BUCO-DENTAL;1;23575
2023;1;Urgência;Média complexidade;5717515 - HRSM;0414020278 - REMOÇÃO DE DENTE RETIDO (INCLUSO / IMPACTADO);5;22014
2023;6;Eletivo;Alta complexidade;9967486 - IBRANE;0418010030 - CONFECCAO DE FISTULA ARTERIO-VENOSA P/ HEMODIALISE;4;23726
2023;4;BPA-C;Atenção Básica;0010529 - HRPL;0404010300 - RETIRADA DE CORPO ESTRANHO DA CAVIDADE AUDITIVA E NASAL;1;22847
2023;12;Eletivo;Atenção Básica;;0414020430 - EXODONTIA DE DENTE SUPRANUMERÁRIO;1;25579
2023;9;BPA-C;Atenção Básica;9578560 - CEO 11 - Ceilândia;0414020120 - EXODONTIA DE DENTE DECÍDUO;3;24611
2023;5;Eletivo;Média complexidade;0010510 - HUB;0404010369 - TIMPANOTOMIA P/ TUBO DE VENTILACAO;1;23140
2023;7;BPA-C;Média complexidade;9621709 - Policlínica II Taguatinga;0404010270 - REMOCAO DE CERUMEN DE CONDUTO AUDITIVO EXTERNO UNI / BILATERAL;101;23979
2023;10;BPA-C;Média complexidade;5717515 - HRSM;0415040043 - DEBRIDAMENTO DE ULCERA / NECROSE;158;24841
2023;12;BPA-C;Média complexidade;9578536 - Policlínica Brazlândia;0404010270 - REMOCAO DE CERUMEN DE CONDUTO AUDITIVO EXTERNO UNI / BILATERAL;1;25501
2023;10;Eletivo;Alta complexidade;;0418020019 - INTERVENCAO EM FISTULA ARTERIO-VENOSA;2;24989
2023;7;BPA-C;Atenção Básica;2649527 - HAB;0414020138 - EXODONTIA DE DENTE PERMANENTE;17;23884
2023;2;BPA-C;Média complexidade;9622918 - CEO - Taguatinga;0414020375 - TRATAMENTO CIRÚRGICO PERIODONTAL (POR SEXTANTE);30;22364
2023;7;Eletivo;Média complexidade;0010510 - HUB;0404010318 - RETIRADA DE CORPO ESTRANHO DE OUVIDO / FARINGE / LARINGE / NARIZ;442;23838
2023;8;Eletivo;Alta complexidade;0010502 - HRS;0418020019 - INTERVENCAO EM FISTULA ARTERIO-VENOSA;1;24149
2023;5;Eletivo;Média complexidade;0010472 - HRG;0407010254 - RETIRADA DE POLIPO DO TUBO DIGESTIVO POR ENDOSCOPIA;12;23099
2023;6;BPA-C;Atenção Básica;0010596 - Cent. Espec. Doenças Infecciosas;0414020138 - EXODONTIA DE DENTE PERMANENTE;25;23526
2023;6;Eletivo;Média complexidade;9676473 - CEO - Ceilândia I;0404020054 - DRENAGEM DE ABSCESSO DA BOCA E ANEXOS;1;23668
2023;7;Eletivo;Média complexidade;0010472 - HRG;0407020136 - DRENAGEM DE ABSCESSO ANU-RETAL;1;23800
2023;10;BPA-C;Média complexidade;5598575 - Policlínica Gama;0404010270 - REMOCAO DE CERUMEN DE CONDUTO AUDITIVO EXTERNO UNI / BILATERAL;105;24836
2023;6;Eletivo;Média complexidade;9621709 - Policlínica II Taguatinga;0407010254 - RETIRADA DE POLIPO DO TUBO DIGESTIVO POR ENDOSCOPIA;8;23645
2023;2;BPA-C;Média complexidade;0010456 - HBDF;0405050364 - TRATAMENTO CIRURGICO DE PTERIGIO;3;22133
2023;1;BPA-C;Média complexidade;9690719 - CEO - Sobradinho;0414020219 - ODONTOSECÇÃO / RADILECTOMIA / TUNELIZAÇÃO;1;22079
2023;1;BPA-C;Média complexidade;9764860 - CEO - Gama;0414020146 - EXODONTIA MÚLTIPLA COM ALVEOLOPLASTIA POR SEXTANTE;1;22096
2023;8;Eletivo;Média complexidade;3548104 - Centro da Visao;0405050020 - CAPSULOTOMIA A YAG LASER;18;24241
2023;12;Eletivo;Média complexidade;0010464 - HRAN;0413010058 - CURATIVO EM PEQUENO QUEIMADO;356;25370
2023;12;BPA-C;Média complexidade;0010499 - HRT;0405050259 - RETIRADA DE CORPO ESTRANHO DA CORNEA;56;25386
2023;12;BPA-C;Atenção Básica;0010529 - HRPL;0404010300 - RETIRADA DE CORPO ESTRANHO DA CAVIDADE AUDITIVA E NASAL;3;25394
2023;8;Eletivo;Média complexidade;0010499 - HRT;0405010184 - TRATAMENTO CIRURGICO DE BLEFAROCALASE;9;24143
2023;7;BPA-C;Atenção Básica;0010456 - HBDF;0404010300 - RETIRADA DE CORPO ESTRANHO DA CAVIDADE AUDITIVA E NASAL;3;23733
2023;3;Eletivo;Média complexidade;0010499 - HRT;0409040240 - VASECTOMIA;9;22496
2023;7;Eletivo;Média complexidade;0010510 - HUB;0414020154 - GENGIVECTOMIA (POR SEXTANTE);2;23852
2023;12;Eletivo;Atenção Básica;0010537 - HMIB;0414020120 - EXODONTIA DE DENTE DECÍDUO;21;25403
2023;10;Eletivo;Média complexidade;0010464 - HRAN;0413010040 - CURATIVO EM MEDIO QUEIMADO;1296;24751
2023;8;Urgência;Alta complexidade;0010502 - HRS;0418010064 - IMPLANTE DE CATETER DUPLO LUMEN P/HEMODIALISE;20;24153
2023;7;Eletivo;Atenção Básica;0010510 - HUB;0414020138 - EXODONTIA DE DENTE PERMANENTE;108;23835
2023;11;Eletivo;Alta complexidade;3224228 - Renal Care;0418010048 - IMPLANTE DE CATETER DE LONGA PERMANÊNCIA P/ HEMODIALISE;2;25144
2023;6;Eletivo;Alta complexidade;0010456 - HBDF;0418010080 - IMPLANTE DE CATETER TIPO TENCKHOFF OU SIMILAR P/ DPA/DPAC;3;23399
2023;11;BPA-C;Atenção Básica;9578277 - Policlínica Lago Sul;0414020138 - EXODONTIA DE DENTE PERMANENTE;4;25203
2023;3;Eletivo;Alta complexidade;0010510 - HUB;0418020019 - INTERVENCAO EM FISTULA ARTERIO-VENOSA;12;22515
2023;8;Eletivo;Alta complexidade;0010510 - HUB;0418010048 - IMPLANTE DE CATETER DE LONGA PERMANÊNCIA P/ HEMODIALISE;19;24161
2023;11;BPA-C;Atenção Básica;7592477 - UPA Sobradinho;0414020120 - EXODONTIA DE DENTE DECÍDUO;1;25190
2023;6;Urgência;Alta complexidade;0010502 - HRS;0418010064 - IMPLANTE DE CATETER DUPLO LUMEN P/HEMODIALISE;8;23482
2023;3;BPA-C;Atenção Básica;9764860 - CEO - Gama;0414020383 - TRATAMENTO DE ALVEOLITE;5;22706
2023;3;Eletivo;Alta complexidade;5479878 - Davita Sobradinho;0418010030 - CONFECCAO DE FISTULA ARTERIO-VENOSA P/ HEMODIALISE;4;22585
2023;9;Eletivo;Alta complexidade;3224228 - Renal Care;0418010030 - CONFECCAO DE FISTULA ARTERIO-VENOSA P/ HEMODIALISE;1;24550
2023;12;BPA-C;Média complexidade;9622918 - CEO - Taguatinga;0414020073 - CURETAGEM PERIAPICAL;16;25527
2023;3;Eletivo;Média complexidade;0010510 - HUB;0405040067 - ENUCLEACAO DE GLOBO OCULAR;1;22521
2023;7;Eletivo;Alta complexidade;5479878 - Davita Sobradinho;0418010064 - IMPLANTE DE CATETER DUPLO LUMEN P/HEMODIALISE;5;23914
2023;5;BPA-C;Média complexidade;0010464 - HRAN;0409050067 - PLASTICA DE FREIO BALANO-PREPUCIAL;1;23074
2023;3;Eletivo;Média complexidade;5717515 - HRSM;0414020022 - APICECTOMIA COM OU SEM OBTURAÇÃO RETRÓGRADA;1;22605
2023;5;BPA-C;Média complexidade;0010456 - HBDF;0404020445 - CONTENÇÃO DE DENTES POR SPLINTAGEM;4;23036
2023;8;BPA-C;Média complexidade;9622918 - CEO - Taguatinga;0414020154 - GENGIVECTOMIA (POR SEXTANTE);3;24339
2023;12;BPA-C;Média complexidade;9772243 - CEO - Paranoá;0414020146 - EXODONTIA MÚLTIPLA COM ALVEOLOPLASTIA POR SEXTANTE;1;25555
2023;6;Eletivo;Alta complexidade;2779366 - Oftalmed Matriz;0405050372 - FACOEMULSIFICACAO C/ IMPLANTE DE LENTE INTRA-OCULAR DOBRAVEL;40;23539
2023;12;Urgência;Média complexidade;0010456 - HBDF;0408020210 - REDUÇÃO INCRUENTA DE FRATURA DOS METACARPIANOS;1;25349
2023;12;Urgência;Média complexidade;5717515 - HRSM;0414020219 - ODONTOSECÇÃO / RADILECTOMIA / TUNELIZAÇÃO;1;25475
2023;2;Eletivo;Média complexidade;0010502 - HRS;0409070122 - DRENAGEM DE GLANDULA DE BARTHOLIN / SKENE;2;22204
2023;12;Eletivo;Média complexidade;0010464 - HRAN;0405030053 - INJECAO INTRA-VITREO;14;25365
2023;1;Urgência;Média complexidade;0010529 - HRPL;0408060352 - RETIRADA DE FIO OU PINO INTRA-ÓSSEO;5;21941
2023;12;BPA-C;Média complexidade;9622845 - CEO - Policlínica Taguatinga;0414020278 - REMOÇÃO DE DENTE RETIDO (INCLUSO / IMPACTADO);26;25521
2023;8;BPA-C;Média complexidade;0010499 - HRT;0405050259 - RETIRADA DE CORPO ESTRANHO DA CORNEA;59;24139
2023;11;Eletivo;Alta complexidade;9967486 - IBRANE;0418010048 - IMPLANTE DE CATETER DE LONGA PERMANÊNCIA P/ HEMODIALISE;2;25284
2023;6;Eletivo;Média complexidade;0010472 - HRG;0408050292 - REDUCAO INCRUENTA DE LUXACAO OU FRATURA / LUXACAO TARSO-METATARSICA;1;23460
2023;9;BPA-C;Média complexidade;0010502 - HRS;0414020278 - REMOÇÃO DE DENTE RETIDO (INCLUSO / IMPACTADO);2;24489
2023;10;Eletivo;Média complexidade;3055450 - CBV;0405050291 - SUTURA DE CONJUNTIVA;53;24824
2023;10;Eletivo;Alta complexidade;3548104 - Centro da Visao;0405050372 - FACOEMULSIFICACAO C/ IMPLANTE DE LENTE INTRA-OCULAR DOBRAVEL;48;24832
2023;6;BPA-C;Atenção Básica;6876617 - HCB;0414020138 - EXODONTIA DE DENTE PERMANENTE;5;23602
2023;7;BPA-C;Atenção Básica;0010596 - Cent. Espec. Doenças Infecciosas;0414020138 - EXODONTIA DE DENTE PERMANENTE;9;23877
2023;2;Eletivo;Média complexidade;0010464 - HRAN;0409040240 - VASECTOMIA;27;22167
2023;1;Eletivo;Alta complexidade;5479878 - Davita Sobradinho;0418020035 - RETIRADA DE CATETER TIPO TENCKHOFF / SIMILAR DE LONGA PERMANÊNCIA;1;21985
2023;4;BPA-C;Média complexidade;9764860 - CEO - Gama;0414020375 - TRATAMENTO CIRÚRGICO PERIODONTAL (POR SEXTANTE);4;23007
2023;4;Eletivo;Média complexidade;0010464 - HRAN;0409060089 - EXCISÃO TIPO I DO COLO UTERINO;2;22793
2023;1;Eletivo;Média complexidade;6876617 - HCB;0409020036 - EXTRACAO ENDOSCOPICA DE CORPO ESTRANHO / CALCULO NA URETRA C/ CISTOSCOPIA;2;22020
2023;4;Urgência;Alta complexidade;0010502 - HRS;0418010048 - IMPLANTE DE CATETER DE LONGA PERMANÊNCIA P/ HEMODIALISE;1;22826
2023;3;Eletivo;Alta complexidade;2779420 - Davita NEFRO Asa Sul;0418010013 - CONFECCAO DE FISTULA ARTERIO-VENOSA C/ ENXERTIA DE POLITETRAFLUORETILENO (PTFE);5;22564
2023;3;BPA-C;Média complexidade;0010499 - HRT;0405010060 - EPILACAO DE CILIOS;1;22488
2023;8;Eletivo;Média complexidade;3055450 - CBV;0405030223 - REMOÇÃO DE ÓLEO DE SILICONE;19;24231
2023;3;BPA-C;Média complexidade;9622845 - CEO - Policlínica Taguatinga;0414020081 - ENXERTO GENGIVAL;1;22674
2023;8;Eletivo;Média complexidade;0010464 - HRAN;0409070122 - DRENAGEM DE GLANDULA DE BARTHOLIN / SKENE;1;24110
2023;12;BPA-C;Média complexidade;9690719 - CEO - Sobradinho;0404020488 - OSTEOTOMIA DAS FRATURAS ALVEOLO-DENTÁRIAS;1;25535
2023;12;BPA-C;Atenção Básica;0010464 - HRAN;0413010023 - ATENDIMENTO DE URGÊNCIA EM PEQUENO QUEIMADO;27;25352
2023;11;BPA-C;Atenção Básica;0010456 - HBDF;0404010300 - RETIRADA DE CORPO ESTRANHO DA CAVIDADE AUDITIVA E NASAL;2;25012
2023;5;BPA-C;Média complexidade;0010472 - HRG;0409010448 - TRATAMENTO CIRURGICO DE FISTULA VESICO-CUTANEA;1;23096
2023;4;BPA-C;Atenção Básica;9778136 - CEO - Asa Norte;0414020138 - EXODONTIA DE DENTE PERMANENTE;45;23015
2023;6;BPA-C;Atenção Básica;9622918 - CEO - Taguatinga;0414020138 - EXODONTIA DE DENTE PERMANENTE;51;23656
2023;4;BPA-C;Média complexidade;9772243 - CEO - Paranoá;0414020278 - REMOÇÃO DE DENTE RETIDO (INCLUSO / IMPACTADO);45;23012
2023;10;Eletivo;Alta complexidade;0010456 - HBDF;0405050372 - FACOEMULSIFICACAO C/ IMPLANTE DE LENTE INTRA-OCULAR DOBRAVEL;8;24697
2023;9;BPA-C;Média complexidade;9772243 - CEO - Paranoá;0414020073 - CURETAGEM PERIAPICAL;16;24678
2023;1;BPA-C;Atenção Básica;9622845 - CEO - Policlínica Taguatinga;0414020120 - EXODONTIA DE DENTE DECÍDUO;4;22048
2023;10;Urgência;Média complexidade;0010456 - HBDF;0404020097 - EXCISÃO E SUTURA DE LESÃO NA BOCA;7;24729
2023;4;Eletivo;Alta complexidade;3548104 - Centro da Visao;0405050372 - FACOEMULSIFICACAO C/ IMPLANTE DE LENTE INTRA-OCULAR DOBRAVEL;25;22895
2023;3;BPA-C;Média complexidade;0010472 - HRG;0405050364 - TRATAMENTO CIRURGICO DE PTERIGIO;49;22475
2023;1;Eletivo;Média complexidade;0010510 - HUB;0409060089 - EXCISÃO TIPO I DO COLO UTERINO;2;21921
2023;6;Eletivo;Alta complexidade;2779420 - Davita NEFRO Asa Sul;0418010048 - IMPLANTE DE CATETER DE LONGA PERMANÊNCIA P/ HEMODIALISE;2;23543
2023;5;Eletivo;Média complexidade;9621709 - Policlínica II Taguatinga;0407020128 - DILATACAO DIGITAL / INSTRUMENTAL DO ANUS E/OU RETO;1;23307
2023;12;Eletivo;Alta complexidade;0010456 - HBDF;0418010064 - IMPLANTE DE CATETER DUPLO LUMEN P/HEMODIALISE;51;25313
2023;2;Eletivo;Média complexidade;5717515 - HRSM;0414020057 - CORREÇÃO DE IRREGULARIDADES DE REBORDO ALVEOLAR;116;22297
2023;5;Eletivo;Alta complexidade;9967486 - IBRANE;0418010048 - IMPLANTE DE CATETER DE LONGA PERMANÊNCIA P/ HEMODIALISE;2;23394
2023;3;Eletivo;Média complexidade;7929129 - Clinica de Olhos Dr João Eugenio;0405050020 - CAPSULOTOMIA A YAG LASER;2;22640
2023;4;Eletivo;Média complexidade;6876617 - HCB;0406020620 - RETIRADA DE CATETER DE LONGA PERMANÊNCIA SEMI OU TOTALMENTE IMPLANTÁVEL;6;22939
2023;8;Eletivo;Média complexidade;0010510 - HUB;0409060305 - EXCISÃO TIPO 2 DO COLO UTERINO;4;24183
2023;3;BPA-C;Média complexidade;9622845 - CEO - Policlínica Taguatinga;0414020278 - REMOÇÃO DE DENTE RETIDO (INCLUSO / IMPACTADO);56;22676
2023;5;Eletivo;Alta complexidade;7494424 - Ultramed;0418010048 - IMPLANTE DE CATETER DE LONGA PERMANÊNCIA P/ HEMODIALISE;1;23276
2023;6;Eletivo;Média complexidade;0010537 - HMIB;0414020057 - CORREÇÃO DE IRREGULARIDADES DE REBORDO ALVEOLAR;91;23523
2023;1;Urgência;Média complexidade;0010529 - HRPL;0408020210 - REDUÇÃO INCRUENTA DE FRATURA DOS METACARPIANOS;2;21938
2023;1;BPA-C;Média complexidade;9621709 - Policlínica II Taguatinga;0407010327 - TRATAMENTO ESCLEROSANTE DE LESOES NAO HEMORRAGICAS DO APARELHO DIGESTIVO INCLUINDO LIGADURA ELASTICA;1;22045
2023;12;BPA-C;Média complexidade;9414754 - Policlínica Sobradinho;0409060097 - EXERESE DE POLIPO DE UTERO;3;25499
2023;2;BPA-C;Atenção Básica;9622918 - CEO - Taguatinga;0414020138 - EXODONTIA DE DENTE PERMANENTE;76;22359
2023;6;Eletivo;Média complexidade;0010464 - HRAN;0409050083 - POSTECTOMIA;11;23447
2023;4;BPA-C;Atenção Básica;9764860 - CEO - Gama;0414020138 - EXODONTIA DE DENTE PERMANENTE;9;22999
2023;4;BPA-C;Média complexidade;9715797 - CEO - Guará;0414020278 - REMOÇÃO DE DENTE RETIDO (INCLUSO / IMPACTADO);9;22996
2023;6;BPA-C;Média complexidade;0010502 - HRS;0414020278 - REMOÇÃO DE DENTE RETIDO (INCLUSO / IMPACTADO);1;23486
2023;4;BPA-C;Média complexidade;9622918 - CEO - Taguatinga;0414020081 - ENXERTO GENGIVAL;5;22980
2023;5;Eletivo;Alta complexidade;2779366 - Oftalmed Matriz;0405050372 - FACOEMULSIFICACAO C/ IMPLANTE DE LENTE INTRA-OCULAR DOBRAVEL;30;23196
2023;2;Urgência;Média complexidade;5717515 - HRSM;0414020278 - REMOÇÃO DE DENTE RETIDO (INCLUSO / IMPACTADO);3;22308
2023;1;Urgência;Média complexidade;0010529 - HRPL;0408010134 - REDUCAO INCRUENTA DE LUXAÇÃO OU FRATURA / LUXAÇÃO ESCÁPULO-UMERAL;1;21934
2023;7;Eletivo;Média complexidade;0010472 - HRG;0407010254 - RETIRADA DE POLIPO DO TUBO DIGESTIVO POR ENDOSCOPIA;10;23799
2023;3;BPA-C;Atenção Básica;0010472 - HRG;0414020138 - EXODONTIA DE DENTE PERMANENTE;23;22471
2023;3;Urgência;Média complexidade;0939145 - UPA Gama;0407040196 - PARACENTESE ABDOMINAL;2;22557
2023;11;BPA-C;Média complexidade;9578536 - Policlínica Brazlândia;0404010270 - REMOCAO DE CERUMEN DE CONDUTO AUDITIVO EXTERNO UNI / BILATERAL;2;25205
2023;8;BPA-C;Média complexidade;9690719 - CEO - Sobradinho;0414020294 - REMOÇÃO DE TORUS E EXOSTOSES;2;24358
2023;8;BPA-C;Média complexidade;0010596 - Cent. Espec. Doenças Infecciosas;0409060097 - EXERESE DE POLIPO DE UTERO;1;24209
2023;6;Eletivo;Média complexidade;9690719 - CEO - Sobradinho;0414010256 - TRATAMENTO CIRÚRGICO DE FÍSTULA ORO-SINUSAL / ORO-NASAL;1;23683
2023;12;Urgência;Média complexidade;0010456 - HBDF;0408050276 - REDUCAO INCRUENTA DE LUXACAO FEMURO-PATELAR;1;25350
2023;10;BPA-C;Média complexidade;9715797 - CEO - Guará;0414020057 - CORREÇÃO DE IRREGULARIDADES DE REBORDO ALVEOLAR;59;24949
2023;5;Eletivo;Média complexidade;3548104 - Centro da Visao;0405050020 - CAPSULOTOMIA A YAG LASER;2;23220
2023;10;Eletivo;Média complexidade;5717515 - HRSM;0404020623 - RETIRADA DE MATERIAL DE SÍNTESE ÓSSEA / DENTÁRIA;4;24846
2023;4;BPA-C;Média complexidade;0010464 - HRAN;0405050259 - RETIRADA DE CORPO ESTRANHO DA CORNEA;4;22783
2023;1;BPA-C;Média complexidade;9578560 - CEO 11 - Ceilândia;0414020278 - REMOÇÃO DE DENTE RETIDO (INCLUSO / IMPACTADO);8;22041
2023;12;BPA-C;Média complexidade;9622918 - CEO - Taguatinga;0414020065 - CORREÇÃO DE TUBEROSIDADE DO MAXILAR;13;25526
2023;10;Urgência;Média complexidade;0010529 - HRPL;0408020199 - REDUÇÃO INCRUENTA DE FRATURA DA DIÁFISE DO ÚMERO;1;24788
2023;7;BPA-C;Média complexidade;9676473 - CEO - Ceilândia I;0414020154 - GENGIVECTOMIA (POR SEXTANTE);1;24006
2023;7;BPA-C;Média complexidade;9778136 - CEO - Asa Norte;0414020375 - TRATAMENTO CIRÚRGICO PERIODONTAL (POR SEXTANTE);35;24048
2023;1;Eletivo;Alta complexidade;3224228 - Renal Care;0418010080 - IMPLANTE DE CATETER TIPO TENCKHOFF OU SIMILAR P/ DPA/DPAC;7;21979
2023;3;BPA-C;Média complexidade;9676473 - CEO - Ceilândia I;0414020278 - REMOÇÃO DE DENTE RETIDO (INCLUSO / IMPACTADO);16;22694
2023;5;Eletivo;Alta complexidade;0010499 - HRT;0418020035 - RETIRADA DE CATETER TIPO TENCKHOFF / SIMILAR DE LONGA PERMANÊNCIA;9;23110
2023;10;Urgência;Média complexidade;5717515 - HRSM;0414020219 - ODONTOSECÇÃO / RADILECTOMIA / TUNELIZAÇÃO;4;24864
2023;5;Eletivo;Atenção Básica;9690719 - CEO - Sobradinho;0414020430 - EXODONTIA DE DENTE SUPRANUMERÁRIO;1;23342
2023;9;Urgência;Atenção Básica;5717515 - HRSM;0414020120 - EXODONTIA DE DENTE DECÍDUO;2;24565
2023;10;Urgência;Média complexidade;5717515 - HRSM;0414020073 - CURETAGEM PERIAPICAL;7;24863
2023;1;BPA-C;Atenção Básica;0010596 - Cent. Espec. Doenças Infecciosas;0414020138 - EXODONTIA DE DENTE PERMANENTE;2;21954
2023;12;BPA-C;Média complexidade;9778144 - Policlínica Asa Norte;0404010270 - REMOCAO DE CERUMEN DE CONDUTO AUDITIVO EXTERNO UNI / BILATERAL;23;25568
2023;5;BPA-C;Atenção Básica;9578560 - CEO 11 - Ceilândia;0414020120 - EXODONTIA DE DENTE DECÍDUO;3;23290
2023;5;BPA-C;Atenção Básica;9690735 - CEO - Planaltina;0414020138 - EXODONTIA DE DENTE PERMANENTE;1;23351
2023;1;BPA-C;Atenção Básica;6876617 - HCB;0414020120 - EXODONTIA DE DENTE DECÍDUO;37;22017
2023;6;Eletivo;Média complexidade;9764860 - CEO - Gama;0404020054 - DRENAGEM DE ABSCESSO DA BOCA E ANEXOS;2;23707
2023;8;BPA-C;Média complexidade;9690719 - CEO - Sobradinho;0414020146 - EXODONTIA MÚLTIPLA COM ALVEOLOPLASTIA POR SEXTANTE;1;24355
2023;1;Eletivo;Média complexidade;0010456 - HBDF;0405010079 - EXERESE DE CALAZIO E OUTRAS PEQUENAS LESOES DA PALPEBRA E SUPERCILIOS;5;21839
2023;2;BPA-C;Atenção Básica;9772243 - CEO - Paranoá;0414020120 - EXODONTIA DE DENTE DECÍDUO;1;22385
2023;4;Eletivo;Média complexidade;0010510 - HUB;0404010318 - RETIRADA DE CORPO ESTRANHO DE OUVIDO / FARINGE / LARINGE / NARIZ;493;22834
2023;7;Eletivo;Atenção Básica;9578560 - CEO 11 - Ceilândia;0414020430 - EXODONTIA DE DENTE SUPRANUMERÁRIO;2;23973
2023;3;Eletivo;Média complexidade;0010510 - HUB;0404010318 - RETIRADA DE CORPO ESTRANHO DE OUVIDO / FARINGE / LARINGE / NARIZ;485;22519
2023;10;BPA-C;Atenção Básica;0010464 - HRAN;0413010023 - ATENDIMENTO DE URGÊNCIA EM PEQUENO QUEIMADO;12;24731
2023;7;BPA-C;Média complexidade;9690735 - CEO - Planaltina;0414020375 - TRATAMENTO CIRÚRGICO PERIODONTAL (POR SEXTANTE);1;24023
2023;12;BPA-C;Atenção Básica;0010596 - Cent. Espec. Doenças Infecciosas;0414020120 - EXODONTIA DE DENTE DECÍDUO;3;25411
2023;2;Eletivo;Alta complexidade;9967486 - IBRANE;0418010048 - IMPLANTE DE CATETER DE LONGA PERMANÊNCIA P/ HEMODIALISE;4;22402
2023;4;BPA-C;Atenção Básica;9622918 - CEO - Taguatinga;0414020138 - EXODONTIA DE DENTE PERMANENTE;43;22975
2023;2;BPA-C;Média complexidade;6876617 - HCB;0408060654 - TRATAMENTO CIRÚRGICO DE POLIDACTILIA NÃO ARTICULADA;2;22315
2023;11;Eletivo;Alta complexidade;0010456 - HBDF;0418010064 - IMPLANTE DE CATETER DUPLO LUMEN P/HEMODIALISE;63;25010
2023;1;Eletivo;Atenção Básica;5717515 - HRSM;0414020120 - EXODONTIA DE DENTE DECÍDUO;12;21987
2023;1;Eletivo;Alta complexidade;3548104 - Centro da Visao;0405050372 - FACOEMULSIFICACAO C/ IMPLANTE DE LENTE INTRA-OCULAR DOBRAVEL;25;21982
2023;5;BPA-C;Média complexidade;0010537 - HMIB;0409060097 - EXERESE DE POLIPO DE UTERO;2;23174
2023;7;Eletivo;Média complexidade;0010456 - HBDF;0405030053 - INJECAO INTRA-VITREO;22;23753
2023;6;BPA-C;Média complexidade;5717515 - HRSM;0415040043 - DEBRIDAMENTO DE ULCERA / NECROSE;230;23579
2023;4;Urgência;Média complexidade;0010529 - HRPL;0408010134 - REDUCAO INCRUENTA DE LUXAÇÃO OU FRATURA / LUXAÇÃO ESCÁPULO-UMERAL;1;22848
2023;5;Eletivo;Média complexidade;0010456 - HBDF;0405040067 - ENUCLEACAO DE GLOBO OCULAR;1;23058
2023;5;Urgência;Alta complexidade;0010502 - HRS;0418010048 - IMPLANTE DE CATETER DE LONGA PERMANÊNCIA P/ HEMODIALISE;2;23123
2023;2;Urgência;Alta complexidade;0010502 - HRS;0418010048 - IMPLANTE DE CATETER DE LONGA PERMANÊNCIA P/ HEMODIALISE;3;22200
2023;5;Eletivo;Média complexidade;0010510 - HUB;0414020073 - CURETAGEM PERIAPICAL;61;23155
2023;7;Eletivo;Atenção Básica;0010537 - HMIB;0414020120 - EXODONTIA DE DENTE DECÍDUO;62;23866
2023;8;Eletivo;Média complexidade;0010510 - HUB;0406020620 - RETIRADA DE CATETER DE LONGA PERMANÊNCIA SEMI OU TOTALMENTE IMPLANTÁVEL;1;24180
2023;6;BPA-C;Média complexidade;0010456 - HBDF;0414020073 - CURETAGEM PERIAPICAL;3;23413
2023;1;Eletivo;Média complexidade;3055450 - CBV;0405050291 - SUTURA DE CONJUNTIVA;34;21977
2023;7;BPA-C;Atenção Básica;0010499 - HRT;0413010023 - ATENDIMENTO DE URGÊNCIA EM PEQUENO QUEIMADO;2;23812
2023;1;Eletivo;Média complexidade;5717515 - HRSM;0404020054 - DRENAGEM DE ABSCESSO DA BOCA E ANEXOS;2;21995
2023;12;BPA-C;Média complexidade;9690735 - CEO - Planaltina;0414020375 - TRATAMENTO CIRÚRGICO PERIODONTAL (POR SEXTANTE);1;25543
2023;3;BPA-C;Média complexidade;9690719 - CEO - Sobradinho;0414020278 - REMOÇÃO DE DENTE RETIDO (INCLUSO / IMPACTADO);3;22697
2023;7;Eletivo;Atenção Básica;5717515 - HRSM;0414020359 - TRATAMENTO CIRÚRGICO DE HEMORRAGIA BUCO-DENTAL;1;23919
2023;8;Eletivo;Média complexidade;0010456 - HBDF;0405040202 - TRATAMENTO DE PTOSE PALPEBRAL;2;24082
2023;11;BPA-C;Média complexidade;7116756 - UPA São Sebastião;0415040043 - DEBRIDAMENTO DE ULCERA / NECROSE;2;25184
2023;9;Eletivo;Média complexidade;0010510 - HUB;0414020154 - GENGIVECTOMIA (POR SEXTANTE);1;24512
2023;5;Urgência;Média complexidade;0010456 - HBDF;0404010318 - RETIRADA DE CORPO ESTRANHO DE OUVIDO / FARINGE / LARINGE / NARIZ;20;23063
2023;2;Eletivo;Média complexidade;0010510 - HUB;0405010184 - TRATAMENTO CIRURGICO DE BLEFAROCALASE;6;22213
2023;5;BPA-C;Média complexidade;9690735 - CEO - Planaltina;0414020375 - TRATAMENTO CIRÚRGICO PERIODONTAL (POR SEXTANTE);1;23353
2023;9;Eletivo;Média complexidade;5717515 - HRSM;0404020097 - EXCISÃO E SUTURA DE LESÃO NA BOCA;2;24569
2023;2;Urgência;Média complexidade;0010529 - HRPL;0408010134 - REDUCAO INCRUENTA DE LUXAÇÃO OU FRATURA / LUXAÇÃO ESCÁPULO-UMERAL;3;22233
2023;7;Eletivo;Alta complexidade;9967486 - IBRANE;0418010048 - IMPLANTE DE CATETER DE LONGA PERMANÊNCIA P/ HEMODIALISE;4;24052
2023;4;BPA-C;Média complexidade;9622918 - CEO - Taguatinga;0414020057 - CORREÇÃO DE IRREGULARIDADES DE REBORDO ALVEOLAR;26;22978
2023;9;Eletivo;Alta complexidade;7494424 - Ultramed;0418020035 - RETIRADA DE CATETER TIPO TENCKHOFF / SIMILAR DE LONGA PERMANÊNCIA;1;24595
2023;3;BPA-C;Atenção Básica;0010472 - HRG;0414020120 - EXODONTIA DE DENTE DECÍDUO;1;22470
2023;2;Eletivo;Média complexidade;0010510 - HUB;0409040142 - ORQUIECTOMIA SUBCAPSULAR BILATERAL;1;22222
2023;8;BPA-C;Atenção Básica;9764860 - CEO - Gama;0414020120 - EXODONTIA DE DENTE DECÍDUO;2;24378
2023;10;BPA-C;Média complexidade;9778136 - CEO - Asa Norte;0414020146 - EXODONTIA MÚLTIPLA COM ALVEOLOPLASTIA POR SEXTANTE;2;24977
2023;9;BPA-C;Média complexidade;0010456 - HBDF;0414020278 - REMOÇÃO DE DENTE RETIDO (INCLUSO / IMPACTADO);8;24424
2023;9;BPA-C;Média complexidade;0010456 - HBDF;0405010141 - SIMBLEFAROPLASTIA;2;24415
2023;8;BPA-C;Atenção Básica;2649527 - HAB;0414020138 - EXODONTIA DE DENTE PERMANENTE;1;24219
2023;12;BPA-C;Média complexidade;2649527 - HAB;0414020073 - CURETAGEM PERIAPICAL;3;25424
2023;10;Eletivo;Média complexidade;0010537 - HMIB;0414020154 - GENGIVECTOMIA (POR SEXTANTE);4;24798
2023;6;BPA-C;Média complexidade;9622918 - CEO - Taguatinga;0404020615 - REDUÇÃO DE LUXAÇÃO TÊMPORO-MANDIBULAR;1;23657
2023;8;BPA-C;Média complexidade;0010464 - HRAN;0409060097 - EXERESE DE POLIPO DE UTERO;1;24101
2023;10;Eletivo;Alta complexidade;3055450 - CBV;0405050372 - FACOEMULSIFICACAO C/ IMPLANTE DE LENTE INTRA-OCULAR DOBRAVEL;9;24815
2023;5;BPA-C;Atenção Básica;9778136 - CEO - Asa Norte;0414020138 - EXODONTIA DE DENTE PERMANENTE;37;23382
2023;11;Eletivo;Média complexidade;7929129 - Clinica de Olhos Dr João Eugenio;0405050020 - CAPSULOTOMIA A YAG LASER;11;25196
2023;9;BPA-C;Atenção Básica;9772243 - CEO - Paranoá;0414020120 - EXODONTIA DE DENTE DECÍDUO;2;24674
2023;5;BPA-C;Média complexidade;9772243 - CEO - Paranoá;0414020219 - ODONTOSECÇÃO / RADILECTOMIA / TUNELIZAÇÃO;7;23378
2023;11;Eletivo;Média complexidade;0010464 - HRAN;0413010058 - CURATIVO EM PEQUENO QUEIMADO;730;25065
2023;3;Eletivo;Média complexidade;0010456 - HBDF;0405050097 - FACECTOMIA C/ IMPLANTE DE LENTE INTRA-OCULAR;2;22436
2023;10;Eletivo;Alta complexidade;3224228 - Renal Care;0418020035 - RETIRADA DE CATETER TIPO TENCKHOFF / SIMILAR DE LONGA PERMANÊNCIA;1;24830
2023;4;BPA-C;Atenção Básica;0010456 - HBDF;0414020120 - EXODONTIA DE DENTE DECÍDUO;1;22740
2023;1;BPA-C;Atenção Básica;9578560 - CEO 11 - Ceilândia;0414020120 - EXODONTIA DE DENTE DECÍDUO;2;22032
2023;5;Eletivo;Média complexidade;3055450 - CBV;0405050119 - FACOEMULSIFICACAO C/ IMPLANTE DE LENTE INTRA-OCULAR RIGIDA;14;23211
2023;10;Eletivo;Alta complexidade;7494424 - Ultramed;0418020035 - RETIRADA DE CATETER TIPO TENCKHOFF / SIMILAR DE LONGA PERMANÊNCIA;4;24876
2023;2;Eletivo;Atenção Básica;0010510 - HUB;0414020120 - EXODONTIA DE DENTE DECÍDUO;5;22207
2023;5;Eletivo;Alta complexidade;7491484 - Renal Vida;0418010064 - IMPLANTE DE CATETER DUPLO LUMEN P/HEMODIALISE;1;23274
2023;7;BPA-C;Média complexidade;9622918 - CEO - Taguatinga;0414020057 - CORREÇÃO DE IRREGULARIDADES DE REBORDO ALVEOLAR;28;23996
2023;3;Eletivo;Média complexidade;0010464 - HRAN;0407010254 - RETIRADA DE POLIPO DO TUBO DIGESTIVO POR ENDOSCOPIA;2;22463
2023;6;Eletivo;Média complexidade;0010510 - HUB;0414020219 - ODONTOSECÇÃO / RADILECTOMIA / TUNELIZAÇÃO;26;23505
2023;4;Eletivo;Média complexidade;3055450 - CBV;0405050119 - FACOEMULSIFICACAO C/ IMPLANTE DE LENTE INTRA-OCULAR RIGIDA;5;22887
2023;7;BPA-C;Média complexidade;6876617 - HCB;0414020162 - GENGIVOPLASTIA (POR SEXTANTE);1;23950
2023;11;BPA-C;Atenção Básica;9622845 - CEO - Policlínica Taguatinga;0414020138 - EXODONTIA DE DENTE PERMANENTE;7;25221
2023;8;Urgência;Média complexidade;5717515 - HRSM;0404010342 - TAMPONAMENTO NASAL ANTERIOR E/OU POSTERIOR;1;24269
2023;2;Eletivo;Média complexidade;0010464 - HRAN;0405010184 - TRATAMENTO CIRURGICO DE BLEFAROCALASE;4;22163
2023;8;BPA-C;Atenção Básica;9772243 - CEO - Paranoá;0414020120 - EXODONTIA DE DENTE DECÍDUO;14;24388
2023;8;Eletivo;Média complexidade;5717515 - HRSM;0414020200 - MARSUPIALIZAÇÃO DE CISTOS E PSEUDOCISTOS;1;24265
2023;12;BPA-C;Média complexidade;0010456 - HBDF;0404020623 - RETIRADA DE MATERIAL DE SÍNTESE ÓSSEA / DENTÁRIA;7;25322
2023;12;Urgência;Média complexidade;0010529 - HRPL;0408050209 - REDUCAO INCRUENTA DE FRATURA / LESAO FISARIA DOS METATARSIANOS;1;25400
2023;7;BPA-C;Atenção Básica;9622845 - CEO - Policlínica Taguatinga;0414020138 - EXODONTIA DE DENTE PERMANENTE;2;23986
2023;5;Urgência;Média complexidade;5717515 - HRSM;0414020057 - CORREÇÃO DE IRREGULARIDADES DE REBORDO ALVEOLAR;4;23253
2023;9;Urgência;Alta complexidade;7980221 - Visão Hosp. de Olhos;0405050372 - FACOEMULSIFICACAO C/ IMPLANTE DE LENTE INTRA-OCULAR DOBRAVEL;1;24600
2023;5;BPA-C;Média complexidade;9778144 - Policlínica Asa Norte;0404010270 - REMOCAO DE CERUMEN DE CONDUTO AUDITIVO EXTERNO UNI / BILATERAL;65;23391
2023;11;BPA-C;Média complexidade;9772243 - CEO - Paranoá;0414020278 - REMOÇÃO DE DENTE RETIDO (INCLUSO / IMPACTADO);57;25270
2023;5;BPA-C;Atenção Básica;0011347 - Adolescentro;0414020138 - EXODONTIA DE DENTE PERMANENTE;12;23186
2023;3;BPA-C;Atenção Básica;9764860 - CEO - Gama;0414020120 - EXODONTIA DE DENTE DECÍDUO;3;22704
2023;12;Eletivo;Média complexidade;6876617 - HCB;0407010246 - RETIRADA DE CORPO ESTRANHO DO TUBO DIGESTIVO POR ENDOSCOPIA;1;25482
2023;11;BPA-C;Atenção Básica;9578277 - Policlínica Lago Sul;0414020120 - EXODONTIA DE DENTE DECÍDUO;1;25202
2023;6;Eletivo;Média complexidade;0010510 - HUB;0409040240 - VASECTOMIA;2;23498
2023;7;BPA-C;Média complexidade;0010464 - HRAN;0406020140 - EXCISAO E SUTURA DE LINFANGIOMA / NEVUS;2;23775
2023;4;Eletivo;Média complexidade;0010456 - HBDF;0405030053 - INJECAO INTRA-VITREO;68;22767
2023;1;BPA-C;Média complexidade;9578560 - CEO 11 - Ceilândia;0414020219 - ODONTOSECÇÃO / RADILECTOMIA / TUNELIZAÇÃO;4;22040
2023;4;Eletivo;Alta complexidade;0010502 - HRS;0418010064 - IMPLANTE DE CATETER DUPLO LUMEN P/HEMODIALISE;3;22823
2023;11;BPA-C;Atenção Básica;9764860 - CEO - Gama;0414020138 - EXODONTIA DE DENTE PERMANENTE;10;25257
2023;6;Eletivo;Média complexidade;5717515 - HRSM;0414020219 - ODONTOSECÇÃO / RADILECTOMIA / TUNELIZAÇÃO;33;23588
2023;11;Urgência;Média complexidade;5717515 - HRSM;0414020278 - REMOÇÃO DE DENTE RETIDO (INCLUSO / IMPACTADO);6;25175
2023;9;Urgência;Média complexidade;0010529 - HRPL;0408020202 - REDUÇÃO INCRUENTA DE FRATURA DIAFISARIA DOS OSSOS DO ANTEBRAÇO;1;24518
2023;11;Eletivo;Alta complexidade;;0418010048 - IMPLANTE DE CATETER DE LONGA PERMANÊNCIA P/ HEMODIALISE;7;25288
2023;11;Eletivo;Atenção Básica;;0414020120 - EXODONTIA DE DENTE DECÍDUO;2;25290
2023;9;BPA-C;Média complexidade;0010456 - HBDF;0404010270 - REMOCAO DE CERUMEN DE CONDUTO AUDITIVO EXTERNO UNI / BILATERAL;69;24412
2023;8;BPA-C;Média complexidade;0010456 - HBDF;0404010270 - REMOCAO DE CERUMEN DE CONDUTO AUDITIVO EXTERNO UNI / BILATERAL;41;24062
2023;11;BPA-C;Média complexidade;9578560 - CEO 11 - Ceilândia;0414020073 - CURETAGEM PERIAPICAL;1;25210
2023;1;BPA-C;Atenção Básica;0010456 - HBDF;0404010300 - RETIRADA DE CORPO ESTRANHO DA CAVIDADE AUDITIVA E NASAL;2;21822
2023;12;Eletivo;Alta complexidade;5479878 - Davita Sobradinho;0418010064 - IMPLANTE DE CATETER DUPLO LUMEN P/HEMODIALISE;1;25445
2023;6;Eletivo;Média complexidade;0010464 - HRAN;0405030053 - INJECAO INTRA-VITREO;18;23442
2023;6;Eletivo;Alta complexidade;9967486 - IBRANE;0418020035 - RETIRADA DE CATETER TIPO TENCKHOFF / SIMILAR DE LONGA PERMANÊNCIA;1;23729
2023;1;Eletivo;Alta complexidade;0010502 - HRS;0418010064 - IMPLANTE DE CATETER DUPLO LUMEN P/HEMODIALISE;15;21899
2023;7;Eletivo;Média complexidade;9690719 - CEO - Sobradinho;0404020054 - DRENAGEM DE ABSCESSO DA BOCA E ANEXOS;1;24020
2023;4;Eletivo;Média complexidade;5717515 - HRSM;0414020278 - REMOÇÃO DE DENTE RETIDO (INCLUSO / IMPACTADO);155;22922
2023;9;BPA-C;Média complexidade;0010464 - HRAN;0405050259 - RETIRADA DE CORPO ESTRANHO DA CORNEA;2;24442
2023;10;Eletivo;Alta complexidade;7929129 - Clinica de Olhos Dr João Eugenio;0405050372 - FACOEMULSIFICACAO C/ IMPLANTE DE LENTE INTRA-OCULAR DOBRAVEL;17;24879
2023;8;BPA-C;Média complexidade;9772243 - CEO - Paranoá;0414020057 - CORREÇÃO DE IRREGULARIDADES DE REBORDO ALVEOLAR;3;24391
2023;11;Eletivo;Atenção Básica;5717515 - HRSM;0414020138 - EXODONTIA DE DENTE PERMANENTE;17;25152
2023;5;Urgência;Atenção Básica;5717515 - HRSM;0414020138 - EXODONTIA DE DENTE PERMANENTE;11;23229
2023;9;Eletivo;Média complexidade;0010510 - HUB;0405050364 - TRATAMENTO CIRURGICO DE PTERIGIO;24;24504
2023;8;BPA-C;Média complexidade;9414754 - Policlínica Sobradinho;0404010270 - REMOCAO DE CERUMEN DE CONDUTO AUDITIVO EXTERNO UNI / BILATERAL;10;24302
2023;2;BPA-C;Atenção Básica;0010464 - HRAN;0413010023 - ATENDIMENTO DE URGÊNCIA EM PEQUENO QUEIMADO;19;22152
2023;7;Eletivo;Alta complexidade;3224228 - Renal Care;0418010080 - IMPLANTE DE CATETER TIPO TENCKHOFF OU SIMILAR P/ DPA/DPAC;12;23907
2023;4;Eletivo;Atenção Básica;5717515 - HRSM;0414020120 - EXODONTIA DE DENTE DECÍDUO;3;22902
2023;8;BPA-C;Média complexidade;9764860 - CEO - Gama;0414020375 - TRATAMENTO CIRÚRGICO PERIODONTAL (POR SEXTANTE);4;24387
2023;10;Eletivo;Média complexidade;3055450 - CBV;0405050020 - CAPSULOTOMIA A YAG LASER;9;24822
2023;8;BPA-C;Média complexidade;9622918 - CEO - Taguatinga;0414020278 - REMOÇÃO DE DENTE RETIDO (INCLUSO / IMPACTADO);72;24342
2023;7;Urgência;Média complexidade;5717515 - HRSM;0414020073 - CURETAGEM PERIAPICAL;9;23942
2023;12;BPA-C;Atenção Básica;2649527 - HAB;0414020138 - EXODONTIA DE DENTE PERMANENTE;4;25423
2023;8;BPA-C;Média complexidade;0010456 - HBDF;0404010296 - RESSECCAO DE SINEQUIAS;1;24063
2023;2;BPA-C;Atenção Básica;9578560 - CEO 11 - Ceilândia;0414020120 - EXODONTIA DE DENTE DECÍDUO;10;22331
2023;1;BPA-C;Média complexidade;0010499 - HRT;0414020146 - EXODONTIA MÚLTIPLA COM ALVEOLOPLASTIA POR SEXTANTE;1;21893
2023;5;Eletivo;Alta complexidade;9967486 - IBRANE;0418010064 - IMPLANTE DE CATETER DUPLO LUMEN P/HEMODIALISE;1;23395
2023;2;BPA-C;Atenção Básica;0010596 - Cent. Espec. Doenças Infecciosas;0414020138 - EXODONTIA DE DENTE PERMANENTE;1;22250
2023;4;Eletivo;Alta complexidade;9967486 - IBRANE;0418010048 - IMPLANTE DE CATETER DE LONGA PERMANÊNCIA P/ HEMODIALISE;2;23025
2023;8;BPA-C;Média complexidade;9778136 - CEO - Asa Norte;0414020146 - EXODONTIA MÚLTIPLA COM ALVEOLOPLASTIA POR SEXTANTE;1;24398
2023;11;BPA-C;Média complexidade;9764860 - CEO - Gama;0414020146 - EXODONTIA MÚLTIPLA COM ALVEOLOPLASTIA POR SEXTANTE;1;25261
2023;7;Eletivo;Média complexidade;0010464 - HRAN;0409050083 - POSTECTOMIA;8;23789
2023;3;Eletivo;Atenção Básica;0010510 - HUB;0414020138 - EXODONTIA DE DENTE PERMANENTE;32;22517
2023;3;Eletivo;Média complexidade;0010456 - HBDF;0404020097 - EXCISÃO E SUTURA DE LESÃO NA BOCA;4;22429
2023;11;Eletivo;Média complexidade;;0409050083 - POSTECTOMIA;1;25301
2023;1;BPA-C;Média complexidade;0010456 - HBDF;0414020278 - REMOÇÃO DE DENTE RETIDO (INCLUSO / IMPACTADO);9;21837
2023;7;Urgência;Média complexidade;0010456 - HBDF;0404020097 - EXCISÃO E SUTURA DE LESÃO NA BOCA;1;23766
2023;5;BPA-C;Média complexidade;9622918 - CEO - Taguatinga;0404020488 - OSTEOTOMIA DAS FRATURAS ALVEOLO-DENTÁRIAS;1;23324
2023;3;Urgência;Média complexidade;0010529 - HRPL;0408020156 - REDUÇÃO INCRUENTA DE FRATURA / LESÃO FISARIA DE COTOVELO;2;22538
2023;9;BPA-C;Média complexidade;0010472 - HRG;0407010319 - TRATAMENTO ESCLEROSANTE / LIGADURA ELASTICA DE LESAO HEMORRAGICA DO APARELHO DIGESTIVO;1;24465
2023;3;Eletivo;Alta complexidade;5479878 - Davita Sobradinho;0418020035 - RETIRADA DE CATETER TIPO TENCKHOFF / SIMILAR DE LONGA PERMANÊNCIA;1;22589
2023;5;BPA-C;Média complexidade;0010502 - HRS;0414020219 - ODONTOSECÇÃO / RADILECTOMIA / TUNELIZAÇÃO;1;23128
2023;8;Eletivo;Média complexidade;0010456 - HBDF;0405050097 - FACECTOMIA C/ IMPLANTE DE LENTE INTRA-OCULAR;3;24083
2023;10;Eletivo;Média complexidade;3055450 - CBV;0405030223 - REMOÇÃO DE ÓLEO DE SILICONE;16;24821
2023;7;Eletivo;Média complexidade;0010464 - HRAN;0407010254 - RETIRADA DE POLIPO DO TUBO DIGESTIVO POR ENDOSCOPIA;2;23785
2023;6;Eletivo;Atenção Básica;9690719 - CEO - Sobradinho;0414020430 - EXODONTIA DE DENTE SUPRANUMERÁRIO;1;23671
2023;8;Eletivo;Média complexidade;5717515 - HRSM;0414020162 - GENGIVOPLASTIA (POR SEXTANTE);1;24264
2023;12;Eletivo;Alta complexidade;7494424 - Ultramed;0418010064 - IMPLANTE DE CATETER DUPLO LUMEN P/HEMODIALISE;3;25491
2023;5;BPA-C;Atenção Básica;0010596 - Cent. Espec. Doenças Infecciosas;0414020120 - EXODONTIA DE DENTE DECÍDUO;4;23183
2023;11;BPA-C;Média complexidade;9778136 - CEO - Asa Norte;0414020219 - ODONTOSECÇÃO / RADILECTOMIA / TUNELIZAÇÃO;17;25277
2023;3;BPA-C;Atenção Básica;6876617 - HCB;0414020120 - EXODONTIA DE DENTE DECÍDUO;27;22623
2023;8;Eletivo;Média complexidade;3055450 - CBV;0405050291 - SUTURA DE CONJUNTIVA;47;24234
2023;5;Eletivo;Média complexidade;5717515 - HRSM;0414020219 - ODONTOSECÇÃO / RADILECTOMIA / TUNELIZAÇÃO;35;23242
2023;10;BPA-C;Média complexidade;9622845 - CEO - Policlínica Taguatinga;0414020219 - ODONTOSECÇÃO / RADILECTOMIA / TUNELIZAÇÃO;20;24911
2023;2;Eletivo;Média complexidade;9622845 - CEO - Policlínica Taguatinga;0404020089 - EXCISÃO DE RÂNULA OU FENÔMENO DE RETENÇÃO SALIVAR;1;22357
2023;7;Eletivo;Média complexidade;0010464 - HRAN;0405030053 - INJECAO INTRA-VITREO;10;23783
2023;8;Eletivo;Atenção Básica;5717515 - HRSM;0414020120 - EXODONTIA DE DENTE DECÍDUO;23;24249
2023;4;Eletivo;Média complexidade;5717515 - HRSM;0414010361 - EXERESE DE CISTO ODONTOGÊNICO E NÃO-ODONTOGÊNICO;2;22915
2023;6;BPA-C;Atenção Básica;9622918 - CEO - Taguatinga;0414020120 - EXODONTIA DE DENTE DECÍDUO;10;23655
2023;4;BPA-C;Média complexidade;9715797 - CEO - Guará;0414020073 - CURETAGEM PERIAPICAL;9;22995
2023;6;BPA-C;Atenção Básica;9715797 - CEO - Guará;0414020120 - EXODONTIA DE DENTE DECÍDUO;6;23688
2023;10;Eletivo;Alta complexidade;7494424 - Ultramed;0418010064 - IMPLANTE DE CATETER DUPLO LUMEN P/HEMODIALISE;8;24875
2023;3;BPA-C;Atenção Básica;9772243 - CEO - Paranoá;0414020120 - EXODONTIA DE DENTE DECÍDUO;1;22713
2023;2;BPA-C;Atenção Básica;9772243 - CEO - Paranoá;0414020138 - EXODONTIA DE DENTE PERMANENTE;9;22386
2023;7;Eletivo;Média complexidade;0010472 - HRG;0408050241 - REDUCAO INCRUENTA DE FRATURA DOS OSSOS DO TARSO;1;23804
2023;11;Eletivo;Média complexidade;;0405030053 - INJECAO INTRA-VITREO;91;25295
2023;7;BPA-C;Média complexidade;9778136 - CEO - Asa Norte;0414020278 - REMOÇÃO DE DENTE RETIDO (INCLUSO / IMPACTADO);11;24047
2023;5;Eletivo;Média complexidade;0010464 - HRAN;0405010184 - TRATAMENTO CIRURGICO DE BLEFAROCALASE;6;23078
2023;7;BPA-C;Média complexidade;0010456 - HBDF;0404020623 - RETIRADA DE MATERIAL DE SÍNTESE ÓSSEA / DENTÁRIA;6;23742
2023;8;BPA-C;Média complexidade;6876617 - HCB;0414020154 - GENGIVECTOMIA (POR SEXTANTE);1;24285
2023;6;Urgência;Média complexidade;0010529 - HRPL;0408020202 - REDUÇÃO INCRUENTA DE FRATURA DIAFISARIA DOS OSSOS DO ANTEBRAÇO;2;23513
2023;5;Eletivo;Média complexidade;0010510 - HUB;0406020620 - RETIRADA DE CATETER DE LONGA PERMANÊNCIA SEMI OU TOTALMENTE IMPLANTÁVEL;10;23148
2023;12;BPA-C;Média complexidade;9778136 - CEO - Asa Norte;0414020200 - MARSUPIALIZAÇÃO DE CISTOS E PSEUDOCISTOS;1;25564
2023;9;Eletivo;Média complexidade;0010510 - HUB;0405050020 - CAPSULOTOMIA A YAG LASER;39;24502
2023;9;BPA-C;Média complexidade;9772243 - CEO - Paranoá;0414020146 - EXODONTIA MÚLTIPLA COM ALVEOLOPLASTIA POR SEXTANTE;3;24679
2023;11;Eletivo;Média complexidade;;0414020154 - GENGIVECTOMIA (POR SEXTANTE);1;25307
2023;6;BPA-C;Atenção Básica;0011339 - FHB;0414020138 - EXODONTIA DE DENTE PERMANENTE;5;23528
2023;10;Urgência;Média complexidade;7116756 - UPA São Sebastião;0404020097 - EXCISÃO E SUTURA DE LESÃO NA BOCA;1;24871
2023;11;BPA-C;Atenção Básica;6876617 - HCB;0414020138 - EXODONTIA DE DENTE PERMANENTE;5;25177
2023;11;Eletivo;Alta complexidade;2779366 - Oftalmed Matriz;0405050372 - FACOEMULSIFICACAO C/ IMPLANTE DE LENTE INTRA-OCULAR DOBRAVEL;20;25129
2023;11;BPA-C;Média complexidade;0010472 - HRG;0414020219 - ODONTOSECÇÃO / RADILECTOMIA / TUNELIZAÇÃO;1;25070
2023;12;BPA-C;Atenção Básica;0011339 - FHB;0414020138 - EXODONTIA DE DENTE PERMANENTE;2;25413
2023;4;BPA-C;Média complexidade;9676473 - CEO - Ceilândia I;0414020073 - CURETAGEM PERIAPICAL;13;22987
2023;4;BPA-C;Média complexidade;0010499 - HRT;0405050259 - RETIRADA DE CORPO ESTRANHO DA CORNEA;43;22817
2023;7;BPA-C;Média complexidade;9622918 - CEO - Taguatinga;0414020278 - REMOÇÃO DE DENTE RETIDO (INCLUSO / IMPACTADO);51;24000
2023;1;Eletivo;Média complexidade;0010472 - HRG;0407010254 - RETIRADA DE POLIPO DO TUBO DIGESTIVO POR ENDOSCOPIA;7;21880
2023;6;Eletivo;Média complexidade;0010510 - HUB;0409040142 - ORQUIECTOMIA SUBCAPSULAR BILATERAL;4;23497
2023;10;Eletivo;Média complexidade;0010472 - HRG;0408010126 - REDUCAO INCRUENTA DE FRATURA E FRATURA-LUXACAO AO NIVEL DA CINTURA ESCAPULAR;2;24757
2023;2;BPA-C;Atenção Básica;2649527 - HAB;0414020138 - EXODONTIA DE DENTE PERMANENTE;33;22257
2023;8;BPA-C;Atenção Básica;9690719 - CEO - Sobradinho;0414020138 - EXODONTIA DE DENTE PERMANENTE;23;24352
2023;3;BPA-C;Média complexidade;0010456 - HBDF;0414020278 - REMOÇÃO DE DENTE RETIDO (INCLUSO / IMPACTADO);14;22427
2023;3;BPA-C;Atenção Básica;9578560 - CEO 11 - Ceilândia;0414020138 - EXODONTIA DE DENTE PERMANENTE;31;22651
2023;2;BPA-C;Média complexidade;9578536 - Policlínica Brazlândia;0406020140 - EXCISAO E SUTURA DE LINFANGIOMA / NEVUS;3;22330
2023;8;Eletivo;Média complexidade;3055450 - CBV;0405030150 - VITRIOLISE A YAG LASER;3;24229
2023;5;BPA-C;Atenção Básica;9676473 - CEO - Ceilândia I;0414020138 - EXODONTIA DE DENTE PERMANENTE;36;23332
2023;6;BPA-C;Média complexidade;6876617 - HCB;0414020154 - GENGIVECTOMIA (POR SEXTANTE);1;23608
2023;2;BPA-C;Média complexidade;0010456 - HBDF;0414020278 - REMOÇÃO DE DENTE RETIDO (INCLUSO / IMPACTADO);5;22140
2023;3;Eletivo;Alta complexidade;7980221 - Visão Hosp. de Olhos;0405050372 - FACOEMULSIFICACAO C/ IMPLANTE DE LENTE INTRA-OCULAR DOBRAVEL;45;22641
2023;5;Eletivo;Média complexidade;0010537 - HMIB;0404020097 - EXCISÃO E SUTURA DE LESÃO NA BOCA;2;23176
2023;12;Eletivo;Média complexidade;5717515 - HRSM;0404020054 - DRENAGEM DE ABSCESSO DA BOCA E ANEXOS;3;25456
2023;5;Eletivo;Média complexidade;0010510 - HUB;0405050194 - IRIDOTOMIA A LASER;41;23146
2023;11;BPA-C;Média complexidade;0010456 - HBDF;0414020022 - APICECTOMIA COM OU SEM OBTURAÇÃO RETRÓGRADA;1;25030
2023;6;Eletivo;Alta complexidade;2779420 - Davita NEFRO Asa Sul;0418020035 - RETIRADA DE CATETER TIPO TENCKHOFF / SIMILAR DE LONGA PERMANÊNCIA;6;23546
2023;4;BPA-C;Média complexidade;0010456 - HBDF;0404020623 - RETIRADA DE MATERIAL DE SÍNTESE ÓSSEA / DENTÁRIA;5;22750
2023;6;Urgência;Média complexidade;6708714 - UPA Tipo III Samambaia;0412030128 - RETIRADA DE DRENO TUBULAR TORACICO;1;23600
2023;12;Eletivo;Média complexidade;0010537 - HMIB;0414020278 - REMOÇÃO DE DENTE RETIDO (INCLUSO / IMPACTADO);30;25409
2023;12;Eletivo;Média complexidade;5717515 - HRSM;0404020623 - RETIRADA DE MATERIAL DE SÍNTESE ÓSSEA / DENTÁRIA;4;25459
2023;12;Urgência;Atenção Básica;5717515 - HRSM;0414020138 - EXODONTIA DE DENTE PERMANENTE;9;25451
2023;12;BPA-C;Atenção Básica;9676473 - CEO - Ceilândia I;0414020138 - EXODONTIA DE DENTE PERMANENTE;15;25532
2023;6;BPA-C;Atenção Básica;0010464 - HRAN;0413010023 - ATENDIMENTO DE URGÊNCIA EM PEQUENO QUEIMADO;16;23434
2023;10;BPA-C;Atenção Básica;0010456 - HBDF;0414020359 - TRATAMENTO CIRÚRGICO DE HEMORRAGIA BUCO-DENTAL;1;24703
2023;10;BPA-C;Atenção Básica;0010456 - HBDF;0404010300 - RETIRADA DE CORPO ESTRANHO DA CAVIDADE AUDITIVA E NASAL;9;24700
2023;4;BPA-C;Média complexidade;5717515 - HRSM;0415040043 - DEBRIDAMENTO DE ULCERA / NECROSE;132;22906
2023;3;Eletivo;Média complexidade;9516212 - Policlínica Paranoá;0409060089 - EXCISÃO TIPO I DO COLO UTERINO;7;22645
2023;8;BPA-C;Atenção Básica;6876617 - HCB;0414020405 - ULOTOMIA/ULECTOMIA;3;24281
2023;8;BPA-C;Média complexidade;0010464 - HRAN;0413040011 - AUTONOMIZACAO DE RETALHO;1;24102
2023;11;Urgência;Média complexidade;0010529 - HRPL;0408020172 - REDUÇÃO INCRUENTA DE FRATURA / LESÃO FISARIA NO PUNHO;1;25105
2023;12;Eletivo;Média complexidade;0010456 - HBDF;0405030053 - INJECAO INTRA-VITREO;102;25337
2023;12;Eletivo;Média complexidade;5717515 - HRSM;0404020097 - EXCISÃO E SUTURA DE LESÃO NA BOCA;1;25457
2023;7;BPA-C;Média complexidade;0010464 - HRAN;0404010075 - DRENAGEM DE FURUNCULO NO CONDUTO AUDITIVO EXTERNO;1;23769
2023;8;Eletivo;Atenção Básica;6876617 - HCB;0414020430 - EXODONTIA DE DENTE SUPRANUMERÁRIO;1;24282
2023;12;Eletivo;Alta complexidade;;0418010048 - IMPLANTE DE CATETER DE LONGA PERMANÊNCIA P/ HEMODIALISE;4;25574
2023;7;Eletivo;Média complexidade;5717515 - HRSM;0414020278 - REMOÇÃO DE DENTE RETIDO (INCLUSO / IMPACTADO);126;23937
2023;2;Urgência;Média complexidade;5717515 - HRSM;0404010342 - TAMPONAMENTO NASAL ANTERIOR E/OU POSTERIOR;1;22302
2023;5;BPA-C;Média complexidade;0010464 - HRAN;0405040199 - TRATAMENTO CIRURGICO DE XANTELASMA;1;23070
2023;9;Urgência;Média complexidade;0010529 - HRPL;0408020229 - REDUÇÃO INCRUENTA DE LUXAÇÃO / FRATURA-LUXAÇÃO DO COTOVELO;2;24519
2023;8;Eletivo;Média complexidade;3055450 - CBV;0405050305 - SUTURA DE CORNEA;55;24235
2023;8;BPA-C;Média complexidade;0010456 - HBDF;0405050364 - TRATAMENTO CIRURGICO DE PTERIGIO;7;24069
2023;11;BPA-C;Média complexidade;0010472 - HRG;0405050364 - TRATAMENTO CIRURGICO DE PTERIGIO;22;25068
2023;2;BPA-C;Média complexidade;9622845 - CEO - Policlínica Taguatinga;0414020154 - GENGIVECTOMIA (POR SEXTANTE);3;22351
2023;7;Eletivo;Média complexidade;0010464 - HRAN;0405010184 - TRATAMENTO CIRURGICO DE BLEFAROCALASE;4;23782
2023;5;Eletivo;Alta complexidade;7491484 - Renal Vida;0418020035 - RETIRADA DE CATETER TIPO TENCKHOFF / SIMILAR DE LONGA PERMANÊNCIA;1;23275
2023;12;Eletivo;Média complexidade;0010499 - HRT;0409050083 - POSTECTOMIA;1;25388
2023;9;BPA-C;Média complexidade;9778136 - CEO - Asa Norte;0414020162 - GENGIVOPLASTIA (POR SEXTANTE);1;24688
2023;6;Urgência;Atenção Básica;5717515 - HRSM;0414020138 - EXODONTIA DE DENTE PERMANENTE;10;23577
2023;12;Eletivo;Média complexidade;;0414020057 - CORREÇÃO DE IRREGULARIDADES DE REBORDO ALVEOLAR;19;25596
2023;11;Eletivo;Alta complexidade;0010456 - HBDF;0405050372 - FACOEMULSIFICACAO C/ IMPLANTE DE LENTE INTRA-OCULAR DOBRAVEL;30;25009
2023;7;Eletivo;Média complexidade;0010472 - HRG;0408020172 - REDUÇÃO INCRUENTA DE FRATURA / LESÃO FISARIA NO PUNHO;1;23802
2023;2;BPA-C;Média complexidade;9715797 - CEO - Guará;0414020375 - TRATAMENTO CIRÚRGICO PERIODONTAL (POR SEXTANTE);3;22376
2023;7;Eletivo;Média complexidade;0010456 - HBDF;0404010318 - RETIRADA DE CORPO ESTRANHO DE OUVIDO / FARINGE / LARINGE / NARIZ;1;23749
2023;5;BPA-C;Média complexidade;9676473 - CEO - Ceilândia I;0414020375 - TRATAMENTO CIRÚRGICO PERIODONTAL (POR SEXTANTE);1;23338
2023;9;Eletivo;Alta complexidade;5479878 - Davita Sobradinho;0418010030 - CONFECCAO DE FISTULA ARTERIO-VENOSA P/ HEMODIALISE;1;24556
2023;11;BPA-C;Média complexidade;6876617 - HCB;0406020140 - EXCISAO E SUTURA DE LINFANGIOMA / NEVUS;1;25178
2023;4;BPA-C;Atenção Básica;9622918 - CEO - Taguatinga;0414020120 - EXODONTIA DE DENTE DECÍDUO;7;22974
2023;4;BPA-C;Média complexidade;9578536 - Policlínica Brazlândia;0404010270 - REMOCAO DE CERUMEN DE CONDUTO AUDITIVO EXTERNO UNI / BILATERAL;13;22950
2023;10;BPA-C;Atenção Básica;2649527 - HAB;0414020120 - EXODONTIA DE DENTE DECÍDUO;2;24808
2023;6;Eletivo;Média complexidade;5717515 - HRSM;0414020154 - GENGIVECTOMIA (POR SEXTANTE);1;23586
2023;11;Urgência;Média complexidade;7465157 - UPA Ceilândia;0407040196 - PARACENTESE ABDOMINAL;2;25185
2023;4;Eletivo;Média complexidade;0010456 - HBDF;0405050119 - FACOEMULSIFICACAO C/ IMPLANTE DE LENTE INTRA-OCULAR RIGIDA;1;22771
2023;4;Eletivo;Média complexidade;0010456 - HBDF;0405020015 - CORRECAO CIRURGICA DE ESTRABISMO (ACIMA DE 2 MUSCULOS);1;22766
2023;5;Eletivo;Média complexidade;0010510 - HUB;0405030053 - INJECAO INTRA-VITREO;43;23143
2023;12;Urgência;Média complexidade;5717515 - HRSM;0404020054 - DRENAGEM DE ABSCESSO DA BOCA E ANEXOS;7;25468
2023;1;BPA-C;Média complexidade;9676473 - CEO - Ceilândia I;0414010361 - EXERESE DE CISTO ODONTOGÊNICO E NÃO-ODONTOGÊNICO;2;22069
2023;6;BPA-C;Média complexidade;9622845 - CEO - Policlínica Taguatinga;0414020081 - ENXERTO GENGIVAL;3;23649
2023;5;BPA-C;Atenção Básica;9764860 - CEO - Gama;0414020138 - EXODONTIA DE DENTE PERMANENTE;12;23363
2023;10;Urgência;Alta complexidade;0010502 - HRS;0418010048 - IMPLANTE DE CATETER DE LONGA PERMANÊNCIA P/ HEMODIALISE;1;24779
2023;5;Eletivo;Média complexidade;5717515 - HRSM;0414020200 - MARSUPIALIZAÇÃO DE CISTOS E PSEUDOCISTOS;5;23241
2023;4;Eletivo;Média complexidade;0010464 - HRAN;0409040142 - ORQUIECTOMIA SUBCAPSULAR BILATERAL;2;22790
2023;10;Eletivo;Média complexidade;9621709 - Policlínica II Taguatinga;0404010318 - RETIRADA DE CORPO ESTRANHO DE OUVIDO / FARINGE / LARINGE / NARIZ;1;24903
2023;7;Urgência;Média complexidade;7465157 - UPA Ceilândia;0407040196 - PARACENTESE ABDOMINAL;2;23952
2023;10;BPA-C;Média complexidade;9772243 - CEO - Paranoá;0414020375 - TRATAMENTO CIRÚRGICO PERIODONTAL (POR SEXTANTE);1;24970
2023;12;Eletivo;Média complexidade;3055450 - CBV;0405050291 - SUTURA DE CONJUNTIVA;60;25438
2023;7;BPA-C;Atenção Básica;6876617 - HCB;0414020120 - EXODONTIA DE DENTE DECÍDUO;29;23946
2023;8;Eletivo;Média complexidade;0010456 - HBDF;0404010318 - RETIRADA DE CORPO ESTRANHO DE OUVIDO / FARINGE / LARINGE / NARIZ;3;24076
2023;5;Eletivo;Média complexidade;3055450 - CBV;0405050020 - CAPSULOTOMIA A YAG LASER;14;23210
2023;8;BPA-C;Média complexidade;0010510 - HUB;0405050259 - RETIRADA DE CORPO ESTRANHO DA CORNEA;3;24170
2023;3;BPA-C;Média complexidade;9622918 - CEO - Taguatinga;0414010361 - EXERESE DE CISTO ODONTOGÊNICO E NÃO-ODONTOGÊNICO;1;22681
2023;9;Eletivo;Alta complexidade;0010499 - HRT;0418010048 - IMPLANTE DE CATETER DE LONGA PERMANÊNCIA P/ HEMODIALISE;16;24472
2023;7;Eletivo;Atenção Básica;0010499 - HRT;0414020138 - EXODONTIA DE DENTE PERMANENTE;7;23813
2023;2;BPA-C;Média complexidade;9578560 - CEO 11 - Ceilândia;0414020278 - REMOÇÃO DE DENTE RETIDO (INCLUSO / IMPACTADO);20;22338
2023;4;Eletivo;Média complexidade;3055450 - CBV;0405030150 - VITRIOLISE A YAG LASER;2;22883
2023;9;BPA-C;Atenção Básica;0010472 - HRG;0414020120 - EXODONTIA DE DENTE DECÍDUO;2;24462
2023;10;BPA-C;Média complexidade;9414754 - Policlínica Sobradinho;0405050364 - TRATAMENTO CIRURGICO DE PTERIGIO;11;24881
2023;6;BPA-C;Atenção Básica;9690735 - CEO - Planaltina;0414020120 - EXODONTIA DE DENTE DECÍDUO;5;23684
2023;7;Eletivo;Média complexidade;5717515 - HRSM;0404020631 - RETIRADA DE MEIOS DE FIXAÇÃO MAXILO-MANDIBULAR;2;23928
2023;11;Eletivo;Média complexidade;;0414020090 - ENXERTO ÓSSEO DE ÁREA DOADORA INTRABUCAL;3;25306
2023;4;Eletivo;Média complexidade;5717515 - HRSM;0408060352 - RETIRADA DE FIO OU PINO INTRA-ÓSSEO;8;22913
2023;7;Eletivo;Média complexidade;0010510 - HUB;0404020097 - EXCISÃO E SUTURA DE LESÃO NA BOCA;15;23840
2023;2;Eletivo;Média complexidade;9715797 - CEO - Guará;0404020097 - EXCISÃO E SUTURA DE LESÃO NA BOCA;6;22378
2023;5;Eletivo;Média complexidade;0010464 - HRAN;0409060089 - EXCISÃO TIPO I DO COLO UTERINO;3;23087
2023;8;Urgência;Média complexidade;5717515 - HRSM;0414020219 - ODONTOSECÇÃO / RADILECTOMIA / TUNELIZAÇÃO;3;24277
2023;7;Eletivo;Alta complexidade;3459918 - Nephron Brasília;0418010064 - IMPLANTE DE CATETER DUPLO LUMEN P/HEMODIALISE;1;23909
2023;5;BPA-C;Média complexidade;9578560 - CEO 11 - Ceilândia;0414020073 - CURETAGEM PERIAPICAL;1;23296
2023;4;Eletivo;Alta complexidade;0010502 - HRS;0418010048 - IMPLANTE DE CATETER DE LONGA PERMANÊNCIA P/ HEMODIALISE;1;22822
2023;12;BPA-C;Média complexidade;0924857 - UPA II Ceilândia;0415040043 - DEBRIDAMENTO DE ULCERA / NECROSE;1;25416
2023;10;BPA-C;Atenção Básica;6876617 - HCB;0414020138 - EXODONTIA DE DENTE PERMANENTE;2;24867
2023;12;Eletivo;Alta complexidade;0010502 - HRS;0418010064 - IMPLANTE DE CATETER DUPLO LUMEN P/HEMODIALISE;2;25389
2023;9;BPA-C;Atenção Básica;0011347 - Adolescentro;0414020120 - EXODONTIA DE DENTE DECÍDUO;5;24531
2023;6;BPA-C;Média complexidade;9622845 - CEO - Policlínica Taguatinga;0414020154 - GENGIVECTOMIA (POR SEXTANTE);12;23650
2023;11;BPA-C;Média complexidade;9778144 - Policlínica Asa Norte;0404010270 - REMOCAO DE CERUMEN DE CONDUTO AUDITIVO EXTERNO UNI / BILATERAL;28;25281
2023;10;Eletivo;Média complexidade;3055450 - CBV;0405030053 - INJECAO INTRA-VITREO;50;24816
2023;5;Eletivo;Média complexidade;0010464 - HRAN;0407020136 - DRENAGEM DE ABSCESSO ANU-RETAL;1;23082
2023;3;Eletivo;Média complexidade;0010472 - HRG;0408050268 - REDUCAO INCRUENTA DE LUXACAO / FRATURA-LUXACAO DO JOELHO;1;22480
2023;5;Eletivo;Média complexidade;3055450 - CBV;0405050305 - SUTURA DE CORNEA;38;23213
2023;9;BPA-C;Atenção Básica;9578277 - Policlínica Lago Sul;0414020138 - EXODONTIA DE DENTE PERMANENTE;2;24607
2023;2;Eletivo;Média complexidade;0010537 - HMIB;0414020162 - GENGIVOPLASTIA (POR SEXTANTE);2;22248
2023;2;Eletivo;Média complexidade;5717515 - HRSM;0414020219 - ODONTOSECÇÃO / RADILECTOMIA / TUNELIZAÇÃO;54;22300
2023;1;Urgência;Atenção Básica;5717515 - HRSM;0414020359 - TRATAMENTO CIRÚRGICO DE HEMORRAGIA BUCO-DENTAL;1;21992
2023;2;BPA-C;Atenção Básica;0010529 - HRPL;0404010300 - RETIRADA DE CORPO ESTRANHO DA CAVIDADE AUDITIVA E NASAL;3;22231
2023;6;BPA-C;Média complexidade;9622845 - CEO - Policlínica Taguatinga;0414020219 - ODONTOSECÇÃO / RADILECTOMIA / TUNELIZAÇÃO;19;23652
2023;8;Eletivo;Média complexidade;0010510 - HUB;0405050364 - TRATAMENTO CIRURGICO DE PTERIGIO;17;24179
2023;12;BPA-C;Atenção Básica;9690735 - CEO - Planaltina;0414020120 - EXODONTIA DE DENTE DECÍDUO;16;25541
2023;7;BPA-C;Média complexidade;0010464 - HRAN;0405050291 - SUTURA DE CONJUNTIVA;1;23772
2023;10;BPA-C;Atenção Básica;0011347 - Adolescentro;0414020120 - EXODONTIA DE DENTE DECÍDUO;1;24802
2023;8;BPA-C;Média complexidade;9578536 - Policlínica Brazlândia;0406020140 - EXCISAO E SUTURA DE LINFANGIOMA / NEVUS;6;24308
2023;7;BPA-C;Média complexidade;9690719 - CEO - Sobradinho;0414020073 - CURETAGEM PERIAPICAL;39;24016
2023;12;Urgência;Média complexidade;5717515 - HRSM;0404010318 - RETIRADA DE CORPO ESTRANHO DE OUVIDO / FARINGE / LARINGE / NARIZ;1;25467
2023;2;Urgência;Média complexidade;7111924 - UPA Núcleo Bandeirante;0407040196 - PARACENTESE ABDOMINAL;2;22318
2023;11;BPA-C;Média complexidade;0010464 - HRAN;0406020132 - EXCISAO E SUTURA DE HEMANGIOMA;1;25055
2023;4;BPA-C;Média complexidade;9622845 - CEO - Policlínica Taguatinga;0414020162 - GENGIVOPLASTIA (POR SEXTANTE);8;22970
2023;1;Eletivo;Média complexidade;0010464 - HRAN;0405010176 - SUTURA DE PALPEBRAS;1;21866
2023;10;BPA-C;Atenção Básica;9622845 - CEO - Policlínica Taguatinga;0414020120 - EXODONTIA DE DENTE DECÍDUO;9;24906
2023;8;Eletivo;Média complexidade;0010456 - HBDF;0405010010 - CORRECAO CIRURGICA DE ENTROPIO E ECTROPIO;1;24077
2023;7;Eletivo;Média complexidade;3055450 - CBV;0405050321 - TRABECULECTOMIA;2;23906
2023;3;Urgência;Média complexidade;0010529 - HRPL;0408060352 - RETIRADA DE FIO OU PINO INTRA-ÓSSEO;21;22543
2023;3;Eletivo;Média complexidade;0010456 - HBDF;0405050151 - IMPLANTE SECUNDARIO DE LENTE INTRA-OCULAR - LIO;1;22437
2023;1;Eletivo;Média complexidade;3055450 - CBV;0405030215 - RETINOPEXIA PNEUMÁTICA;34;21973
2023;11;Eletivo;Alta complexidade;3459918 - Nephron Brasília;0418010048 - IMPLANTE DE CATETER DE LONGA PERMANÊNCIA P/ HEMODIALISE;1;25147
2023;3;BPA-C;Média complexidade;0010456 - HBDF;0414020057 - CORREÇÃO DE IRREGULARIDADES DE REBORDO ALVEOLAR;6;22423
2023;7;Eletivo;Média complexidade;9772243 - CEO - Paranoá;0404020445 - CONTENÇÃO DE DENTES POR SPLINTAGEM;1;24044
2023;10;BPA-C;Média complexidade;9578560 - CEO 11 - Ceilândia;0414020065 - CORREÇÃO DE TUBEROSIDADE DO MAXILAR;3;24893
2023;9;Eletivo;Média complexidade;5717515 - HRSM;0414020219 - ODONTOSECÇÃO / RADILECTOMIA / TUNELIZAÇÃO;56;24576
2023;4;Eletivo;Média complexidade;0010464 - HRAN;0409070122 - DRENAGEM DE GLANDULA DE BARTHOLIN / SKENE;1;22794
2023;9;BPA-C;Média complexidade;9622845 - CEO - Policlínica Taguatinga;0414020057 - CORREÇÃO DE IRREGULARIDADES DE REBORDO ALVEOLAR;23;24629
2023;3;BPA-C;Média complexidade;9715797 - CEO - Guará;0414020278 - REMOÇÃO DE DENTE RETIDO (INCLUSO / IMPACTADO);16;22701
2023;1;Eletivo;Alta complexidade;7929129 - Clinica de Olhos Dr João Eugenio;0405050372 - FACOEMULSIFICACAO C/ IMPLANTE DE LENTE INTRA-OCULAR DOBRAVEL;25;22025
2023;3;Eletivo;Média complexidade;5717515 - HRSM;0414020154 - GENGIVECTOMIA (POR SEXTANTE);1;22608
2023;10;Eletivo;Alta complexidade;2779420 - Davita NEFRO Asa Sul;0418020019 - INTERVENCAO EM FISTULA ARTERIO-VENOSA;4;24814
2023;4;Eletivo;Alta complexidade;5479878 - Davita Sobradinho;0418010048 - IMPLANTE DE CATETER DE LONGA PERMANÊNCIA P/ HEMODIALISE;1;22898
2023;1;Eletivo;Alta complexidade;5479878 - Davita Sobradinho;0418010064 - IMPLANTE DE CATETER DUPLO LUMEN P/HEMODIALISE;6;21983
2023;10;Urgência;Média complexidade;0010529 - HRPL;0408060352 - RETIRADA DE FIO OU PINO INTRA-ÓSSEO;8;24789
2023;7;Eletivo;Média complexidade;0010510 - HUB;0407040196 - PARACENTESE ABDOMINAL;6;23846
2023;1;Eletivo;Média complexidade;0010464 - HRAN;0409020036 - EXTRACAO ENDOSCOPICA DE CORPO ESTRANHO / CALCULO NA URETRA C/ CISTOSCOPIA;4;21868
2023;8;Eletivo;Média complexidade;2672197 - HRSam;0409070122 - DRENAGEM DE GLANDULA DE BARTHOLIN / SKENE;1;24220
2023;7;Eletivo;Média complexidade;0010510 - HUB;0406020620 - RETIRADA DE CATETER DE LONGA PERMANÊNCIA SEMI OU TOTALMENTE IMPLANTÁVEL;3;23845
2023;6;BPA-C;Média complexidade;9578536 - Policlínica Brazlândia;0404010270 - REMOCAO DE CERUMEN DE CONDUTO AUDITIVO EXTERNO UNI / BILATERAL;5;23628
2023;2;BPA-C;Média complexidade;0010464 - HRAN;0405050259 - RETIRADA DE CORPO ESTRANHO DA CORNEA;9;22156
2023;4;Eletivo;Média complexidade;5717515 - HRSM;0414020049 - CORREÇÃO DE BRIDAS MUSCULARES;1;22916
2023;5;Eletivo;Média complexidade;9621709 - Policlínica II Taguatinga;0409060089 - EXCISÃO TIPO I DO COLO UTERINO;1;23308
2023;5;BPA-C;Atenção Básica;2649527 - HAB;0414020138 - EXODONTIA DE DENTE PERMANENTE;1;23194
2023;3;BPA-C;Média complexidade;9772243 - CEO - Paranoá;0414020278 - REMOÇÃO DE DENTE RETIDO (INCLUSO / IMPACTADO);30;22718
2023;1;Eletivo;Média complexidade;0010510 - HUB;0414020146 - EXODONTIA MÚLTIPLA COM ALVEOLOPLASTIA POR SEXTANTE;3;21925
2023;8;BPA-C;Média complexidade;9622918 - CEO - Taguatinga;0414020022 - APICECTOMIA COM OU SEM OBTURAÇÃO RETRÓGRADA;1;24333
2023;6;Eletivo;Média complexidade;0010510 - HUB;0414020243 - REIMPLANTE E TRANSPLANTE DENTAL (POR ELEMENTO);2;23506
2023;6;BPA-C;Média complexidade;9414754 - Policlínica Sobradinho;0414020030 - APROFUNDAMENTO DE VESTÍBULO ORAL (POR SEXTANTE);1;23624
2023;5;BPA-C;Média complexidade;9622845 - CEO - Policlínica Taguatinga;0414020219 - ODONTOSECÇÃO / RADILECTOMIA / TUNELIZAÇÃO;21;23315
2023;7;BPA-C;Média complexidade;9505709 - Policlínica Planaltina;0409060097 - EXERESE DE POLIPO DE UTERO;1;23964
2023;10;BPA-C;Média complexidade;9620311 - Policlínica Guará I;0404010270 - REMOCAO DE CERUMEN DE CONDUTO AUDITIVO EXTERNO UNI / BILATERAL;17;24898
2023;12;BPA-C;Média complexidade;0010464 - HRAN;0409050067 - PLASTICA DE FREIO BALANO-PREPUCIAL;1;25361
2023;8;Eletivo;Atenção Básica;0010537 - HMIB;0414020120 - EXODONTIA DE DENTE DECÍDUO;30;24199
2023;1;Eletivo;Média complexidade;0010456 - HBDF;0405040202 - TRATAMENTO DE PTOSE PALPEBRAL;2;21845
2023;5;BPA-C;Atenção Básica;0011347 - Adolescentro;0414020120 - EXODONTIA DE DENTE DECÍDUO;8;23185
2023;1;BPA-C;Média complexidade;9764860 - CEO - Gama;0414020065 - CORREÇÃO DE TUBEROSIDADE DO MAXILAR;2;22095
2023;6;Eletivo;Média complexidade;9715797 - CEO - Guará;0404020097 - EXCISÃO E SUTURA DE LESÃO NA BOCA;6;23695
2023;2;Eletivo;Média complexidade;0010456 - HBDF;0405040202 - TRATAMENTO DE PTOSE PALPEBRAL;3;22144
2023;5;Eletivo;Alta complexidade;2779420 - Davita NEFRO Asa Sul;0418020027 - LIGADURA DE FISTULA ARTERIO-VENOSA;1;23201
2023;1;BPA-C;Média complexidade;9676473 - CEO - Ceilândia I;0414020073 - CURETAGEM PERIAPICAL;10;22070
2023;10;Eletivo;Alta complexidade;7491484 - Renal Vida;0418020035 - RETIRADA DE CATETER TIPO TENCKHOFF / SIMILAR DE LONGA PERMANÊNCIA;1;24873
2023;8;Eletivo;Alta complexidade;0010502 - HRS;0418010048 - IMPLANTE DE CATETER DE LONGA PERMANÊNCIA P/ HEMODIALISE;2;24147
2023;5;BPA-C;Média complexidade;9578560 - CEO 11 - Ceilândia;0414020057 - CORREÇÃO DE IRREGULARIDADES DE REBORDO ALVEOLAR;13;23294
2023;8;Eletivo;Média complexidade;5717515 - HRSM;0408060352 - RETIRADA DE FIO OU PINO INTRA-ÓSSEO;8;24258
2023;7;BPA-C;Média complexidade;9676473 - CEO - Ceilândia I;0414020278 - REMOÇÃO DE DENTE RETIDO (INCLUSO / IMPACTADO);13;24008
2023;3;Urgência;Média complexidade;0010529 - HRPL;0408010134 - REDUCAO INCRUENTA DE LUXAÇÃO OU FRATURA / LUXAÇÃO ESCÁPULO-UMERAL;4;22537
2023;7;BPA-C;Atenção Básica;0010529 - HRPL;0404010300 - RETIRADA DE CORPO ESTRANHO DA CAVIDADE AUDITIVA E NASAL;4;23855
2023;3;BPA-C;Média complexidade;0010464 - HRAN;0405010044 - DRENAGEM DE ABSCESSO DE PALPEBRA;1;22451
2023;9;BPA-C;Média complexidade;9580816 - Cent. Espec. Saúde Mulher;0409060097 - EXERESE DE POLIPO DE UTERO;1;24618
2023;3;BPA-C;Média complexidade;0010456 - HBDF;0405050364 - TRATAMENTO CIRURGICO DE PTERIGIO;4;22420
2023;1;BPA-C;Média complexidade;0010456 - HBDF;0405010060 - EPILACAO DE CILIOS;1;21830
2023;3;Urgência;Média complexidade;5717515 - HRSM;0404020623 - RETIRADA DE MATERIAL DE SÍNTESE ÓSSEA / DENTÁRIA;3;22616
2023;12;Urgência;Média complexidade;0010529 - HRPL;0408060352 - RETIRADA DE FIO OU PINO INTRA-ÓSSEO;15;25401
2023;11;BPA-C;Média complexidade;0010472 - HRG;0414020073 - CURETAGEM PERIAPICAL;7;25069
2023;3;Eletivo;Média complexidade;0010537 - HMIB;0414020057 - CORREÇÃO DE IRREGULARIDADES DE REBORDO ALVEOLAR;156;22551
2023;2;Eletivo;Média complexidade;0010464 - HRAN;0413010040 - CURATIVO EM MEDIO QUEIMADO;1385;22171
2023;5;BPA-C;Atenção Básica;6876617 - HCB;0414020120 - EXODONTIA DE DENTE DECÍDUO;34;23258
2023;8;BPA-C;Média complexidade;0010472 - HRG;0414020057 - CORREÇÃO DE IRREGULARIDADES DE REBORDO ALVEOLAR;1;24119
2023;8;Eletivo;Média complexidade;5717515 - HRSM;0414020073 - CURETAGEM PERIAPICAL;93;24261
2023;11;Urgência;Média complexidade;0010529 - HRPL;0408060352 - RETIRADA DE FIO OU PINO INTRA-ÓSSEO;14;25111
2023;1;BPA-C;Média complexidade;9622918 - CEO - Taguatinga;0414020278 - REMOÇÃO DE DENTE RETIDO (INCLUSO / IMPACTADO);27;22063
2023;10;BPA-C;Média complexidade;0010464 - HRAN;0405050259 - RETIRADA DE CORPO ESTRANHO DA CORNEA;12;24733
2023;5;BPA-C;Média complexidade;0010472 - HRG;0405050364 - TRATAMENTO CIRURGICO DE PTERIGIO;31;23094
2023;10;Eletivo;Média complexidade;0010480 - HRC;0408050241 - REDUCAO INCRUENTA DE FRATURA DOS OSSOS DO TARSO;1;24761
2023;7;Eletivo;Alta complexidade;0010499 - HRT;0418010080 - IMPLANTE DE CATETER TIPO TENCKHOFF OU SIMILAR P/ DPA/DPAC;0;23810
2023;2;Eletivo;Alta complexidade;0010456 - HBDF;0418010064 - IMPLANTE DE CATETER DUPLO LUMEN P/HEMODIALISE;107;22118
2023;5;Eletivo;Média complexidade;9622918 - CEO - Taguatinga;0404020054 - DRENAGEM DE ABSCESSO DA BOCA E ANEXOS;2;23330
2023;10;BPA-C;Média complexidade;0010499 - HRT;0405010044 - DRENAGEM DE ABSCESSO DE PALPEBRA;1;24770
2023;2;BPA-C;Atenção Básica;7592477 - UPA Sobradinho;0414020138 - EXODONTIA DE DENTE PERMANENTE;4;22320
2023;5;Eletivo;Alta complexidade;0010510 - HUB;0418010030 - CONFECCAO DE FISTULA ARTERIO-VENOSA P/ HEMODIALISE;1;23131
2023;6;Eletivo;Média complexidade;3055450 - CBV;0405050305 - SUTURA DE CORNEA;18;23558
2023;5;Eletivo;Média complexidade;0010464 - HRAN;0407010254 - RETIRADA DE POLIPO DO TUBO DIGESTIVO POR ENDOSCOPIA;2;23081
2023;5;Eletivo;Média complexidade;0010480 - HRC;0408050284 - REDUCAO INCRUENTA DE LUXACAO OU FRATURA / LUXACAO SUBTALAR E INTRATARSICA;1;23104
2023;7;Eletivo;Média complexidade;0010456 - HBDF;0409010294 - NEFROSTOMIA PERCUTANEA;5;23762
2023;5;BPA-C;Média complexidade;6876617 - HCB;0406020140 - EXCISAO E SUTURA DE LINFANGIOMA / NEVUS;1;23262
2023;9;Eletivo;Média complexidade;3055450 - CBV;0405030053 - INJECAO INTRA-VITREO;26;24540
2023;9;Eletivo;Média complexidade;9772243 - CEO - Paranoá;0404020100 - EXCISÃO EM CUNHA DE LÁBIO;1;24684
2023;4;Urgência;Média complexidade;2779366 - Oftalmed Matriz;0405050020 - CAPSULOTOMIA A YAG LASER;1;22876
2023;11;BPA-C;Média complexidade;0010529 - HRPL;0415040043 - DEBRIDAMENTO DE ULCERA / NECROSE;1;25103
2023;7;Eletivo;Alta complexidade;7980221 - Visão Hosp. de Olhos;0405050372 - FACOEMULSIFICACAO C/ IMPLANTE DE LENTE INTRA-OCULAR DOBRAVEL;20;23960
2023;7;BPA-C;Atenção Básica;9764860 - CEO - Gama;0414020138 - EXODONTIA DE DENTE PERMANENTE;8;24031
2023;12;BPA-C;Média complexidade;0010456 - HBDF;0405050259 - RETIRADA DE CORPO ESTRANHO DA CORNEA;10;25325
2023;4;Eletivo;Média complexidade;0010510 - HUB;0406020620 - RETIRADA DE CATETER DE LONGA PERMANÊNCIA SEMI OU TOTALMENTE IMPLANTÁVEL;3;22835
2023;3;Urgência;Média complexidade;7592477 - UPA Sobradinho;0407040196 - PARACENTESE ABDOMINAL;1;22638
2023;12;Eletivo;Média complexidade;9778136 - CEO - Asa Norte;0404020097 - EXCISÃO E SUTURA DE LESÃO NA BOCA;1;25567
2023;3;BPA-C;Atenção Básica;9622918 - CEO - Taguatinga;0414020138 - EXODONTIA DE DENTE PERMANENTE;289;22680
2023;7;BPA-C;Média complexidade;0010502 - HRS;0414020073 - CURETAGEM PERIAPICAL;1;23830
2023;9;Eletivo;Alta complexidade;0010499 - HRT;0418020035 - RETIRADA DE CATETER TIPO TENCKHOFF / SIMILAR DE LONGA PERMANÊNCIA;5;24475
2023;10;Urgência;Média complexidade;0945595 - UPA Riacho Fundo;0404020097 - EXCISÃO E SUTURA DE LESÃO NA BOCA;1;24805
2023;8;Eletivo;Média complexidade;0010464 - HRAN;0404010342 - TAMPONAMENTO NASAL ANTERIOR E/OU POSTERIOR;3;24103
2023;6;Eletivo;Alta complexidade;0010510 - HUB;0418010048 - IMPLANTE DE CATETER DE LONGA PERMANÊNCIA P/ HEMODIALISE;10;23487
2023;2;Eletivo;Alta complexidade;7980221 - Visão Hosp. de Olhos;0405050372 - FACOEMULSIFICACAO C/ IMPLANTE DE LENTE INTRA-OCULAR DOBRAVEL;25;22323
2023;6;Urgência;Média complexidade;7465157 - UPA Ceilândia;0407040196 - PARACENTESE ABDOMINAL;1;23611
2023;7;Eletivo;Média complexidade;0010456 - HBDF;0405010117 - RECONSTITUICAO DE CANAL LACRIMAL;1;23751
2023;6;BPA-C;Média complexidade;0010499 - HRT;0405010044 - DRENAGEM DE ABSCESSO DE PALPEBRA;1;23468
2023;9;BPA-C;Média complexidade;9690719 - CEO - Sobradinho;0414020278 - REMOÇÃO DE DENTE RETIDO (INCLUSO / IMPACTADO);70;24654
2023;12;BPA-C;Média complexidade;9778136 - CEO - Asa Norte;0414020278 - REMOÇÃO DE DENTE RETIDO (INCLUSO / IMPACTADO);53;25566
2023;8;BPA-C;Média complexidade;9622845 - CEO - Policlínica Taguatinga;0414020375 - TRATAMENTO CIRÚRGICO PERIODONTAL (POR SEXTANTE);11;24327
2023;4;BPA-C;Média complexidade;9622845 - CEO - Policlínica Taguatinga;0414020073 - CURETAGEM PERIAPICAL;30;22968
2023;4;Eletivo;Média complexidade;0010537 - HMIB;0414020022 - APICECTOMIA COM OU SEM OBTURAÇÃO RETRÓGRADA;1;22859
2023;7;Eletivo;Média complexidade;9676473 - CEO - Ceilândia I;0404020097 - EXCISÃO E SUTURA DE LESÃO NA BOCA;1;24010
2023;2;BPA-C;Atenção Básica;6876617 - HCB;0414020138 - EXODONTIA DE DENTE PERMANENTE;2;22311
2023;8;Eletivo;Média complexidade;5717515 - HRSM;0414020154 - GENGIVECTOMIA (POR SEXTANTE);5;24263
2023;11;Eletivo;Média complexidade;0010537 - HMIB;0414020073 - CURETAGEM PERIAPICAL;7;25116
2023;4;BPA-C;Média complexidade;9676473 - CEO - Ceilândia I;0414020278 - REMOÇÃO DE DENTE RETIDO (INCLUSO / IMPACTADO);22;22989
2023;8;BPA-C;Média complexidade;9690735 - CEO - Planaltina;0414020154 - GENGIVECTOMIA (POR SEXTANTE);2;24367
2023;5;Eletivo;Média complexidade;0010456 - HBDF;0404020097 - EXCISÃO E SUTURA DE LESÃO NA BOCA;3;23053
2023;5;BPA-C;Média complexidade;0010464 - HRAN;0406020140 - EXCISAO E SUTURA DE LINFANGIOMA / NEVUS;2;23073
2023;10;BPA-C;Média complexidade;9621709 - Policlínica II Taguatinga;0406020140 - EXCISAO E SUTURA DE LINFANGIOMA / NEVUS;2;24900
2023;6;Urgência;Média complexidade;5717515 - HRSM;0404020097 - EXCISÃO E SUTURA DE LESÃO NA BOCA;6;23593
2023;9;BPA-C;Média complexidade;0010456 - HBDF;0404010091 - DUCHA DE POLITZER (UNI / BILATERAL);5;24411
2023;11;Urgência;Média complexidade;0010456 - HBDF;0408020245 - REDUÇÃO INCRUENTA DE LUXAÇÃO OU FRATURA / LUXACAO NO PUNHO;1;25049
2023;6;Eletivo;Média complexidade;5717515 - HRSM;0414020073 - CURETAGEM PERIAPICAL;84;23585
2023;12;BPA-C;Atenção Básica;9772243 - CEO - Paranoá;0414020138 - EXODONTIA DE DENTE PERMANENTE;4;25553
2023;10;BPA-C;Média complexidade;9778136 - CEO - Asa Norte;0414020219 - ODONTOSECÇÃO / RADILECTOMIA / TUNELIZAÇÃO;10;24979
2023;6;Eletivo;Média complexidade;2645157 - HRL;0408060352 - RETIRADA DE FIO OU PINO INTRA-ÓSSEO;1;23534
2023;1;BPA-C;Média complexidade;0010456 - HBDF;0405050259 - RETIRADA DE CORPO ESTRANHO DA CORNEA;5;21832
2023;8;Eletivo;Média complexidade;3055450 - CBV;0405030215 - RETINOPEXIA PNEUMÁTICA;47;24230
2023;2;BPA-C;Média complexidade;0010464 - HRAN;0404010156 - INFILTRACAO MEDICAMENTOSA EM CORNETO INFERIOR;1;22153
2023;5;Eletivo;Atenção Básica;0010510 - HUB;0414020120 - EXODONTIA DE DENTE DECÍDUO;4;23134
2023;6;Eletivo;Alta complexidade;3459918 - Nephron Brasília;0418010064 - IMPLANTE DE CATETER DUPLO LUMEN P/HEMODIALISE;1;23564
2023;5;BPA-C;Média complexidade;9578536 - Policlínica Brazlândia;0406020140 - EXCISAO E SUTURA DE LINFANGIOMA / NEVUS;3;23289
2023;9;Eletivo;Média complexidade;0010456 - HBDF;0405050321 - TRABECULECTOMIA;1;24433
2023;11;Eletivo;Média complexidade;2645157 - HRL;0408060352 - RETIRADA DE FIO OU PINO INTRA-ÓSSEO;1;25124
2023;8;BPA-C;Média complexidade;9622845 - CEO - Policlínica Taguatinga;0414020219 - ODONTOSECÇÃO / RADILECTOMIA / TUNELIZAÇÃO;25;24325
2023;4;BPA-C;Média complexidade;9622918 - CEO - Taguatinga;0414020154 - GENGIVECTOMIA (POR SEXTANTE);1;22982
2023;8;BPA-C;Média complexidade;6876617 - HCB;0407010319 - TRATAMENTO ESCLEROSANTE / LIGADURA ELASTICA DE LESAO HEMORRAGICA DO APARELHO DIGESTIVO;1;24284
2023;6;BPA-C;Atenção Básica;0010456 - HBDF;0404010300 - RETIRADA DE CORPO ESTRANHO DA CAVIDADE AUDITIVA E NASAL;4;23400
2023;9;BPA-C;Média complexidade;9622918 - CEO - Taguatinga;0414020219 - ODONTOSECÇÃO / RADILECTOMIA / TUNELIZAÇÃO;28;24642
2023;8;Eletivo;Média complexidade;9690719 - CEO - Sobradinho;0404020097 - EXCISÃO E SUTURA DE LESÃO NA BOCA;3;24361
2023;4;Eletivo;Alta complexidade;0010499 - HRT;0418010048 - IMPLANTE DE CATETER DE LONGA PERMANÊNCIA P/ HEMODIALISE;30;22809
2023;6;Eletivo;Alta complexidade;3055450 - CBV;0405050372 - FACOEMULSIFICACAO C/ IMPLANTE DE LENTE INTRA-OCULAR DOBRAVEL;7;23547
2023;6;Eletivo;Média complexidade;5717515 - HRSM;0414010345 - EXCISÃO DE CÁLCULO DE GLÂNDULA SALIVAR;1;23582
2023;4;BPA-C;Média complexidade;6876617 - HCB;0407020160 - ELETROCAUTERIZACAO DE LESAO TRANSPARIETAL DE ANUS;1;22936
2023;10;Eletivo;Alta complexidade;;0418010080 - IMPLANTE DE CATETER TIPO TENCKHOFF OU SIMILAR P/ DPA/DPAC;2;24988
2023;9;BPA-C;Média complexidade;9676473 - CEO - Ceilândia I;0414020278 - REMOÇÃO DE DENTE RETIDO (INCLUSO / IMPACTADO);46;24650
2023;4;Eletivo;Alta complexidade;0010502 - HRS;0418010030 - CONFECCAO DE FISTULA ARTERIO-VENOSA P/ HEMODIALISE;4;22821
2023;6;BPA-C;Média complexidade;9764860 - CEO - Gama;0414020065 - CORREÇÃO DE TUBEROSIDADE DO MAXILAR;1;23700
2023;8;Eletivo;Alta complexidade;9967486 - IBRANE;0418010030 - CONFECCAO DE FISTULA ARTERIO-VENOSA P/ HEMODIALISE;6;24405
2023;8;Eletivo;Alta complexidade;0010502 - HRS;0418010080 - IMPLANTE DE CATETER TIPO TENCKHOFF OU SIMILAR P/ DPA/DPAC;1;24148
2023;6;Eletivo;Alta complexidade;5479878 - Davita Sobradinho;0418010064 - IMPLANTE DE CATETER DUPLO LUMEN P/HEMODIALISE;6;23569
2023;9;BPA-C;Atenção Básica;9778136 - CEO - Asa Norte;0414020138 - EXODONTIA DE DENTE PERMANENTE;37;24685
2023;9;Eletivo;Alta complexidade;0010499 - HRT;0418010080 - IMPLANTE DE CATETER TIPO TENCKHOFF OU SIMILAR P/ DPA/DPAC;6;24474
2023;6;Urgência;Média complexidade;5717515 - HRSM;0414020200 - MARSUPIALIZAÇÃO DE CISTOS E PSEUDOCISTOS;1;23597
2023;12;Eletivo;Média complexidade;0010472 - HRG;0408010126 - REDUCAO INCRUENTA DE FRATURA E FRATURA-LUXACAO AO NIVEL DA CINTURA ESCAPULAR;5;25376
2023;12;BPA-C;Média complexidade;0010456 - HBDF;0415040043 - DEBRIDAMENTO DE ULCERA / NECROSE;1;25332
2023;8;Eletivo;Alta complexidade;0010510 - HUB;0418010064 - IMPLANTE DE CATETER DUPLO LUMEN P/HEMODIALISE;2;24162
2023;5;BPA-C;Média complexidade;0010529 - HRPL;0415040043 - DEBRIDAMENTO DE ULCERA / NECROSE;5;23160
2023;10;BPA-C;Média complexidade;0010456 - HBDF;0404020445 - CONTENÇÃO DE DENTES POR SPLINTAGEM;5;24706
2023;10;Eletivo;Média complexidade;5717515 - HRSM;0404020615 - REDUÇÃO DE LUXAÇÃO TÊMPORO-MANDIBULAR;1;24845
2023;12;BPA-C;Atenção Básica;9676473 - CEO - Ceilândia I;0414020120 - EXODONTIA DE DENTE DECÍDUO;11;25531
2023;10;Eletivo;Média complexidade;0010464 - HRAN;0405030053 - INJECAO INTRA-VITREO;2;24743
2023;2;BPA-C;Média complexidade;9715797 - CEO - Guará;0414020278 - REMOÇÃO DE DENTE RETIDO (INCLUSO / IMPACTADO);14;22375
2023;3;Eletivo;Média complexidade;0010456 - HBDF;0405010010 - CORRECAO CIRURGICA DE ENTROPIO E ECTROPIO;1;22430
2023;7;BPA-C;Média complexidade;9715797 - CEO - Guará;0414020073 - CURETAGEM PERIAPICAL;21;24027
2023;5;BPA-C;Média complexidade;9764860 - CEO - Gama;0414020219 - ODONTOSECÇÃO / RADILECTOMIA / TUNELIZAÇÃO;35;23369
2023;5;Urgência;Atenção Básica;5717515 - HRSM;0414020359 - TRATAMENTO CIRÚRGICO DE HEMORRAGIA BUCO-DENTAL;1;23230
2023;10;BPA-C;Média complexidade;9715797 - CEO - Guará;0414020375 - TRATAMENTO CIRÚRGICO PERIODONTAL (POR SEXTANTE);2;24955
2023;4;BPA-C;Média complexidade;9622918 - CEO - Taguatinga;0414020146 - EXODONTIA MÚLTIPLA COM ALVEOLOPLASTIA POR SEXTANTE;5;22981
2023;12;Eletivo;Alta complexidade;7491484 - Renal Vida;0418010030 - CONFECCAO DE FISTULA ARTERIO-VENOSA P/ HEMODIALISE;3;25485
2023;5;Eletivo;Alta complexidade;3224228 - Renal Care;0418010048 - IMPLANTE DE CATETER DE LONGA PERMANÊNCIA P/ HEMODIALISE;1;23214
2023;10;BPA-C;Média complexidade;9690735 - CEO - Planaltina;0414020057 - CORREÇÃO DE IRREGULARIDADES DE REBORDO ALVEOLAR;1;24945
2023;6;Eletivo;Média complexidade;0010456 - HBDF;0405050097 - FACECTOMIA C/ IMPLANTE DE LENTE INTRA-OCULAR;3;23424
2023;11;Eletivo;Alta complexidade;7494424 - Ultramed;0418010064 - IMPLANTE DE CATETER DUPLO LUMEN P/HEMODIALISE;4;25189
2023;7;Eletivo;Alta complexidade;3548104 - Centro da Visao;0405050372 - FACOEMULSIFICACAO C/ IMPLANTE DE LENTE INTRA-OCULAR DOBRAVEL;55;23910
2023;10;Eletivo;Média complexidade;9622918 - CEO - Taguatinga;0404020097 - EXCISÃO E SUTURA DE LESÃO NA BOCA;1;24926
2023;6;BPA-C;Média complexidade;0010472 - HRG;0414020073 - CURETAGEM PERIAPICAL;3;23453
2023;2;BPA-C;Média complexidade;9764860 - CEO - Gama;0414020278 - REMOÇÃO DE DENTE RETIDO (INCLUSO / IMPACTADO);32;22384
2023;6;BPA-C;Média complexidade;9764860 - CEO - Gama;0414020057 - CORREÇÃO DE IRREGULARIDADES DE REBORDO ALVEOLAR;3;23699
2023;2;BPA-C;Média complexidade;0010464 - HRAN;0405050291 - SUTURA DE CONJUNTIVA;1;22157
2023;9;BPA-C;Média complexidade;5598575 - Policlínica Gama;0404010270 - REMOCAO DE CERUMEN DE CONDUTO AUDITIVO EXTERNO UNI / BILATERAL;49;24560
2023;12;Urgência;Média complexidade;0010456 - HBDF;0404010318 - RETIRADA DE CORPO ESTRANHO DE OUVIDO / FARINGE / LARINGE / NARIZ;64;25345
2023;10;BPA-C;Média complexidade;9778136 - CEO - Asa Norte;0414020154 - GENGIVECTOMIA (POR SEXTANTE);3;24978
2023;12;Urgência;Média complexidade;0010529 - HRPL;0409070122 - DRENAGEM DE GLANDULA DE BARTHOLIN / SKENE;5;25402
2023;8;Eletivo;Média complexidade;0010510 - HUB;0414020219 - ODONTOSECÇÃO / RADILECTOMIA / TUNELIZAÇÃO;32;24188
2023;7;Urgência;Média complexidade;0010529 - HRPL;0408010134 - REDUCAO INCRUENTA DE LUXAÇÃO OU FRATURA / LUXAÇÃO ESCÁPULO-UMERAL;1;23857
2023;8;BPA-C;Atenção Básica;9764860 - CEO - Gama;0414020138 - EXODONTIA DE DENTE PERMANENTE;24;24379
2023;8;Eletivo;Média complexidade;0010537 - HMIB;0414020278 - REMOÇÃO DE DENTE RETIDO (INCLUSO / IMPACTADO);148;24206
2023;12;BPA-C;Atenção Básica;0010456 - HBDF;0414020138 - EXODONTIA DE DENTE PERMANENTE;24;25316
2023;8;Eletivo;Média complexidade;0010510 - HUB;0414020057 - CORREÇÃO DE IRREGULARIDADES DE REBORDO ALVEOLAR;18;24185
2023;5;BPA-C;Média complexidade;9778136 - CEO - Asa Norte;0414020200 - MARSUPIALIZAÇÃO DE CISTOS E PSEUDOCISTOS;1;23387
2023;6;Eletivo;Média complexidade;0010499 - HRT;0405010176 - SUTURA DE PALPEBRAS;2;23475
2023;5;BPA-C;Média complexidade;0010456 - HBDF;0404020577 - REDUÇÃO DE FRATURA ALVEOLO-DENTÁRIA SEM OSTEOSSÍNTESE;1;23037
2023;4;Eletivo;Alta complexidade;3459918 - Nephron Brasília;0418010048 - IMPLANTE DE CATETER DE LONGA PERMANÊNCIA P/ HEMODIALISE;1;22893
2023;10;Eletivo;Alta complexidade;2779366 - Oftalmed Matriz;0405050372 - FACOEMULSIFICACAO C/ IMPLANTE DE LENTE INTRA-OCULAR DOBRAVEL;24;24810
2023;5;BPA-C;Média complexidade;0010472 - HRG;0407010319 - TRATAMENTO ESCLEROSANTE / LIGADURA ELASTICA DE LESAO HEMORRAGICA DO APARELHO DIGESTIVO;1;23095
2023;8;Eletivo;Média complexidade;0010537 - HMIB;0404020623 - RETIRADA DE MATERIAL DE SÍNTESE ÓSSEA / DENTÁRIA;12;24203
2023;12;Urgência;Média complexidade;5717515 - HRSM;0407040196 - PARACENTESE ABDOMINAL;1;25470
2023;9;Urgência;Alta complexidade;0010502 - HRS;0418020035 - RETIRADA DE CATETER TIPO TENCKHOFF / SIMILAR DE LONGA PERMANÊNCIA;1;24484
2023;10;Eletivo;Média complexidade;;0414020073 - CURETAGEM PERIAPICAL;90;25005
2023;6;BPA-C;Média complexidade;9715797 - CEO - Guará;0414020057 - CORREÇÃO DE IRREGULARIDADES DE REBORDO ALVEOLAR;33;23690
2023;2;Eletivo;Média complexidade;3055450 - CBV;0405050305 - SUTURA DE CORNEA;35;22274
2023;3;BPA-C;Média complexidade;0010456 - HBDF;0414020154 - GENGIVECTOMIA (POR SEXTANTE);1;22425
2023;8;BPA-C;Média complexidade;9622918 - CEO - Taguatinga;0414020065 - CORREÇÃO DE TUBEROSIDADE DO MAXILAR;29;24337
2023;11;BPA-C;Média complexidade;9578536 - Policlínica Brazlândia;0406020140 - EXCISAO E SUTURA DE LINFANGIOMA / NEVUS;3;25206
2023;10;BPA-C;Média complexidade;9676473 - CEO - Ceilândia I;0414020219 - ODONTOSECÇÃO / RADILECTOMIA / TUNELIZAÇÃO;6;24930
2023;4;BPA-C;Atenção Básica;0011347 - Adolescentro;0414020120 - EXODONTIA DE DENTE DECÍDUO;7;22867
2023;10;Urgência;Média complexidade;0945595 - UPA Riacho Fundo;0407040196 - PARACENTESE ABDOMINAL;1;24806
2023;9;BPA-C;Atenção Básica;0010502 - HRS;0414020138 - EXODONTIA DE DENTE PERMANENTE;4;24485
2023;12;BPA-C;Média complexidade;9690719 - CEO - Sobradinho;0414020219 - ODONTOSECÇÃO / RADILECTOMIA / TUNELIZAÇÃO;35;25539
2023;4;Eletivo;Atenção Básica;0010537 - HMIB;0414020120 - EXODONTIA DE DENTE DECÍDUO;35;22855
2023;1;BPA-C;Média complexidade;9778136 - CEO - Asa Norte;0414020219 - ODONTOSECÇÃO / RADILECTOMIA / TUNELIZAÇÃO;4;22109
2023;3;Eletivo;Média complexidade;0010510 - HUB;0414020090 - ENXERTO ÓSSEO DE ÁREA DOADORA INTRABUCAL;2;22530
2023;5;Eletivo;Média complexidade;0010456 - HBDF;0405030053 - INJECAO INTRA-VITREO;21;23057
2023;7;BPA-C;Média complexidade;2649527 - HAB;0414020073 - CURETAGEM PERIAPICAL;6;23885
2023;8;BPA-C;Média complexidade;9622918 - CEO - Taguatinga;0414020146 - EXODONTIA MÚLTIPLA COM ALVEOLOPLASTIA POR SEXTANTE;1;24338
2023;12;Eletivo;Média complexidade;3055450 - CBV;0405030215 - RETINOPEXIA PNEUMÁTICA;60;25434
2023;5;BPA-C;Média complexidade;0010472 - HRG;0414020073 - CURETAGEM PERIAPICAL;2;23098
2023;10;BPA-C;Média complexidade;9715797 - CEO - Guará;0414020243 - REIMPLANTE E TRANSPLANTE DENTAL (POR ELEMENTO);4;24953
2023;7;BPA-C;Média complexidade;0010510 - HUB;0409060097 - EXERESE DE POLIPO DE UTERO;2;23837
2023;3;Eletivo;Média complexidade;0010464 - HRAN;0409050083 - POSTECTOMIA;15;22467
2023;5;Eletivo;Média complexidade;0010472 - HRG;0409070122 - DRENAGEM DE GLANDULA DE BARTHOLIN / SKENE;1;23103
2023;9;BPA-C;Média complexidade;0010456 - HBDF;0414020057 - CORREÇÃO DE IRREGULARIDADES DE REBORDO ALVEOLAR;2;24420
2023;11;BPA-C;Média complexidade;0010456 - HBDF;0404010270 - REMOCAO DE CERUMEN DE CONDUTO AUDITIVO EXTERNO UNI / BILATERAL;71;25017
2023;7;BPA-C;Média complexidade;9676473 - CEO - Ceilândia I;0414020375 - TRATAMENTO CIRÚRGICO PERIODONTAL (POR SEXTANTE);1;24009
2023;12;Eletivo;Média complexidade;0010456 - HBDF;0404020054 - DRENAGEM DE ABSCESSO DA BOCA E ANEXOS;1;25333
2023;4;BPA-C;Média complexidade;6876617 - HCB;0414020154 - GENGIVECTOMIA (POR SEXTANTE);1;22938
2023;8;Eletivo;Alta complexidade;0010499 - HRT;0418010048 - IMPLANTE DE CATETER DE LONGA PERMANÊNCIA P/ HEMODIALISE;20;24129
2023;4;BPA-C;Média complexidade;0010499 - HRT;0405010060 - EPILACAO DE CILIOS;1;22815
2023;12;Eletivo;Atenção Básica;0010464 - HRAN;0414020430 - EXODONTIA DE DENTE SUPRANUMERÁRIO;1;25354
2023;11;BPA-C;Atenção Básica;0010472 - HRG;0414020120 - EXODONTIA DE DENTE DECÍDUO;3;25066
2023;3;BPA-C;Média complexidade;0010456 - HBDF;0404010091 - DUCHA DE POLITZER (UNI / BILATERAL);11;22410
2023;12;BPA-C;Média complexidade;9578560 - CEO 11 - Ceilândia;0414020278 - REMOÇÃO DE DENTE RETIDO (INCLUSO / IMPACTADO);34;25509
2023;12;Urgência;Média complexidade;5717515 - HRSM;0408050195 - REDUCAO INCRUENTA DA LUXACAO / FRATURA-LUXACAO METATARSO-FALANGIANA / INTERFALANGIANA DO PE;1;25473
2023;6;BPA-C;Média complexidade;9772243 - CEO - Paranoá;0414020278 - REMOÇÃO DE DENTE RETIDO (INCLUSO / IMPACTADO);49;23715
2023;6;Eletivo;Média complexidade;0010510 - HUB;0404020097 - EXCISÃO E SUTURA DE LESÃO NA BOCA;4;23492
2023;9;BPA-C;Média complexidade;9715797 - CEO - Guará;0414020057 - CORREÇÃO DE IRREGULARIDADES DE REBORDO ALVEOLAR;5;24662
2023;2;BPA-C;Média complexidade;0010456 - HBDF;0414020200 - MARSUPIALIZAÇÃO DE CISTOS E PSEUDOCISTOS;1;22137
2023;1;BPA-C;Média complexidade;9715797 - CEO - Guará;0414010361 - EXERESE DE CISTO ODONTOGÊNICO E NÃO-ODONTOGÊNICO;1;22088
2023;5;Eletivo;Média complexidade;0010499 - HRT;0405010192 - TRATAMENTO CIRURGICO DE TRIQUIASE C/ OU S/ ENXERTO;1;23117
2023;7;Urgência;Média complexidade;0010529 - HRPL;0408020202 - REDUÇÃO INCRUENTA DE FRATURA DIAFISARIA DOS OSSOS DO ANTEBRAÇO;2;23861
2023;4;BPA-C;Atenção Básica;0010456 - HBDF;0414020138 - EXODONTIA DE DENTE PERMANENTE;52;22741
2023;8;Urgência;Média complexidade;0010456 - HBDF;0404010342 - TAMPONAMENTO NASAL ANTERIOR E/OU POSTERIOR;5;24090
2023;9;Eletivo;Alta complexidade;7494424 - Ultramed;0418010064 - IMPLANTE DE CATETER DUPLO LUMEN P/HEMODIALISE;3;24594
2023;3;BPA-C;Atenção Básica;6876617 - HCB;0414020138 - EXODONTIA DE DENTE PERMANENTE;4;22624
2023;5;Urgência;Média complexidade;7111924 - UPA Núcleo Bandeirante;0407040196 - PARACENTESE ABDOMINAL;2;23270
2023;9;Eletivo;Média complexidade;0010510 - HUB;0414020057 - CORREÇÃO DE IRREGULARIDADES DE REBORDO ALVEOLAR;24;24509
2023;8;Eletivo;Média complexidade;0010510 - HUB;0414020278 - REMOÇÃO DE DENTE RETIDO (INCLUSO / IMPACTADO);55;24189
2023;7;Eletivo;Média complexidade;3055450 - CBV;0405030096 - SUTURA DE ESCLERA;38;23897
2023;10;BPA-C;Média complexidade;9778144 - Policlínica Asa Norte;0404010270 - REMOCAO DE CERUMEN DE CONDUTO AUDITIVO EXTERNO UNI / BILATERAL;32;24982
2023;8;BPA-C;Média complexidade;0010499 - HRT;0404010075 - DRENAGEM DE FURUNCULO NO CONDUTO AUDITIVO EXTERNO;3;24135
2023;5;Eletivo;Média complexidade;0010464 - HRAN;0405050089 - EXERESE DE TUMOR DE CONJUNTIVA;1;23080
2023;11;Eletivo;Média complexidade;0010464 - HRAN;0409050083 - POSTECTOMIA;2;25063
2023;5;BPA-C;Média complexidade;9578536 - Policlínica Brazlândia;0404010270 - REMOCAO DE CERUMEN DE CONDUTO AUDITIVO EXTERNO UNI / BILATERAL;6;23288
2023;8;Urgência;Média complexidade;5717515 - HRSM;0404020615 - REDUÇÃO DE LUXAÇÃO TÊMPORO-MANDIBULAR;1;24272
2023;10;Eletivo;Média complexidade;;0409060089 - EXCISÃO TIPO I DO COLO UTERINO;2;25003
2023;11;Eletivo;Média complexidade;0010464 - HRAN;0409040240 - VASECTOMIA;35;25062
2023;9;Eletivo;Atenção Básica;0010537 - HMIB;0414020405 - ULOTOMIA/ULECTOMIA;5;24525
2023;9;Eletivo;Média complexidade;0010464 - HRAN;0413010040 - CURATIVO EM MEDIO QUEIMADO;1492;24460
2023;10;Eletivo;Alta complexidade;0010464 - HRAN;0413010031 - CURATIVO EM GRANDE QUEIMADO;16;24730
2023;1;Eletivo;Alta complexidade;9967486 - IBRANE;0418010030 - CONFECCAO DE FISTULA ARTERIO-VENOSA P/ HEMODIALISE;7;22113
2023;2;Urgência;Atenção Básica;5717515 - HRSM;0414020138 - EXODONTIA DE DENTE PERMANENTE;10;22289
2023;4;Eletivo;Média complexidade;3055450 - CBV;0405030223 - REMOÇÃO DE ÓLEO DE SILICONE;9;22885
2023;1;Eletivo;Média complexidade;5717515 - HRSM;0414020057 - CORREÇÃO DE IRREGULARIDADES DE REBORDO ALVEOLAR;85;21999
2023;8;BPA-C;Média complexidade;9715797 - CEO - Guará;0414020375 - TRATAMENTO CIRÚRGICO PERIODONTAL (POR SEXTANTE);1;24375
2023;2;BPA-C;Atenção Básica;0010456 - HBDF;0414020359 - TRATAMENTO CIRÚRGICO DE HEMORRAGIA BUCO-DENTAL;1;22123
2023;8;BPA-C;Atenção Básica;9772243 - CEO - Paranoá;0414020138 - EXODONTIA DE DENTE PERMANENTE;44;24389
2023;4;BPA-C;Média complexidade;9764860 - CEO - Gama;0414020154 - GENGIVECTOMIA (POR SEXTANTE);1;23004
2023;10;BPA-C;Atenção Básica;9622845 - CEO - Policlínica Taguatinga;0414020138 - EXODONTIA DE DENTE PERMANENTE;8;24907
2023;9;BPA-C;Média complexidade;9676473 - CEO - Ceilândia I;0414020146 - EXODONTIA MÚLTIPLA COM ALVEOLOPLASTIA POR SEXTANTE;2;24648
2023;10;Eletivo;Alta complexidade;0010499 - HRT;0418010030 - CONFECCAO DE FISTULA ARTERIO-VENOSA P/ HEMODIALISE;5;24764
2023;3;BPA-C;Média complexidade;0010499 - HRT;0405050259 - RETIRADA DE CORPO ESTRANHO DA CORNEA;60;22490
2023;4;Urgência;Média complexidade;5717515 - HRSM;0414020073 - CURETAGEM PERIAPICAL;7;22928
2023;1;Eletivo;Média complexidade;3055450 - CBV;0405050305 - SUTURA DE CORNEA;42;21978
2023;12;BPA-C;Média complexidade;9715797 - CEO - Guará;0414020057 - CORREÇÃO DE IRREGULARIDADES DE REBORDO ALVEOLAR;24;25547
2023;7;Eletivo;Atenção Básica;5717515 - HRSM;0414020405 - ULOTOMIA/ULECTOMIA;1;23920
2023;8;Eletivo;Média complexidade;0010456 - HBDF;0405050151 - IMPLANTE SECUNDARIO DE LENTE INTRA-OCULAR - LIO;2;24084
2023;12;BPA-C;Média complexidade;6876617 - HCB;0414020154 - GENGIVECTOMIA (POR SEXTANTE);1;25480
2023;5;Eletivo;Média complexidade;0010537 - HMIB;0414020057 - CORREÇÃO DE IRREGULARIDADES DE REBORDO ALVEOLAR;131;23178
2023;9;BPA-C;Média complexidade;9764860 - CEO - Gama;0414020219 - ODONTOSECÇÃO / RADILECTOMIA / TUNELIZAÇÃO;46;24672
2023;3;BPA-C;Média complexidade;0010502 - HRS;0414020200 - MARSUPIALIZAÇÃO DE CISTOS E PSEUDOCISTOS;1;22507
2023;8;BPA-C;Média complexidade;0010464 - HRAN;0406020140 - EXCISAO E SUTURA DE LINFANGIOMA / NEVUS;10;24099
2023;4;BPA-C;Média complexidade;9778144 - Policlínica Asa Norte;0404010270 - REMOCAO DE CERUMEN DE CONDUTO AUDITIVO EXTERNO UNI / BILATERAL;28;23022
2023;12;Eletivo;Alta complexidade;9967486 - IBRANE;0418010064 - IMPLANTE DE CATETER DUPLO LUMEN P/HEMODIALISE;2;25572
2023;11;BPA-C;Atenção Básica;0010529 - HRPL;0404010300 - RETIRADA DE CORPO ESTRANHO DA CAVIDADE AUDITIVA E NASAL;2;25102
2023;11;BPA-C;Média complexidade;6876617 - HCB;0414020162 - GENGIVOPLASTIA (POR SEXTANTE);1;25181
2023;1;Eletivo;Média complexidade;0010456 - HBDF;0405050097 - FACECTOMIA C/ IMPLANTE DE LENTE INTRA-OCULAR;1;21848
2023;5;BPA-C;Média complexidade;9778136 - CEO - Asa Norte;0414020162 - GENGIVOPLASTIA (POR SEXTANTE);1;23386
2023;4;Eletivo;Média complexidade;6876617 - HCB;0409020036 - EXTRACAO ENDOSCOPICA DE CORPO ESTRANHO / CALCULO NA URETRA C/ CISTOSCOPIA;3;22941
2023;6;Urgência;Alta complexidade;0010502 - HRS;0418010080 - IMPLANTE DE CATETER TIPO TENCKHOFF OU SIMILAR P/ DPA/DPAC;1;23483
2023;2;Eletivo;Média complexidade;0010456 - HBDF;0405050321 - TRABECULECTOMIA;8;22146
2023;8;Eletivo;Alta complexidade;3459918 - Nephron Brasília;0418010048 - IMPLANTE DE CATETER DE LONGA PERMANÊNCIA P/ HEMODIALISE;2;24239
2023;4;BPA-C;Média complexidade;9778136 - CEO - Asa Norte;0414020375 - TRATAMENTO CIRÚRGICO PERIODONTAL (POR SEXTANTE);1;23020
2023;1;Eletivo;Média complexidade;0010510 - HUB;0414020057 - CORREÇÃO DE IRREGULARIDADES DE REBORDO ALVEOLAR;36;21922
2023;4;BPA-C;Atenção Básica;6876617 - HCB;0414020120 - EXODONTIA DE DENTE DECÍDUO;26;22932
2023;10;Eletivo;Média complexidade;0010464 - HRAN;0409060089 - EXCISÃO TIPO I DO COLO UTERINO;1;24750
2023;12;Eletivo;Alta complexidade;3055450 - CBV;0405050372 - FACOEMULSIFICACAO C/ IMPLANTE DE LENTE INTRA-OCULAR DOBRAVEL;26;25429
2023;2;Eletivo;Média complexidade;0010510 - HUB;0405010141 - SIMBLEFAROPLASTIA;2;22212
2023;5;Eletivo;Alta complexidade;0010464 - HRAN;0413010031 - CURATIVO EM GRANDE QUEIMADO;32;23067
2023;11;Eletivo;Média complexidade;;0406020620 - RETIRADA DE CATETER DE LONGA PERMANÊNCIA SEMI OU TOTALMENTE IMPLANTÁVEL;4;25297
2023;5;BPA-C;Média complexidade;9715797 - CEO - Guará;0414020073 - CURETAGEM PERIAPICAL;34;23358
2023;11;Urgência;Média complexidade;0010529 - HRPL;0409070122 - DRENAGEM DE GLANDULA DE BARTHOLIN / SKENE;3;25112
2023;2;BPA-C;Média complexidade;2649527 - HAB;0414020073 - CURETAGEM PERIAPICAL;7;22258
2023;1;Eletivo;Atenção Básica;5717515 - HRSM;0414020430 - EXODONTIA DE DENTE SUPRANUMERÁRIO;1;21989
2023;8;BPA-C;Média complexidade;9764860 - CEO - Gama;0414020073 - CURETAGEM PERIAPICAL;7;24383
2023;5;BPA-C;Média complexidade;9690719 - CEO - Sobradinho;0414020278 - REMOÇÃO DE DENTE RETIDO (INCLUSO / IMPACTADO);29;23346
2023;11;BPA-C;Atenção Básica;9690719 - CEO - Sobradinho;0414020138 - EXODONTIA DE DENTE PERMANENTE;34;25239
2023;2;Urgência;Atenção Básica;5717515 - HRSM;0414020120 - EXODONTIA DE DENTE DECÍDUO;1;22288
2023;10;BPA-C;Média complexidade;9690719 - CEO - Sobradinho;0414020073 - CURETAGEM PERIAPICAL;54;24935
2023;11;BPA-C;Média complexidade;0010456 - HBDF;0404020445 - CONTENÇÃO DE DENTES POR SPLINTAGEM;1;25019
2023;5;Eletivo;Média complexidade;0010510 - HUB;0407040196 - PARACENTESE ABDOMINAL;10;23149
2023;5;Urgência;Média complexidade;7592477 - UPA Sobradinho;0404020097 - EXCISÃO E SUTURA DE LESÃO NA BOCA;1;23279
2023;10;BPA-C;Média complexidade;9622918 - CEO - Taguatinga;0414020154 - GENGIVECTOMIA (POR SEXTANTE);1;24921
2023;5;Eletivo;Alta complexidade;3459918 - Nephron Brasília;0418010064 - IMPLANTE DE CATETER DUPLO LUMEN P/HEMODIALISE;1;23217
2023;1;BPA-C;Atenção Básica;0010499 - HRT;0414020138 - EXODONTIA DE DENTE PERMANENTE;32;21888
2023;7;Urgência;Média complexidade;0010456 - HBDF;0404010342 - TAMPONAMENTO NASAL ANTERIOR E/OU POSTERIOR;4;23764
2023;9;Eletivo;Alta complexidade;7491484 - Renal Vida;0418010030 - CONFECCAO DE FISTULA ARTERIO-VENOSA P/ HEMODIALISE;5;24591
2023;5;BPA-C;Média complexidade;0010456 - HBDF;0407010319 - TRATAMENTO ESCLEROSANTE / LIGADURA ELASTICA DE LESAO HEMORRAGICA DO APARELHO DIGESTIVO;2;23043
2023;6;Eletivo;Média complexidade;3055450 - CBV;0405030134 - VITRECTOMIA ANTERIOR;35;23551
2023;8;BPA-C;Atenção Básica;6876617 - HCB;0414020138 - EXODONTIA DE DENTE PERMANENTE;2;24280
2023;4;Eletivo;Média complexidade;0010464 - HRAN;0404020054 - DRENAGEM DE ABSCESSO DA BOCA E ANEXOS;3;22786
2023;8;Eletivo;Atenção Básica;5717515 - HRSM;0414020138 - EXODONTIA DE DENTE PERMANENTE;35;24250
2023;1;BPA-C;Média complexidade;9622845 - CEO - Policlínica Taguatinga;0414020162 - GENGIVOPLASTIA (POR SEXTANTE);1;22054
2023;8;Eletivo;Média complexidade;0010456 - HBDF;0405030053 - INJECAO INTRA-VITREO;91;24080
2023;9;Eletivo;Média complexidade;0010456 - HBDF;0405010079 - EXERESE DE CALAZIO E OUTRAS PEQUENAS LESOES DA PALPEBRA E SUPERCILIOS;1;24429
2023;12;Eletivo;Média complexidade;2672197 - HRSam;0409070122 - DRENAGEM DE GLANDULA DE BARTHOLIN / SKENE;1;25425
2023;5;Eletivo;Média complexidade;0010510 - HUB;0405010184 - TRATAMENTO CIRURGICO DE BLEFAROCALASE;11;23141
2023;10;BPA-C;Média complexidade;9622845 - CEO - Policlínica Taguatinga;0414020375 - TRATAMENTO CIRÚRGICO PERIODONTAL (POR SEXTANTE);11;24912
2023;1;Eletivo;Média complexidade;0010499 - HRT;0405010184 - TRATAMENTO CIRURGICO DE BLEFAROCALASE;3;21895
2023;7;BPA-C;Atenção Básica;7592477 - UPA Sobradinho;0414020138 - EXODONTIA DE DENTE PERMANENTE;12;23958
2023;7;Urgência;Média complexidade;0010456 - HBDF;0404020054 - DRENAGEM DE ABSCESSO DA BOCA E ANEXOS;7;23765
2023;2;Eletivo;Alta complexidade;0010499 - HRT;0405050372 - FACOEMULSIFICACAO C/ IMPLANTE DE LENTE INTRA-OCULAR DOBRAVEL;67;22184
2023;4;BPA-C;Média complexidade;0010456 - HBDF;0405010141 - SIMBLEFAROPLASTIA;1;22753
2023;7;Eletivo;Média complexidade;9622918 - CEO - Taguatinga;0404020054 - DRENAGEM DE ABSCESSO DA BOCA E ANEXOS;1;24002
2023;2;BPA-C;Média complexidade;9778144 - Policlínica Asa Norte;0406020140 - EXCISAO E SUTURA DE LINFANGIOMA / NEVUS;17;22400
2023;5;Eletivo;Média complexidade;9516212 - Policlínica Paranoá;0409060089 - EXCISÃO TIPO I DO COLO UTERINO;6;23286
2023;1;Eletivo;Média complexidade;9621709 - Policlínica II Taguatinga;0407010254 - RETIRADA DE POLIPO DO TUBO DIGESTIVO POR ENDOSCOPIA;6;22046
2023;7;Eletivo;Alta complexidade;0010456 - HBDF;0418010064 - IMPLANTE DE CATETER DUPLO LUMEN P/HEMODIALISE;60;23731
2023;12;Eletivo;Média complexidade;0010537 - HMIB;0414020081 - ENXERTO GENGIVAL;5;25407
2023;3;BPA-C;Média complexidade;9578560 - CEO 11 - Ceilândia;0414010361 - EXERESE DE CISTO ODONTOGÊNICO E NÃO-ODONTOGÊNICO;1;22652
2023;11;BPA-C;Média complexidade;2649527 - HAB;0414020073 - CURETAGEM PERIAPICAL;2;25127
2023;2;BPA-C;Média complexidade;0010464 - HRAN;0404010270 - REMOCAO DE CERUMEN DE CONDUTO AUDITIVO EXTERNO UNI / BILATERAL;1;22154
2023;6;BPA-C;Média complexidade;6876617 - HCB;0404010296 - RESSECCAO DE SINEQUIAS;1;23603
2023;9;Eletivo;Média complexidade;0010456 - HBDF;0404010342 - TAMPONAMENTO NASAL ANTERIOR E/OU POSTERIOR;1;24426
2023;5;Eletivo;Média complexidade;2649527 - HAB;0404020054 - DRENAGEM DE ABSCESSO DA BOCA E ANEXOS;1;23195
2023;3;Eletivo;Média complexidade;9622918 - CEO - Taguatinga;0404020445 - CONTENÇÃO DE DENTES POR SPLINTAGEM;2;22690
2023;7;Eletivo;Média complexidade;0010464 - HRAN;0409020036 - EXTRACAO ENDOSCOPICA DE CORPO ESTRANHO / CALCULO NA URETRA C/ CISTOSCOPIA;3;23787
2023;9;BPA-C;Média complexidade;9690719 - CEO - Sobradinho;0414020219 - ODONTOSECÇÃO / RADILECTOMIA / TUNELIZAÇÃO;41;24653
2023;11;Eletivo;Alta complexidade;9967486 - IBRANE;0418010064 - IMPLANTE DE CATETER DUPLO LUMEN P/HEMODIALISE;1;25285
2023;7;BPA-C;Média complexidade;0010499 - HRT;0405050364 - TRATAMENTO CIRURGICO DE PTERIGIO;10;23817
2023;11;Eletivo;Atenção Básica;0010464 - HRAN;0414020383 - TRATAMENTO DE ALVEOLITE;4;25052
2023;4;Eletivo;Alta complexidade;3224228 - Renal Care;0418020035 - RETIRADA DE CATETER TIPO TENCKHOFF / SIMILAR DE LONGA PERMANÊNCIA;1;22892
2023;12;Eletivo;Atenção Básica;;0414020138 - EXODONTIA DE DENTE PERMANENTE;74;25578
2023;1;Eletivo;Média complexidade;0010456 - HBDF;0407010254 - RETIRADA DE POLIPO DO TUBO DIGESTIVO POR ENDOSCOPIA;12;21853
2023;12;BPA-C;Média complexidade;5598575 - Policlínica Gama;0404010270 - REMOCAO DE CERUMEN DE CONDUTO AUDITIVO EXTERNO UNI / BILATERAL;31;25446
2023;12;Eletivo;Média complexidade;5717515 - HRSM;0407040196 - PARACENTESE ABDOMINAL;1;25460
2023;1;Eletivo;Alta complexidade;0010456 - HBDF;0418010021 - CONFECCAO DE FISTULA ARTERIO-VENOSA C/ ENXERTO AUTOLOGO;4;21818
2023;9;BPA-C;Média complexidade;9622845 - CEO - Policlínica Taguatinga;0414020278 - REMOÇÃO DE DENTE RETIDO (INCLUSO / IMPACTADO);28;24632
2023;12;Eletivo;Média complexidade;2645157 - HRL;0407020136 - DRENAGEM DE ABSCESSO ANU-RETAL;1;25420
2023;5;Eletivo;Média complexidade;5717515 - HRSM;0414010361 - EXERESE DE CISTO ODONTOGÊNICO E NÃO-ODONTOGÊNICO;2;23236
2023;8;Eletivo;Média complexidade;5717515 - HRSM;0404020623 - RETIRADA DE MATERIAL DE SÍNTESE ÓSSEA / DENTÁRIA;9;24256
2023;7;BPA-C;Média complexidade;9772243 - CEO - Paranoá;0414020219 - ODONTOSECÇÃO / RADILECTOMIA / TUNELIZAÇÃO;5;24040
2023;6;Eletivo;Média complexidade;9764860 - CEO - Gama;0404020097 - EXCISÃO E SUTURA DE LESÃO NA BOCA;1;23708
2023;10;BPA-C;Média complexidade;0010456 - HBDF;0414020057 - CORREÇÃO DE IRREGULARIDADES DE REBORDO ALVEOLAR;1;24712
2023;10;Eletivo;Média complexidade;;0407040196 - PARACENTESE ABDOMINAL;9;24999
2023;9;Urgência;Alta complexidade;0010502 - HRS;0418010048 - IMPLANTE DE CATETER DE LONGA PERMANÊNCIA P/ HEMODIALISE;2;24482
2023;5;Eletivo;Média complexidade;5717515 - HRSM;0414020057 - CORREÇÃO DE IRREGULARIDADES DE REBORDO ALVEOLAR;109;23237
2023;4;Urgência;Média complexidade;5717515 - HRSM;0404020097 - EXCISÃO E SUTURA DE LESÃO NA BOCA;3;22925
2023;7;Eletivo;Média complexidade;0010472 - HRG;0408020202 - REDUÇÃO INCRUENTA DE FRATURA DIAFISARIA DOS OSSOS DO ANTEBRAÇO;1;23803
2023;8;Eletivo;Média complexidade;9622845 - CEO - Policlínica Taguatinga;0404020097 - EXCISÃO E SUTURA DE LESÃO NA BOCA;1;24328
2023;2;BPA-C;Atenção Básica;0010499 - HRT;0414020138 - EXODONTIA DE DENTE PERMANENTE;37;22190
2023;3;Urgência;Média complexidade;0010456 - HBDF;0407010246 - RETIRADA DE CORPO ESTRANHO DO TUBO DIGESTIVO POR ENDOSCOPIA;1;22447
2023;10;BPA-C;Média complexidade;9772243 - CEO - Paranoá;0414020073 - CURETAGEM PERIAPICAL;11;24965
2023;5;Eletivo;Atenção Básica;9622845 - CEO - Policlínica Taguatinga;0414020430 - EXODONTIA DE DENTE SUPRANUMERÁRIO;2;23311
2023;10;BPA-C;Atenção Básica;9772243 - CEO - Paranoá;0414020120 - EXODONTIA DE DENTE DECÍDUO;10;24963
2023;9;BPA-C;Atenção Básica;7592477 - UPA Sobradinho;0414020138 - EXODONTIA DE DENTE PERMANENTE;14;24596
2023;5;Eletivo;Média complexidade;0010502 - HRS;0409070122 - DRENAGEM DE GLANDULA DE BARTHOLIN / SKENE;1;23130
2023;11;Urgência;Média complexidade;0010529 - HRPL;0408050195 - REDUCAO INCRUENTA DA LUXACAO / FRATURA-LUXACAO METATARSO-FALANGIANA / INTERFALANGIANA DO PE;2;25109
2023;9;Eletivo;Média complexidade;0010510 - HUB;0405050194 - IRIDOTOMIA A LASER;18;24503
2023;7;BPA-C;Média complexidade;9715797 - CEO - Guará;0414020057 - CORREÇÃO DE IRREGULARIDADES DE REBORDO ALVEOLAR;5;24026
2023;5;BPA-C;Atenção Básica;5598575 - Policlínica Gama;0404010300 - RETIRADA DE CORPO ESTRANHO DA CAVIDADE AUDITIVA E NASAL;1;23223
2023;2;Eletivo;Média complexidade;0010472 - HRG;0408050268 - REDUCAO INCRUENTA DE LUXACAO / FRATURA-LUXACAO DO JOELHO;1;22181
2023;11;Eletivo;Média complexidade;0010472 - HRG;0408010126 - REDUCAO INCRUENTA DE FRATURA E FRATURA-LUXACAO AO NIVEL DA CINTURA ESCAPULAR;2;25073
2023;10;BPA-C;Média complexidade;9621709 - Policlínica II Taguatinga;0415040043 - DEBRIDAMENTO DE ULCERA / NECROSE;2;24902
2023;8;BPA-C;Média complexidade;0010456 - HBDF;0414020200 - MARSUPIALIZAÇÃO DE CISTOS E PSEUDOCISTOS;5;24073
2023;5;Urgência;Média complexidade;0010529 - HRPL;0408020172 - REDUÇÃO INCRUENTA DE FRATURA / LESÃO FISARIA NO PUNHO;1;23163
2023;10;BPA-C;Atenção Básica;6876617 - HCB;0414020120 - EXODONTIA DE DENTE DECÍDUO;42;24866
2023;6;Eletivo;Alta complexidade;3224228 - Renal Care;0418010048 - IMPLANTE DE CATETER DE LONGA PERMANÊNCIA P/ HEMODIALISE;3;23561
2023;6;Eletivo;Média complexidade;0010456 - HBDF;0405040202 - TRATAMENTO DE PTOSE PALPEBRAL;1;23422
2023;12;BPA-C;Média complexidade;0010464 - HRAN;0404010156 - INFILTRACAO MEDICAMENTOSA EM CORNETO INFERIOR;1;25356
2023;10;Urgência;Alta complexidade;0010502 - HRS;0418010080 - IMPLANTE DE CATETER TIPO TENCKHOFF OU SIMILAR P/ DPA/DPAC;1;24781
2023;1;Eletivo;Alta complexidade;5479878 - Davita Sobradinho;0418020019 - INTERVENCAO EM FISTULA ARTERIO-VENOSA;1;21984
2023;6;BPA-C;Média complexidade;9764860 - CEO - Gama;0414020375 - TRATAMENTO CIRÚRGICO PERIODONTAL (POR SEXTANTE);5;23706
2023;5;BPA-C;Média complexidade;9764860 - CEO - Gama;0414020065 - CORREÇÃO DE TUBEROSIDADE DO MAXILAR;3;23366
2023;5;Urgência;Média complexidade;0010529 - HRPL;0408020156 - REDUÇÃO INCRUENTA DE FRATURA / LESÃO FISARIA DE COTOVELO;1;23162
2023;9;BPA-C;Média complexidade;9764860 - CEO - Gama;0414020057 - CORREÇÃO DE IRREGULARIDADES DE REBORDO ALVEOLAR;1;24670
2023;12;Eletivo;Média complexidade;0010464 - HRAN;0405010176 - SUTURA DE PALPEBRAS;1;25364
2023;8;BPA-C;Atenção Básica;9778136 - CEO - Asa Norte;0414020138 - EXODONTIA DE DENTE PERMANENTE;19;24397
2023;11;Eletivo;Média complexidade;3055450 - CBV;0405050291 - SUTURA DE CONJUNTIVA;24;25142
2023;10;BPA-C;Média complexidade;0010456 - HBDF;0404020623 - RETIRADA DE MATERIAL DE SÍNTESE ÓSSEA / DENTÁRIA;9;24709
2023;1;Urgência;Média complexidade;0010456 - HBDF;0404020097 - EXCISÃO E SUTURA DE LESÃO NA BOCA;2;21858
2023;1;BPA-C;Média complexidade;0010499 - HRT;0405050364 - TRATAMENTO CIRURGICO DE PTERIGIO;5;21892
2023;5;BPA-C;Atenção Básica;9690719 - CEO - Sobradinho;0414020138 - EXODONTIA DE DENTE PERMANENTE;5;23340
2023;7;BPA-C;Média complexidade;9778144 - Policlínica Asa Norte;0406020140 - EXCISAO E SUTURA DE LINFANGIOMA / NEVUS;21;24051
2023;3;Eletivo;Média complexidade;9622918 - CEO - Taguatinga;0404020054 - DRENAGEM DE ABSCESSO DA BOCA E ANEXOS;5;22689
2023;11;Urgência;Média complexidade;5717515 - HRSM;0414020073 - CURETAGEM PERIAPICAL;1;25174
2023;11;Urgência;Média complexidade;7592477 - UPA Sobradinho;0407040196 - PARACENTESE ABDOMINAL;2;25194
2023;8;Eletivo;Alta complexidade;0010510 - HUB;0418010021 - CONFECCAO DE FISTULA ARTERIO-VENOSA C/ ENXERTO AUTOLOGO;1;24159
2023;4;BPA-C;Média complexidade;9764860 - CEO - Gama;0414020057 - CORREÇÃO DE IRREGULARIDADES DE REBORDO ALVEOLAR;2;23001
2023;8;BPA-C;Média complexidade;9622845 - CEO - Policlínica Taguatinga;0414020057 - CORREÇÃO DE IRREGULARIDADES DE REBORDO ALVEOLAR;23;24323
2023;5;BPA-C;Média complexidade;9690719 - CEO - Sobradinho;0414010388 - TRATAMENTO CIRÚRGICO DE FÍSTULA INTRA / EXTRAORAL;1;23343
2023;9;BPA-C;Média complexidade;9778136 - CEO - Asa Norte;0414020146 - EXODONTIA MÚLTIPLA COM ALVEOLOPLASTIA POR SEXTANTE;7;24686
2023;2;BPA-C;Média complexidade;0010456 - HBDF;0404010245 - MIRINGOTOMIA (TIMPANOPLASTIA);1;22125
2023;8;BPA-C;Média complexidade;0010464 - HRAN;0406020132 - EXCISAO E SUTURA DE HEMANGIOMA;1;24098
2023;6;Eletivo;Alta complexidade;7491484 - Renal Vida;0418020035 - RETIRADA DE CATETER TIPO TENCKHOFF / SIMILAR DE LONGA PERMANÊNCIA;1;23613
2023;10;Eletivo;Média complexidade;5717515 - HRSM;0414020375 - TRATAMENTO CIRÚRGICO PERIODONTAL (POR SEXTANTE);2;24856
2023;6;Eletivo;Média complexidade;0010499 - HRT;0409020010 - DRENAGEM DE COLECAO PERI-URETRAL;1;23479
2023;10;Eletivo;Média complexidade;0010537 - HMIB;0414020081 - ENXERTO GENGIVAL;40;24796
2023;6;BPA-C;Média complexidade;0010499 - HRT;0405050364 - TRATAMENTO CIRURGICO DE PTERIGIO;18;23472
2023;9;Eletivo;Média complexidade;0010456 - HBDF;0407010254 - RETIRADA DE POLIPO DO TUBO DIGESTIVO POR ENDOSCOPIA;9;24434
2023;11;BPA-C;Atenção Básica;7592477 - UPA Sobradinho;0414020138 - EXODONTIA DE DENTE PERMANENTE;22;25191
2023;3;BPA-C;Média complexidade;9578560 - CEO 11 - Ceilândia;0414020146 - EXODONTIA MÚLTIPLA COM ALVEOLOPLASTIA POR SEXTANTE;13;22655
2023;10;Eletivo;Alta complexidade;5479878 - Davita Sobradinho;0418010030 - CONFECCAO DE FISTULA ARTERIO-VENOSA P/ HEMODIALISE;2;24834
2023;8;BPA-C;Média complexidade;9778136 - CEO - Asa Norte;0414020278 - REMOÇÃO DE DENTE RETIDO (INCLUSO / IMPACTADO);32;24400
2023;12;BPA-C;Atenção Básica;9772243 - CEO - Paranoá;0414020120 - EXODONTIA DE DENTE DECÍDUO;6;25552
2023;10;Eletivo;Média complexidade;9715797 - CEO - Guará;0404020097 - EXCISÃO E SUTURA DE LESÃO NA BOCA;5;24956
2023;5;Eletivo;Média complexidade;0010537 - HMIB;0404020623 - RETIRADA DE MATERIAL DE SÍNTESE ÓSSEA / DENTÁRIA;2;23177
2023;12;BPA-C;Atenção Básica;0010472 - HRG;0414020120 - EXODONTIA DE DENTE DECÍDUO;1;25371
2023;10;BPA-C;Atenção Básica;7592477 - UPA Sobradinho;0414020138 - EXODONTIA DE DENTE PERMANENTE;3;24877
2023;11;BPA-C;Média complexidade;0010464 - HRAN;0406020140 - EXCISAO E SUTURA DE LINFANGIOMA / NEVUS;4;25056
2023;5;Urgência;Média complexidade;0935514 - UPA Paranoá;0412050170 - TORACOCENTESE/DRENAGEM DE PLEURA;2;23187
2023;12;Eletivo;Média complexidade;0010472 - HRG;0408050284 - REDUCAO INCRUENTA DE LUXACAO OU FRATURA / LUXACAO SUBTALAR E INTRATARSICA;2;25381
2023;5;BPA-C;Média complexidade;0010499 - HRT;0405050364 - TRATAMENTO CIRURGICO DE PTERIGIO;8;23115
2023;8;Eletivo;Alta complexidade;5479878 - Davita Sobradinho;0418020035 - RETIRADA DE CATETER TIPO TENCKHOFF / SIMILAR DE LONGA PERMANÊNCIA;1;24246
2023;11;Eletivo;Média complexidade;3055450 - CBV;0405050020 - CAPSULOTOMIA A YAG LASER;25;25140
2023;7;Eletivo;Média complexidade;0010510 - HUB;0414020375 - TRATAMENTO CIRÚRGICO PERIODONTAL (POR SEXTANTE);7;23854
2023;8;BPA-C;Média complexidade;0010464 - HRAN;0405050259 - RETIRADA DE CORPO ESTRANHO DA CORNEA;9;24096
2023;10;BPA-C;Média complexidade;9578560 - CEO 11 - Ceilândia;0414020219 - ODONTOSECÇÃO / RADILECTOMIA / TUNELIZAÇÃO;6;24894
2023;3;BPA-C;Média complexidade;0010464 - HRAN;0405050259 - RETIRADA DE CORPO ESTRANHO DA CORNEA;3;22454
2023;7;Eletivo;Alta complexidade;3055450 - CBV;0405050372 - FACOEMULSIFICACAO C/ IMPLANTE DE LENTE INTRA-OCULAR DOBRAVEL;20;23895
2023;3;Eletivo;Média complexidade;3055450 - CBV;0405030045 - FOTOCOAGULACAO A LASER;2;22570
2023;1;BPA-C;Média complexidade;0010499 - HRT;0405010060 - EPILACAO DE CILIOS;1;21890
2023;9;Urgência;Média complexidade;0010456 - HBDF;0404020097 - EXCISÃO E SUTURA DE LESÃO NA BOCA;4;24438
2023;11;BPA-C;Média complexidade;9622845 - CEO - Policlínica Taguatinga;0414020081 - ENXERTO GENGIVAL;6;25223
2023;8;Eletivo;Média complexidade;0010472 - HRG;0408050195 - REDUCAO INCRUENTA DA LUXACAO / FRATURA-LUXACAO METATARSO-FALANGIANA / INTERFALANGIANA DO PE;1;24124
2023;8;Eletivo;Alta complexidade;3224228 - Renal Care;0418020035 - RETIRADA DE CATETER TIPO TENCKHOFF / SIMILAR DE LONGA PERMANÊNCIA;2;24238
2023;11;Eletivo;Alta complexidade;;0418010030 - CONFECCAO DE FISTULA ARTERIO-VENOSA P/ HEMODIALISE;1;25287
2023;11;Eletivo;Alta complexidade;7494424 - Ultramed;0418010048 - IMPLANTE DE CATETER DE LONGA PERMANÊNCIA P/ HEMODIALISE;3;25188
2023;8;Eletivo;Média complexidade;0010464 - HRAN;0413010040 - CURATIVO EM MEDIO QUEIMADO;1297;24112
2023;11;Eletivo;Média complexidade;9690719 - CEO - Sobradinho;0404020054 - DRENAGEM DE ABSCESSO DA BOCA E ANEXOS;1;25246
2023;2;Eletivo;Alta complexidade;3459918 - Nephron Brasília;0418010048 - IMPLANTE DE CATETER DE LONGA PERMANÊNCIA P/ HEMODIALISE;2;22278
2023;8;Eletivo;Alta complexidade;2779420 - Davita NEFRO Asa Sul;0418020035 - RETIRADA DE CATETER TIPO TENCKHOFF / SIMILAR DE LONGA PERMANÊNCIA;3;24224
2023;7;Eletivo;Média complexidade;0010464 - HRAN;0413010058 - CURATIVO EM PEQUENO QUEIMADO;274;23793
2023;8;Eletivo;Média complexidade;0010456 - HBDF;0405010125 - RECONSTITUICAO PARCIAL DE PALPEBRA COM TARSORRAFIA;1;24078
2023;5;Eletivo;Média complexidade;0010456 - HBDF;0407010254 - RETIRADA DE POLIPO DO TUBO DIGESTIVO POR ENDOSCOPIA;12;23061
2023;12;Eletivo;Média complexidade;5717515 - HRSM;0414020219 - ODONTOSECÇÃO / RADILECTOMIA / TUNELIZAÇÃO;42;25465
2023;9;Eletivo;Média complexidade;5717515 - HRSM;0408060352 - RETIRADA DE FIO OU PINO INTRA-ÓSSEO;7;24571
2023;5;Eletivo;Alta complexidade;0010456 - HBDF;0405050372 - FACOEMULSIFICACAO C/ IMPLANTE DE LENTE INTRA-OCULAR DOBRAVEL;28;23027
2023;2;BPA-C;Média complexidade;5598575 - Policlínica Gama;0404010270 - REMOCAO DE CERUMEN DE CONDUTO AUDITIVO EXTERNO UNI / BILATERAL;126;22284
2023;2;BPA-C;Atenção Básica;9715797 - CEO - Guará;0414020138 - EXODONTIA DE DENTE PERMANENTE;30;22372
2023;6;Urgência;Média complexidade;0010456 - HBDF;0404010318 - RETIRADA DE CORPO ESTRANHO DE OUVIDO / FARINGE / LARINGE / NARIZ;29;23430
2023;6;BPA-C;Média complexidade;0010502 - HRS;0414020219 - ODONTOSECÇÃO / RADILECTOMIA / TUNELIZAÇÃO;1;23485
2023;2;BPA-C;Média complexidade;0010456 - HBDF;0404020623 - RETIRADA DE MATERIAL DE SÍNTESE ÓSSEA / DENTÁRIA;2;22129
2023;12;BPA-C;Atenção Básica;0010456 - HBDF;0414020359 - TRATAMENTO CIRÚRGICO DE HEMORRAGIA BUCO-DENTAL;1;25317
2023;1;BPA-C;Média complexidade;9690735 - CEO - Planaltina;0414020278 - REMOÇÃO DE DENTE RETIDO (INCLUSO / IMPACTADO);31;22085
2023;1;Urgência;Média complexidade;0010529 - HRPL;0408020199 - REDUÇÃO INCRUENTA DE FRATURA DA DIÁFISE DO ÚMERO;1;21936
2023;3;Eletivo;Média complexidade;0010456 - HBDF;0407010254 - RETIRADA DE POLIPO DO TUBO DIGESTIVO POR ENDOSCOPIA;10;22440
2023;5;Eletivo;Média complexidade;3055450 - CBV;0405030150 - VITRIOLISE A YAG LASER;2;23207
2023;2;Eletivo;Média complexidade;0010510 - HUB;0414020278 - REMOÇÃO DE DENTE RETIDO (INCLUSO / IMPACTADO);12;22229
2023;2;Urgência;Média complexidade;5717515 - HRSM;0414020057 - CORREÇÃO DE IRREGULARIDADES DE REBORDO ALVEOLAR;7;22305
2023;10;BPA-C;Média complexidade;0010464 - HRAN;0406020140 - EXCISAO E SUTURA DE LINFANGIOMA / NEVUS;1;24735
2023;6;Eletivo;Média complexidade;5717515 - HRSM;0408060352 - RETIRADA DE FIO OU PINO INTRA-ÓSSEO;10;23581
2023;2;Eletivo;Média complexidade;0010510 - HUB;0414020057 - CORREÇÃO DE IRREGULARIDADES DE REBORDO ALVEOLAR;5;22226
2023;12;Eletivo;Média complexidade;;0414020090 - ENXERTO ÓSSEO DE ÁREA DOADORA INTRABUCAL;3;25598
2023;5;BPA-C;Média complexidade;9676473 - CEO - Ceilândia I;0414020278 - REMOÇÃO DE DENTE RETIDO (INCLUSO / IMPACTADO);21;23337
2023;10;Eletivo;Média complexidade;0010472 - HRG;0408020245 - REDUÇÃO INCRUENTA DE LUXAÇÃO OU FRATURA / LUXACAO NO PUNHO;1;24759
2023;7;BPA-C;Média complexidade;9715797 - CEO - Guará;0414020146 - EXODONTIA MÚLTIPLA COM ALVEOLOPLASTIA POR SEXTANTE;1;24028
2023;2;Urgência;Média complexidade;6708714 - UPA Tipo III Samambaia;0409010090 - CISTOSTOMIA;1;22309
2023;9;BPA-C;Média complexidade;0010456 - HBDF;0404020623 - RETIRADA DE MATERIAL DE SÍNTESE ÓSSEA / DENTÁRIA;9;24414
2023;4;Urgência;Atenção Básica;5717515 - HRSM;0414020120 - EXODONTIA DE DENTE DECÍDUO;5;22904
2023;3;BPA-C;Média complexidade;9414754 - Policlínica Sobradinho;0405050364 - TRATAMENTO CIRURGICO DE PTERIGIO;9;22643
2023;10;BPA-C;Média complexidade;0010456 - HBDF;0414020367 - TRATAMENTO CIRÚRGICO PARA TRACIONAMENTO DENTAL;1;24716
2023;1;BPA-C;Média complexidade;0010502 - HRS;0406020140 - EXCISAO E SUTURA DE LINFANGIOMA / NEVUS;1;21904
2023;5;Eletivo;Alta complexidade;0010502 - HRS;0418010048 - IMPLANTE DE CATETER DE LONGA PERMANÊNCIA P/ HEMODIALISE;1;23119
2023;6;BPA-C;Média complexidade;0010464 - HRAN;0406020140 - EXCISAO E SUTURA DE LINFANGIOMA / NEVUS;6;23438
2023;11;BPA-C;Atenção Básica;0011347 - Adolescentro;0414020120 - EXODONTIA DE DENTE DECÍDUO;7;25120
2023;1;Eletivo;Média complexidade;0010464 - HRAN;0409040240 - VASECTOMIA;20;21869
2023;12;BPA-C;Média complexidade;9414754 - Policlínica Sobradinho;0404010270 - REMOCAO DE CERUMEN DE CONDUTO AUDITIVO EXTERNO UNI / BILATERAL;4;25498
2023;4;Eletivo;Média complexidade;0010499 - HRT;0405010184 - TRATAMENTO CIRURGICO DE BLEFAROCALASE;1;22819
2023;11;Eletivo;Média complexidade;0010499 - HRT;0409070122 - DRENAGEM DE GLANDULA DE BARTHOLIN / SKENE;1;25091
2023;4;Eletivo;Alta complexidade;9967486 - IBRANE;0418010030 - CONFECCAO DE FISTULA ARTERIO-VENOSA P/ HEMODIALISE;4;23024
2023;4;Eletivo;Média complexidade;5717515 - HRSM;0414020375 - TRATAMENTO CIRÚRGICO PERIODONTAL (POR SEXTANTE);4;22923
2023;2;Eletivo;Média complexidade;6876617 - HCB;0404020097 - EXCISÃO E SUTURA DE LESÃO NA BOCA;1;22316
2023;9;BPA-C;Atenção Básica;9676473 - CEO - Ceilândia I;0414020120 - EXODONTIA DE DENTE DECÍDUO;7;24644
2023;8;Eletivo;Alta complexidade;5479878 - Davita Sobradinho;0418010013 - CONFECCAO DE FISTULA ARTERIO-VENOSA C/ ENXERTIA DE POLITETRAFLUORETILENO (PTFE);2;24242
2023;11;BPA-C;Média complexidade;9772243 - CEO - Paranoá;0414020073 - CURETAGEM PERIAPICAL;22;25267
2023;7;Eletivo;Média complexidade;2779366 - Oftalmed Matriz;0405050020 - CAPSULOTOMIA A YAG LASER;2;23888
2023;11;Urgência;Média complexidade;0010456 - HBDF;0404020054 - DRENAGEM DE ABSCESSO DA BOCA E ANEXOS;4;25046
2023;2;Eletivo;Média complexidade;6876617 - HCB;0406020620 - RETIRADA DE CATETER DE LONGA PERMANÊNCIA SEMI OU TOTALMENTE IMPLANTÁVEL;1;22317
2023;4;BPA-C;Atenção Básica;0010596 - Cent. Espec. Doenças Infecciosas;0414020138 - EXODONTIA DE DENTE PERMANENTE;4;22864
2023;3;Urgência;Média complexidade;5717515 - HRSM;0404020054 - DRENAGEM DE ABSCESSO DA BOCA E ANEXOS;7;22613
2023;12;BPA-C;Média complexidade;9676473 - CEO - Ceilândia I;0414020278 - REMOÇÃO DE DENTE RETIDO (INCLUSO / IMPACTADO);7;25533
2023;7;BPA-C;Média complexidade;9778136 - CEO - Asa Norte;0414020146 - EXODONTIA MÚLTIPLA COM ALVEOLOPLASTIA POR SEXTANTE;4;24046
2023;6;Eletivo;Média complexidade;5717515 - HRSM;0414020375 - TRATAMENTO CIRÚRGICO PERIODONTAL (POR SEXTANTE);1;23590
2023;2;BPA-C;Atenção Básica;2649527 - HAB;0414020120 - EXODONTIA DE DENTE DECÍDUO;6;22256
2023;11;Eletivo;Média complexidade;;0414020073 - CURETAGEM PERIAPICAL;75;25305
2023;9;Eletivo;Alta complexidade;0010499 - HRT;0418010064 - IMPLANTE DE CATETER DUPLO LUMEN P/HEMODIALISE;25;24473
2023;11;BPA-C;Média complexidade;9772243 - CEO - Paranoá;0414020375 - TRATAMENTO CIRÚRGICO PERIODONTAL (POR SEXTANTE);2;25272
2023;6;BPA-C;Média complexidade;9622918 - CEO - Taguatinga;0414020030 - APROFUNDAMENTO DE VESTÍBULO ORAL (POR SEXTANTE);1;23658
2023;7;Eletivo;Média complexidade;0010499 - HRT;0405050089 - EXERESE DE TUMOR DE CONJUNTIVA;1;23820
2023;4;BPA-C;Média complexidade;0010456 - HBDF;0404010270 - REMOCAO DE CERUMEN DE CONDUTO AUDITIVO EXTERNO UNI / BILATERAL;59;22745
2023;12;Eletivo;Média complexidade;0010537 - HMIB;0404020054 - DRENAGEM DE ABSCESSO DA BOCA E ANEXOS;5;25405
2023;4;Eletivo;Média complexidade;9620311 - Policlínica Guará I;0404010318 - RETIRADA DE CORPO ESTRANHO DE OUVIDO / FARINGE / LARINGE / NARIZ;1;22961
2023;11;Urgência;Média complexidade;0010456 - HBDF;0408020172 - REDUÇÃO INCRUENTA DE FRATURA / LESÃO FISARIA NO PUNHO;2;25048
2023;3;Eletivo;Alta complexidade;3459918 - Nephron Brasília;0418020019 - INTERVENCAO EM FISTULA ARTERIO-VENOSA;3;22584
2023;10;BPA-C;Média complexidade;9764860 - CEO - Gama;0414020065 - CORREÇÃO DE TUBEROSIDADE DO MAXILAR;5;24958
2023;5;BPA-C;Média complexidade;9414754 - Policlínica Sobradinho;0404010270 - REMOCAO DE CERUMEN DE CONDUTO AUDITIVO EXTERNO UNI / BILATERAL;7;23283
2023;6;Eletivo;Média complexidade;0010510 - HUB;0405050020 - CAPSULOTOMIA A YAG LASER;9;23493
2023;7;Urgência;Média complexidade;7116756 - UPA São Sebastião;0404020097 - EXCISÃO E SUTURA DE LESÃO NA BOCA;1;23951
2023;3;Eletivo;Alta complexidade;0010499 - HRT;0418010048 - IMPLANTE DE CATETER DE LONGA PERMANÊNCIA P/ HEMODIALISE;9;22483
2023;12;BPA-C;Atenção Básica;9622918 - CEO - Taguatinga;0414020138 - EXODONTIA DE DENTE PERMANENTE;25;25524
2023;9;Eletivo;Alta complexidade;0010510 - HUB;0418020035 - RETIRADA DE CATETER TIPO TENCKHOFF / SIMILAR DE LONGA PERMANÊNCIA;1;24495
2023;9;BPA-C;Média complexidade;9622918 - CEO - Taguatinga;0414020146 - EXODONTIA MÚLTIPLA COM ALVEOLOPLASTIA POR SEXTANTE;1;24640
2023;8;BPA-C;Atenção Básica;0010464 - HRAN;0413010023 - ATENDIMENTO DE URGÊNCIA EM PEQUENO QUEIMADO;13;24093
2023;12;BPA-C;Média complexidade;5717515 - HRSM;0415040043 - DEBRIDAMENTO DE ULCERA / NECROSE;228;25454
2023;8;Eletivo;Média complexidade;5717515 - HRSM;0414020146 - EXODONTIA MÚLTIPLA COM ALVEOLOPLASTIA POR SEXTANTE;3;24262
2023;11;BPA-C;Média complexidade;0010502 - HRS;0414020278 - REMOÇÃO DE DENTE RETIDO (INCLUSO / IMPACTADO);2;25100
2023;8;Eletivo;Média complexidade;0010472 - HRG;0407010254 - RETIRADA DE POLIPO DO TUBO DIGESTIVO POR ENDOSCOPIA;25;24121
2023;4;Eletivo;Média complexidade;3055450 - CBV;0405030053 - INJECAO INTRA-VITREO;24;22880
2023;8;Urgência;Alta complexidade;0010502 - HRS;0418010080 - IMPLANTE DE CATETER TIPO TENCKHOFF OU SIMILAR P/ DPA/DPAC;1;24154
2023;5;Urgência;Média complexidade;0010529 - HRPL;0408050195 - REDUCAO INCRUENTA DA LUXACAO / FRATURA-LUXACAO METATARSO-FALANGIANA / INTERFALANGIANA DO PE;2;23167
2023;3;Eletivo;Média complexidade;0010456 - HBDF;0409010170 - INSTALACAO ENDOSCOPICA DE CATETER DUPLO J;1;22441
2023;5;Eletivo;Média complexidade;0010464 - HRAN;0404010342 - TAMPONAMENTO NASAL ANTERIOR E/OU POSTERIOR;1;23077
2023;2;BPA-C;Média complexidade;9764860 - CEO - Gama;0414020057 - CORREÇÃO DE IRREGULARIDADES DE REBORDO ALVEOLAR;1;22381
2023;6;Eletivo;Atenção Básica;0010499 - HRT;0414020138 - EXODONTIA DE DENTE PERMANENTE;10;23467
2023;8;Eletivo;Média complexidade;9621709 - Policlínica II Taguatinga;0407010254 - RETIRADA DE POLIPO DO TUBO DIGESTIVO POR ENDOSCOPIA;12;24318
2023;10;Eletivo;Alta complexidade;3224228 - Renal Care;0418020019 - INTERVENCAO EM FISTULA ARTERIO-VENOSA;1;24829
2023;10;BPA-C;Média complexidade;0010456 - HBDF;0414020278 - REMOÇÃO DE DENTE RETIDO (INCLUSO / IMPACTADO);18;24715
2023;7;BPA-C;Média complexidade;0010499 - HRT;0405050259 - RETIRADA DE CORPO ESTRANHO DA CORNEA;65;23816
2023;9;Eletivo;Média complexidade;0010464 - HRAN;0405010184 - TRATAMENTO CIRURGICO DE BLEFAROCALASE;8;24450
2023;5;BPA-C;Atenção Básica;9622845 - CEO - Policlínica Taguatinga;0414020120 - EXODONTIA DE DENTE DECÍDUO;18;23309
2023;10;BPA-C;Média complexidade;9778136 - CEO - Asa Norte;0414020278 - REMOÇÃO DE DENTE RETIDO (INCLUSO / IMPACTADO);68;24980
2023;7;Eletivo;Média complexidade;5717515 - HRSM;0414020154 - GENGIVECTOMIA (POR SEXTANTE);4;23933
2023;8;BPA-C;Média complexidade;7592477 - UPA Sobradinho;0414020154 - GENGIVECTOMIA (POR SEXTANTE);1;24296
2023;3;Eletivo;Alta complexidade;0010502 - HRS;0418010064 - IMPLANTE DE CATETER DUPLO LUMEN P/HEMODIALISE;8;22499
2023;9;BPA-C;Média complexidade;9578560 - CEO 11 - Ceilândia;0414020057 - CORREÇÃO DE IRREGULARIDADES DE REBORDO ALVEOLAR;20;24613
2023;11;Eletivo;Alta complexidade;3055450 - CBV;0405050372 - FACOEMULSIFICACAO C/ IMPLANTE DE LENTE INTRA-OCULAR DOBRAVEL;27;25133
2023;3;BPA-C;Média complexidade;0010464 - HRAN;0405050364 - TRATAMENTO CIRURGICO DE PTERIGIO;20;22455
2023;5;Eletivo;Média complexidade;6876617 - HCB;0409010090 - CISTOSTOMIA;1;23267
2023;2;BPA-C;Média complexidade;0010456 - HBDF;0404020445 - CONTENÇÃO DE DENTES POR SPLINTAGEM;8;22127
2023;8;Eletivo;Média complexidade;3055450 - CBV;0405030134 - VITRECTOMIA ANTERIOR;23;24228
2023;2;BPA-C;Média complexidade;9764860 - CEO - Gama;0414020219 - ODONTOSECÇÃO / RADILECTOMIA / TUNELIZAÇÃO;11;22383
2023;3;Eletivo;Média complexidade;5717515 - HRSM;0414020219 - ODONTOSECÇÃO / RADILECTOMIA / TUNELIZAÇÃO;71;22609
2023;12;BPA-C;Média complexidade;9622845 - CEO - Policlínica Taguatinga;0414020375 - TRATAMENTO CIRÚRGICO PERIODONTAL (POR SEXTANTE);16;25522
2023;6;BPA-C;Média complexidade;0010456 - HBDF;0404010270 - REMOCAO DE CERUMEN DE CONDUTO AUDITIVO EXTERNO UNI / BILATERAL;63;23404
2023;8;BPA-C;Média complexidade;5598575 - Policlínica Gama;0404010270 - REMOCAO DE CERUMEN DE CONDUTO AUDITIVO EXTERNO UNI / BILATERAL;85;24247
2023;1;BPA-C;Média complexidade;9414754 - Policlínica Sobradinho;0405050364 - TRATAMENTO CIRURGICO DE PTERIGIO;6;22027
2023;2;BPA-C;Média complexidade;9621709 - Policlínica II Taguatinga;0406020140 - EXCISAO E SUTURA DE LINFANGIOMA / NEVUS;3;22343
2023;2;Eletivo;Média complexidade;5717515 - HRSM;0414020278 - REMOÇÃO DE DENTE RETIDO (INCLUSO / IMPACTADO);159;22301
2023;5;BPA-C;Média complexidade;0010456 - HBDF;0414020219 - ODONTOSECÇÃO / RADILECTOMIA / TUNELIZAÇÃO;1;23049
2023;7;BPA-C;Média complexidade;0010464 - HRAN;0405050364 - TRATAMENTO CIRURGICO DE PTERIGIO;10;23773
2023;3;BPA-C;Média complexidade;9764860 - CEO - Gama;0414020073 - CURETAGEM PERIAPICAL;5;22708
2023;1;Urgência;Atenção Básica;5717515 - HRSM;0414020138 - EXODONTIA DE DENTE PERMANENTE;28;21991
2023;11;BPA-C;Média complexidade;0010456 - HBDF;0414010361 - EXERESE DE CISTO ODONTOGÊNICO E NÃO-ODONTOGÊNICO;3;25029
2023;2;Urgência;Média complexidade;5717515 - HRSM;0414020219 - ODONTOSECÇÃO / RADILECTOMIA / TUNELIZAÇÃO;2;22307
2023;5;Urgência;Média complexidade;5717515 - HRSM;0414020278 - REMOÇÃO DE DENTE RETIDO (INCLUSO / IMPACTADO);4;23256
2023;6;Eletivo;Média complexidade;0010537 - HMIB;0414020278 - REMOÇÃO DE DENTE RETIDO (INCLUSO / IMPACTADO);86;23525
2023;6;BPA-C;Média complexidade;9622918 - CEO - Taguatinga;0414020278 - REMOÇÃO DE DENTE RETIDO (INCLUSO / IMPACTADO);77;23661
2023;10;Eletivo;Média complexidade;;0405050020 - CAPSULOTOMIA A YAG LASER;97;24995
2023;3;BPA-C;Média complexidade;9622845 - CEO - Policlínica Taguatinga;0414020219 - ODONTOSECÇÃO / RADILECTOMIA / TUNELIZAÇÃO;26;22675
2023;9;Eletivo;Média complexidade;0010499 - HRT;0409040240 - VASECTOMIA;5;24478
2023;2;BPA-C;Média complexidade;9622845 - CEO - Policlínica Taguatinga;0414020278 - REMOÇÃO DE DENTE RETIDO (INCLUSO / IMPACTADO);44;22354
2023;11;Urgência;Atenção Básica;5717515 - HRSM;0414020120 - EXODONTIA DE DENTE DECÍDUO;6;25153
2023;8;BPA-C;Média complexidade;9764860 - CEO - Gama;0414020278 - REMOÇÃO DE DENTE RETIDO (INCLUSO / IMPACTADO);75;24386
2023;7;Eletivo;Atenção Básica;5717515 - HRSM;0414020120 - EXODONTIA DE DENTE DECÍDUO;2;23917
2023;10;BPA-C;Atenção Básica;9764860 - CEO - Gama;0414020383 - TRATAMENTO DE ALVEOLITE;7;24957
2023;8;Eletivo;Alta complexidade;0010464 - HRAN;0413010031 - CURATIVO EM GRANDE QUEIMADO;48;24092
2023;7;BPA-C;Média complexidade;9622845 - CEO - Policlínica Taguatinga;0414020073 - CURETAGEM PERIAPICAL;46;23987
2023;1;BPA-C;Atenção Básica;0011347 - Adolescentro;0414020120 - EXODONTIA DE DENTE DECÍDUO;2;21957
2023;12;Eletivo;Média complexidade;6876617 - HCB;0403050081 - NEUROTOMIA PERCUTÂNEA DE NERVOS PERIFÈRICOS POR AGENTES QUIMICOS;1;25481
2023;12;BPA-C;Média complexidade;6876617 - HCB;0407010319 - TRATAMENTO ESCLEROSANTE / LIGADURA ELASTICA DE LESAO HEMORRAGICA DO APARELHO DIGESTIVO;1;25479
2023;3;Eletivo;Média complexidade;5717515 - HRSM;0414020375 - TRATAMENTO CIRÚRGICO PERIODONTAL (POR SEXTANTE);1;22611
2023;7;BPA-C;Média complexidade;9676473 - CEO - Ceilândia I;0414020219 - ODONTOSECÇÃO / RADILECTOMIA / TUNELIZAÇÃO;5;24007
2023;6;BPA-C;Média complexidade;9690719 - CEO - Sobradinho;0414010361 - EXERESE DE CISTO ODONTOGÊNICO E NÃO-ODONTOGÊNICO;1;23672
2023;8;Eletivo;Média complexidade;5717515 - HRSM;0404020097 - EXCISÃO E SUTURA DE LESÃO NA BOCA;2;24255
2023;4;Eletivo;Alta complexidade;2779366 - Oftalmed Matriz;0405050372 - FACOEMULSIFICACAO C/ IMPLANTE DE LENTE INTRA-OCULAR DOBRAVEL;31;22873
2023;10;Eletivo;Média complexidade;0010464 - HRAN;0407020136 - DRENAGEM DE ABSCESSO ANU-RETAL;3;24746
2023;8;BPA-C;Média complexidade;0010499 - HRT;0405010060 - EPILACAO DE CILIOS;2;24137
2023;11;Eletivo;Média complexidade;3055450 - CBV;0405030134 - VITRECTOMIA ANTERIOR;37;25136
2023;4;BPA-C;Média complexidade;0010464 - HRAN;0405050364 - TRATAMENTO CIRURGICO DE PTERIGIO;11;22784
2023;2;Eletivo;Média complexidade;0010464 - HRAN;0409050083 - POSTECTOMIA;14;22168
2023;10;BPA-C;Média complexidade;9676473 - CEO - Ceilândia I;0414020073 - CURETAGEM PERIAPICAL;11;24929
2023;7;BPA-C;Média complexidade;0010529 - HRPL;0415040043 - DEBRIDAMENTO DE ULCERA / NECROSE;1;23856
2023;6;BPA-C;Atenção Básica;9622845 - CEO - Policlínica Taguatinga;0414020138 - EXODONTIA DE DENTE PERMANENTE;5;23647
2023;2;Urgência;Média complexidade;0010456 - HBDF;0404020054 - DRENAGEM DE ABSCESSO DA BOCA E ANEXOS;9;22150
2023;2;Eletivo;Média complexidade;0010537 - HMIB;0414020057 - CORREÇÃO DE IRREGULARIDADES DE REBORDO ALVEOLAR;91;22245
2023;9;BPA-C;Média complexidade;0010456 - HBDF;0404020445 - CONTENÇÃO DE DENTES POR SPLINTAGEM;5;24413
2023;6;Eletivo;Média complexidade;0010456 - HBDF;0405040210 - REPOSICIONAMENTO DE LENTE INTRAOCULAR;1;23423
2023;2;Eletivo;Média complexidade;2672197 - HRSam;0409070122 - DRENAGEM DE GLANDULA DE BARTHOLIN / SKENE;2;22260
2023;4;Eletivo;Atenção Básica;0010537 - HMIB;0414020138 - EXODONTIA DE DENTE PERMANENTE;10;22856
2023;7;BPA-C;Atenção Básica;9622918 - CEO - Taguatinga;0414020120 - EXODONTIA DE DENTE DECÍDUO;12;23991
2023;3;BPA-C;Atenção Básica;9690719 - CEO - Sobradinho;0414020138 - EXODONTIA DE DENTE PERMANENTE;14;22695
2023;6;BPA-C;Atenção Básica;9578560 - CEO 11 - Ceilândia;0414020120 - EXODONTIA DE DENTE DECÍDUO;4;23630
2023;8;BPA-C;Atenção Básica;0010456 - HBDF;0404010300 - RETIRADA DE CORPO ESTRANHO DA CAVIDADE AUDITIVA E NASAL;10;24058
2023;9;Urgência;Média complexidade;5717515 - HRSM;0414020057 - CORREÇÃO DE IRREGULARIDADES DE REBORDO ALVEOLAR;2;24583
2023;12;Eletivo;Média complexidade;0010456 - HBDF;0405040202 - TRATAMENTO DE PTOSE PALPEBRAL;1;25339
2023;6;Eletivo;Alta complexidade;3548104 - Centro da Visao;0405050372 - FACOEMULSIFICACAO C/ IMPLANTE DE LENTE INTRA-OCULAR DOBRAVEL;47;23565
2023;4;Urgência;Média complexidade;5717515 - HRSM;0404020054 - DRENAGEM DE ABSCESSO DA BOCA E ANEXOS;10;22924
2023;6;Eletivo;Atenção Básica;5717515 - HRSM;0414020120 - EXODONTIA DE DENTE DECÍDUO;3;23573
2023;8;BPA-C;Atenção Básica;0010472 - HRG;0414020120 - EXODONTIA DE DENTE DECÍDUO;4;24115
2023;9;BPA-C;Média complexidade;9414754 - Policlínica Sobradinho;0404010270 - REMOCAO DE CERUMEN DE CONDUTO AUDITIVO EXTERNO UNI / BILATERAL;19;24601
2023;12;Eletivo;Atenção Básica;5717515 - HRSM;0414020120 - EXODONTIA DE DENTE DECÍDUO;1;25448
2023;12;BPA-C;Média complexidade;9622845 - CEO - Policlínica Taguatinga;0414020073 - CURETAGEM PERIAPICAL;26;25519
2023;11;BPA-C;Média complexidade;0010456 - HBDF;0405010044 - DRENAGEM DE ABSCESSO DE PALPEBRA;1;25022
2023;3;BPA-C;Atenção Básica;0010456 - HBDF;0414020138 - EXODONTIA DE DENTE PERMANENTE;45;22407
2023;4;Eletivo;Atenção Básica;0010537 - HMIB;0414020405 - ULOTOMIA/ULECTOMIA;1;22857
2023;12;Eletivo;Média complexidade;9580816 - Cent. Espec. Saúde Mulher;0409070165 - EXTIRPACAO DE LESAO DE VULVA / PERINEO (POR ELETROCOAGULACAO OU FULGURACAO);1;25510
2023;11;Eletivo;Média complexidade;0010537 - HMIB;0414020154 - GENGIVECTOMIA (POR SEXTANTE);2;25117
2023;5;BPA-C;Média complexidade;9778136 - CEO - Asa Norte;0414020154 - GENGIVECTOMIA (POR SEXTANTE);5;23385
2023;11;Eletivo;Média complexidade;;0409010154 - EXTRACAO ENDOSCOPICA DE CORPO ESTRANHO / CALCULO EM URETER;6;25298
2023;4;Urgência;Média complexidade;0010529 - HRPL;0408020210 - REDUÇÃO INCRUENTA DE FRATURA DOS METACARPIANOS;1;22850
2023;2;Eletivo;Média complexidade;0010510 - HUB;0404010318 - RETIRADA DE CORPO ESTRANHO DE OUVIDO / FARINGE / LARINGE / NARIZ;430;22210
2023;5;BPA-C;Média complexidade;9772243 - CEO - Paranoá;0414020162 - GENGIVOPLASTIA (POR SEXTANTE);3;23377
2023;7;Eletivo;Média complexidade;0010510 - HUB;0404020445 - CONTENÇÃO DE DENTES POR SPLINTAGEM;2;23841
2023;5;Eletivo;Alta complexidade;7980221 - Visão Hosp. de Olhos;0405050372 - FACOEMULSIFICACAO C/ IMPLANTE DE LENTE INTRA-OCULAR DOBRAVEL;26;23282
2023;5;BPA-C;Atenção Básica;9676473 - CEO - Ceilândia I;0414020120 - EXODONTIA DE DENTE DECÍDUO;7;23331
2023;11;Urgência;Média complexidade;5717515 - HRSM;0404020097 - EXCISÃO E SUTURA DE LESÃO NA BOCA;1;25171
2023;2;Eletivo;Média complexidade;5717515 - HRSM;0412050170 - TORACOCENTESE/DRENAGEM DE PLEURA;1;22294
2023;6;BPA-C;Média complexidade;9690719 - CEO - Sobradinho;0414020073 - CURETAGEM PERIAPICAL;33;23674
2023;11;BPA-C;Média complexidade;9621709 - Policlínica II Taguatinga;0415040043 - DEBRIDAMENTO DE ULCERA / NECROSE;1;25217
2023;12;Eletivo;Média complexidade;0010464 - HRAN;0407020136 - DRENAGEM DE ABSCESSO ANU-RETAL;2;25367
2023;8;Eletivo;Média complexidade;0010510 - HUB;0405030223 - REMOÇÃO DE ÓLEO DE SILICONE;1;24175
2023;3;BPA-C;Média complexidade;9414754 - Policlínica Sobradinho;0404010270 - REMOCAO DE CERUMEN DE CONDUTO AUDITIVO EXTERNO UNI / BILATERAL;1;22642
2023;8;Eletivo;Média complexidade;7929129 - Clinica de Olhos Dr João Eugenio;0405050020 - CAPSULOTOMIA A YAG LASER;1;24301
2023;2;BPA-C;Média complexidade;0010456 - HBDF;0414020057 - CORREÇÃO DE IRREGULARIDADES DE REBORDO ALVEOLAR;1;22135
2023;12;BPA-C;Média complexidade;0010464 - HRAN;0405050364 - TRATAMENTO CIRURGICO DE PTERIGIO;8;25359
2023;3;Urgência;Alta complexidade;0010502 - HRS;0418010064 - IMPLANTE DE CATETER DUPLO LUMEN P/HEMODIALISE;18;22502
2023;8;Eletivo;Alta complexidade;0010499 - HRT;0418020035 - RETIRADA DE CATETER TIPO TENCKHOFF / SIMILAR DE LONGA PERMANÊNCIA;15;24132
2023;3;BPA-C;Atenção Básica;0011347 - Adolescentro;0414020120 - EXODONTIA DE DENTE DECÍDUO;3;22555
2023;5;Eletivo;Média complexidade;0010464 - HRAN;0409040142 - ORQUIECTOMIA SUBCAPSULAR BILATERAL;3;23084
2023;2;BPA-C;Média complexidade;0010499 - HRT;0405050364 - TRATAMENTO CIRURGICO DE PTERIGIO;6;22193
2023;12;Eletivo;Média complexidade;5717515 - HRSM;0414010361 - EXERESE DE CISTO ODONTOGÊNICO E NÃO-ODONTOGÊNICO;1;25462
2023;1;BPA-C;Atenção Básica;9622918 - CEO - Taguatinga;0414020138 - EXODONTIA DE DENTE PERMANENTE;66;22061
2023;5;Eletivo;Atenção Básica;5717515 - HRSM;0414020405 - ULOTOMIA/ULECTOMIA;2;23227
2023;2;Urgência;Média complexidade;0010529 - HRPL;0408020245 - REDUÇÃO INCRUENTA DE LUXAÇÃO OU FRATURA / LUXACAO NO PUNHO;2;22237
2023;6;BPA-C;Média complexidade;9676473 - CEO - Ceilândia I;0414020278 - REMOÇÃO DE DENTE RETIDO (INCLUSO / IMPACTADO);30;23667
2023;1;Eletivo;Média complexidade;3055450 - CBV;0405030096 - SUTURA DE ESCLERA;34;21970
2023;11;BPA-C;Média complexidade;9772243 - CEO - Paranoá;0414020219 - ODONTOSECÇÃO / RADILECTOMIA / TUNELIZAÇÃO;14;25269
2023;6;BPA-C;Atenção Básica;6876617 - HCB;0414020120 - EXODONTIA DE DENTE DECÍDUO;37;23601
2023;3;BPA-C;Média complexidade;9578560 - CEO 11 - Ceilândia;0414020219 - ODONTOSECÇÃO / RADILECTOMIA / TUNELIZAÇÃO;11;22656
2023;6;BPA-C;Média complexidade;9764860 - CEO - Gama;0414020278 - REMOÇÃO DE DENTE RETIDO (INCLUSO / IMPACTADO);105;23704
2023;5;Urgência;Média complexidade;7116756 - UPA São Sebastião;0407040196 - PARACENTESE ABDOMINAL;1;23271
2023;2;Eletivo;Atenção Básica;0010537 - HMIB;0414020120 - EXODONTIA DE DENTE DECÍDUO;21;22241
2023;1;Eletivo;Média complexidade;2645157 - HRL;0407020136 - DRENAGEM DE ABSCESSO ANU-RETAL;1;21962
2023;7;Eletivo;Média complexidade;0010464 - HRAN;0407020136 - DRENAGEM DE ABSCESSO ANU-RETAL;1;23786
2023;2;Eletivo;Média complexidade;3055450 - CBV;0405030053 - INJECAO INTRA-VITREO;35;22265
2023;3;Eletivo;Média complexidade;0010464 - HRAN;0409020036 - EXTRACAO ENDOSCOPICA DE CORPO ESTRANHO / CALCULO NA URETRA C/ CISTOSCOPIA;8;22465
2023;9;Eletivo;Alta complexidade;3459918 - Nephron Brasília;0418010064 - IMPLANTE DE CATETER DUPLO LUMEN P/HEMODIALISE;6;24553
2023;4;Urgência;Alta complexidade;0010502 - HRS;0418010030 - CONFECCAO DE FISTULA ARTERIO-VENOSA P/ HEMODIALISE;1;22825
2023;4;BPA-C;Atenção Básica;9772243 - CEO - Paranoá;0414020138 - EXODONTIA DE DENTE PERMANENTE;12;23009
2023;3;Eletivo;Alta complexidade;0010456 - HBDF;0418010064 - IMPLANTE DE CATETER DUPLO LUMEN P/HEMODIALISE;72;22405
2023;1;Urgência;Média complexidade;0010456 - HBDF;0404020054 - DRENAGEM DE ABSCESSO DA BOCA E ANEXOS;18;21857
2023;10;Eletivo;Média complexidade;0010456 - HBDF;0405050321 - TRABECULECTOMIA;4;24724
2023;9;Eletivo;Alta complexidade;3224228 - Renal Care;0418010080 - IMPLANTE DE CATETER TIPO TENCKHOFF OU SIMILAR P/ DPA/DPAC;7;24551
2023;9;Eletivo;Média complexidade;3548104 - Centro da Visao;0405050020 - CAPSULOTOMIA A YAG LASER;37;24555
2023;12;BPA-C;Média complexidade;0010456 - HBDF;0404020615 - REDUÇÃO DE LUXAÇÃO TÊMPORO-MANDIBULAR;1;25321
2023;10;Eletivo;Atenção Básica;;0414020120 - EXODONTIA DE DENTE DECÍDUO;2;24991
2023;1;Eletivo;Média complexidade;9715797 - CEO - Guará;0404020097 - EXCISÃO E SUTURA DE LESÃO NA BOCA;4;22092
2023;4;Eletivo;Média complexidade;0010472 - HRG;0407010254 - RETIRADA DE POLIPO DO TUBO DIGESTIVO POR ENDOSCOPIA;13;22804
2023;12;Eletivo;Média complexidade;;0414020073 - CURETAGEM PERIAPICAL;59;25597
2023;10;BPA-C;Média complexidade;9578560 - CEO 11 - Ceilândia;0414020278 - REMOÇÃO DE DENTE RETIDO (INCLUSO / IMPACTADO);9;24895
2023;9;Eletivo;Média complexidade;0010510 - HUB;0414020278 - REMOÇÃO DE DENTE RETIDO (INCLUSO / IMPACTADO);59;24514
2023;5;Eletivo;Média complexidade;0010537 - HMIB;0414020162 - GENGIVOPLASTIA (POR SEXTANTE);3;23180
2023;8;BPA-C;Média complexidade;9622918 - CEO - Taguatinga;0414020162 - GENGIVOPLASTIA (POR SEXTANTE);2;24340
2023;6;BPA-C;Média complexidade;9778136 - CEO - Asa Norte;0414020154 - GENGIVECTOMIA (POR SEXTANTE);2;23719
2023;12;Eletivo;Média complexidade;;0409010154 - EXTRACAO ENDOSCOPICA DE CORPO ESTRANHO / CALCULO EM URETER;1;25591
2023;5;Eletivo;Média complexidade;0010537 - HMIB;0404020054 - DRENAGEM DE ABSCESSO DA BOCA E ANEXOS;8;23175
2023;6;Eletivo;Alta complexidade;2779420 - Davita NEFRO Asa Sul;0418010030 - CONFECCAO DE FISTULA ARTERIO-VENOSA P/ HEMODIALISE;2;23542
2023;7;Eletivo;Alta complexidade;2779420 - Davita NEFRO Asa Sul;0418010064 - IMPLANTE DE CATETER DUPLO LUMEN P/HEMODIALISE;2;23892
2023;2;BPA-C;Média complexidade;9578560 - CEO 11 - Ceilândia;0414020146 - EXODONTIA MÚLTIPLA COM ALVEOLOPLASTIA POR SEXTANTE;8;22336
2023;4;Eletivo;Média complexidade;0010464 - HRAN;0405030053 - INJECAO INTRA-VITREO;6;22788
2023;10;BPA-C;Média complexidade;9578560 - CEO 11 - Ceilândia;0414020375 - TRATAMENTO CIRÚRGICO PERIODONTAL (POR SEXTANTE);3;24896
2023;9;Eletivo;Média complexidade;0010456 - HBDF;0405030053 - INJECAO INTRA-VITREO;82;24430
2023;8;Eletivo;Alta complexidade;0010510 - HUB;0418010030 - CONFECCAO DE FISTULA ARTERIO-VENOSA P/ HEMODIALISE;5;24160
2023;6;Eletivo;Média complexidade;9621709 - Policlínica II Taguatinga;0404010318 - RETIRADA DE CORPO ESTRANHO DE OUVIDO / FARINGE / LARINGE / NARIZ;1;23643
2023;5;BPA-C;Atenção Básica;9622918 - CEO - Taguatinga;0414020138 - EXODONTIA DE DENTE PERMANENTE;54;23322
2023;3;BPA-C;Média complexidade;9621709 - Policlínica II Taguatinga;0406020140 - EXCISAO E SUTURA DE LINFANGIOMA / NEVUS;1;22663
2023;11;Eletivo;Média complexidade;;0405050364 - TRATAMENTO CIRURGICO DE PTERIGIO;30;25296
2023;5;BPA-C;Média complexidade;0010456 - HBDF;0414010345 - EXCISÃO DE CÁLCULO DE GLÂNDULA SALIVAR;1;23045
2023;2;BPA-C;Atenção Básica;9778136 - CEO - Asa Norte;0414020138 - EXODONTIA DE DENTE PERMANENTE;41;22395
2023;5;BPA-C;Média complexidade;9578501 - Policlínica II Ceilândia;0407010319 - TRATAMENTO ESCLEROSANTE / LIGADURA ELASTICA DE LESAO HEMORRAGICA DO APARELHO DIGESTIVO;3;23287
2023;11;BPA-C;Atenção Básica;0010596 - Cent. Espec. Doenças Infecciosas;0414020138 - EXODONTIA DE DENTE PERMANENTE;3;25119
2023;4;Eletivo;Média complexidade;3055450 - CBV;0405030134 - VITRECTOMIA ANTERIOR;17;22882
2023;4;Acidente no local trabalho ou a serviço da empresa;Média complexidade;0010456 - HBDF;0405030053 - INJECAO INTRA-VITREO;1;22743
2023;8;Eletivo;Média complexidade;0010464 - HRAN;0409040240 - VASECTOMIA;46;24108
2023;7;Eletivo;Média complexidade;0010456 - HBDF;0405050216 - RECOBRIMENTO CONJUNTIVAL;1;23759
2023;5;Eletivo;Alta complexidade;7929129 - Clinica de Olhos Dr João Eugenio;0405050372 - FACOEMULSIFICACAO C/ IMPLANTE DE LENTE INTRA-OCULAR DOBRAVEL;22;23280
2023;11;BPA-C;Média complexidade;0010456 - HBDF;0414020200 - MARSUPIALIZAÇÃO DE CISTOS E PSEUDOCISTOS;3;25032
2023;2;Eletivo;Média complexidade;0010537 - HMIB;0404020054 - DRENAGEM DE ABSCESSO DA BOCA E ANEXOS;4;22243
2023;12;Eletivo;Alta complexidade;9967486 - IBRANE;0418020035 - RETIRADA DE CATETER TIPO TENCKHOFF / SIMILAR DE LONGA PERMANÊNCIA;1;25573
2023;9;Eletivo;Média complexidade;2779366 - Oftalmed Matriz;0405050020 - CAPSULOTOMIA A YAG LASER;12;24536
2023;3;Urgência;Média complexidade;5717515 - HRSM;0414020278 - REMOÇÃO DE DENTE RETIDO (INCLUSO / IMPACTADO);12;22621
2023;2;Eletivo;Alta complexidade;7491484 - Renal Vida;0418010048 - IMPLANTE DE CATETER DE LONGA PERMANÊNCIA P/ HEMODIALISE;1;22319
2023;8;Eletivo;Alta complexidade;0010510 - HUB;0418020035 - RETIRADA DE CATETER TIPO TENCKHOFF / SIMILAR DE LONGA PERMANÊNCIA;1;24166
2023;4;Eletivo;Alta complexidade;0010456 - HBDF;0418010021 - CONFECCAO DE FISTULA ARTERIO-VENOSA C/ ENXERTO AUTOLOGO;8;22735
2023;5;BPA-C;Média complexidade;9715797 - CEO - Guará;0414020057 - CORREÇÃO DE IRREGULARIDADES DE REBORDO ALVEOLAR;16;23357
2023;12;BPA-C;Média complexidade;0010464 - HRAN;0405050259 - RETIRADA DE CORPO ESTRANHO DA CORNEA;7;25358
2023;10;BPA-C;Média complexidade;9690719 - CEO - Sobradinho;0414020278 - REMOÇÃO DE DENTE RETIDO (INCLUSO / IMPACTADO);98;24938
2023;11;BPA-C;Média complexidade;0010456 - HBDF;0404010091 - DUCHA DE POLITZER (UNI / BILATERAL);5;25015
2023;6;Eletivo;Média complexidade;9778136 - CEO - Asa Norte;0404020097 - EXCISÃO E SUTURA DE LESÃO NA BOCA;2;23724
2023;8;BPA-C;Atenção Básica;9778136 - CEO - Asa Norte;0414020120 - EXODONTIA DE DENTE DECÍDUO;10;24396
2023;12;Urgência;Média complexidade;0010529 - HRPL;0408020210 - REDUÇÃO INCRUENTA DE FRATURA DOS METACARPIANOS;1;25397
2023;3;BPA-C;Atenção Básica;9676473 - CEO - Ceilândia I;0414020138 - EXODONTIA DE DENTE PERMANENTE;4;22691
2023;1;Eletivo;Média complexidade;0010510 - HUB;0414020375 - TRATAMENTO CIRÚRGICO PERIODONTAL (POR SEXTANTE);6;21931
2023;9;BPA-C;Média complexidade;0010472 - HRG;0414020073 - CURETAGEM PERIAPICAL;3;24466
2023;6;BPA-C;Média complexidade;0010472 - HRG;0405050364 - TRATAMENTO CIRURGICO DE PTERIGIO;42;23452
2023;5;BPA-C;Média complexidade;0010472 - HRG;0409060097 - EXERESE DE POLIPO DE UTERO;1;23097
2023;9;Eletivo;Média complexidade;0010537 - HMIB;0404010318 - RETIRADA DE CORPO ESTRANHO DE OUVIDO / FARINGE / LARINGE / NARIZ;1;24526
2023;12;Eletivo;Alta complexidade;7494424 - Ultramed;0418010048 - IMPLANTE DE CATETER DE LONGA PERMANÊNCIA P/ HEMODIALISE;1;25490
2023;9;Eletivo;Média complexidade;0010537 - HMIB;0404020623 - RETIRADA DE MATERIAL DE SÍNTESE ÓSSEA / DENTÁRIA;3;24529
2023;5;BPA-C;Média complexidade;6876617 - HCB;0409010154 - EXTRACAO ENDOSCOPICA DE CORPO ESTRANHO / CALCULO EM URETER;1;23263
2023;5;Eletivo;Média complexidade;0010472 - HRG;0408050250 - REDUCAO INCRUENTA DE FRATURA OU LESAO FISARIA DO JOELHO;1;23102
2023;7;Eletivo;Alta complexidade;5479878 - Davita Sobradinho;0418020019 - INTERVENCAO EM FISTULA ARTERIO-VENOSA;1;23915
2023;6;BPA-C;Atenção Básica;0010456 - HBDF;0414020138 - EXODONTIA DE DENTE PERMANENTE;68;23402
2023;1;Eletivo;Alta complexidade;0010510 - HUB;0418020035 - RETIRADA DE CATETER TIPO TENCKHOFF / SIMILAR DE LONGA PERMANÊNCIA;3;21912
2023;12;BPA-C;Atenção Básica;9622845 - CEO - Policlínica Taguatinga;0414020405 - ULOTOMIA/ULECTOMIA;2;25518
2023;6;Eletivo;Média complexidade;5717515 - HRSM;0414020278 - REMOÇÃO DE DENTE RETIDO (INCLUSO / IMPACTADO);117;23589
2023;3;Eletivo;Alta complexidade;0010502 - HRS;0418010048 - IMPLANTE DE CATETER DE LONGA PERMANÊNCIA P/ HEMODIALISE;2;22498
2023;12;BPA-C;Atenção Básica;9690719 - CEO - Sobradinho;0414020138 - EXODONTIA DE DENTE PERMANENTE;6;25534
2023;7;BPA-C;Atenção Básica;9622918 - CEO - Taguatinga;0414020383 - TRATAMENTO DE ALVEOLITE;2;23993
2023;1;BPA-C;Média complexidade;9622918 - CEO - Taguatinga;0414020375 - TRATAMENTO CIRÚRGICO PERIODONTAL (POR SEXTANTE);4;22064
2023;7;Urgência;Média complexidade;0010529 - HRPL;0408020229 - REDUÇÃO INCRUENTA DE LUXAÇÃO / FRATURA-LUXAÇÃO DO COTOVELO;2;23863
2023;1;Urgência;Atenção Básica;5717515 - HRSM;0414020120 - EXODONTIA DE DENTE DECÍDUO;3;21990
2023;6;Eletivo;Média complexidade;0010472 - HRG;0404020054 - DRENAGEM DE ABSCESSO DA BOCA E ANEXOS;1;23454
2023;7;BPA-C;Média complexidade;9772243 - CEO - Paranoá;0414020375 - TRATAMENTO CIRÚRGICO PERIODONTAL (POR SEXTANTE);1;24042
2023;9;Eletivo;Alta complexidade;3055450 - CBV;0405050372 - FACOEMULSIFICACAO C/ IMPLANTE DE LENTE INTRA-OCULAR DOBRAVEL;31;24539
2023;12;Eletivo;Média complexidade;0010499 - HRT;0409040240 - VASECTOMIA;9;25387
2023;12;BPA-C;Média complexidade;9621709 - Policlínica II Taguatinga;0415040043 - DEBRIDAMENTO DE ULCERA / NECROSE;2;25515
2023;2;Eletivo;Média complexidade;0010510 - HUB;0409040240 - VASECTOMIA;2;22223
2023;7;BPA-C;Média complexidade;0010456 - HBDF;0404020445 - CONTENÇÃO DE DENTES POR SPLINTAGEM;5;23739
2023;11;Eletivo;Alta complexidade;0010464 - HRAN;0413010031 - CURATIVO EM GRANDE QUEIMADO;24;25050
2023;8;BPA-C;Média complexidade;9778136 - CEO - Asa Norte;0414020154 - GENGIVECTOMIA (POR SEXTANTE);1;24399
2023;3;BPA-C;Média complexidade;9578560 - CEO 11 - Ceilândia;0414020065 - CORREÇÃO DE TUBEROSIDADE DO MAXILAR;19;22654
2023;11;BPA-C;Média complexidade;9676473 - CEO - Ceilândia I;0414020162 - GENGIVOPLASTIA (POR SEXTANTE);1;25237
2023;8;BPA-C;Média complexidade;9772243 - CEO - Paranoá;0414020146 - EXODONTIA MÚLTIPLA COM ALVEOLOPLASTIA POR SEXTANTE;3;24393
2023;9;BPA-C;Média complexidade;0010472 - HRG;0405050364 - TRATAMENTO CIRURGICO DE PTERIGIO;63;24464
2023;10;Eletivo;Média complexidade;;0414020375 - TRATAMENTO CIRÚRGICO PERIODONTAL (POR SEXTANTE);1;25008
2023;9;Urgência;Média complexidade;7116756 - UPA São Sebastião;0404020097 - EXCISÃO E SUTURA DE LESÃO NA BOCA;1;24590
2023;3;Urgência;Atenção Básica;5717515 - HRSM;0414020383 - TRATAMENTO DE ALVEOLITE;1;22596
2023;7;Urgência;Média complexidade;5717515 - HRSM;0414020057 - CORREÇÃO DE IRREGULARIDADES DE REBORDO ALVEOLAR;7;23941
2023;5;Eletivo;Média complexidade;0010456 - HBDF;0404010318 - RETIRADA DE CORPO ESTRANHO DE OUVIDO / FARINGE / LARINGE / NARIZ;1;23052
2023;1;BPA-C;Média complexidade;9578560 - CEO 11 - Ceilândia;0414020146 - EXODONTIA MÚLTIPLA COM ALVEOLOPLASTIA POR SEXTANTE;7;22039
2023;3;BPA-C;Média complexidade;9622918 - CEO - Taguatinga;0414020146 - EXODONTIA MÚLTIPLA COM ALVEOLOPLASTIA POR SEXTANTE;3;22685
2023;1;BPA-C;Atenção Básica;0010464 - HRAN;0413010023 - ATENDIMENTO DE URGÊNCIA EM PEQUENO QUEIMADO;44;21860
2023;11;Urgência;Atenção Básica;5717515 - HRSM;0414020405 - ULOTOMIA/ULECTOMIA;1;25155
2023;5;BPA-C;Média complexidade;9772243 - CEO - Paranoá;0414020375 - TRATAMENTO CIRÚRGICO PERIODONTAL (POR SEXTANTE);1;23380
2023;2;BPA-C;Atenção Básica;9764860 - CEO - Gama;0414020138 - EXODONTIA DE DENTE PERMANENTE;2;22380
2023;6;Eletivo;Média complexidade;0010537 - HMIB;0414020073 - CURETAGEM PERIAPICAL;12;23524
2023;10;BPA-C;Atenção Básica;0010456 - HBDF;0414020138 - EXODONTIA DE DENTE PERMANENTE;58;24702
2023;6;Eletivo;Média complexidade;3055450 - CBV;0405030053 - INJECAO INTRA-VITREO;31;23549
2023;1;Eletivo;Média complexidade;0010537 - HMIB;0414020154 - GENGIVECTOMIA (POR SEXTANTE);1;21949
2023;5;BPA-C;Média complexidade;9578560 - CEO 11 - Ceilândia;0414020278 - REMOÇÃO DE DENTE RETIDO (INCLUSO / IMPACTADO);31;23298
2023;1;Eletivo;Alta complexidade;7491484 - Renal Vida;0418010048 - IMPLANTE DE CATETER DE LONGA PERMANÊNCIA P/ HEMODIALISE;2;22022
2023;1;BPA-C;Média complexidade;0010502 - HRS;0414020294 - REMOÇÃO DE TORUS E EXOSTOSES;1;21907
2023;4;Eletivo;Média complexidade;0010510 - HUB;0414020154 - GENGIVECTOMIA (POR SEXTANTE);1;22843
2023;9;Eletivo;Média complexidade;0010456 - HBDF;0405010036 - DACRIOCISTORRINOSTOMIA;1;24428
2023;4;Eletivo;Média complexidade;0010510 - HUB;0414020090 - ENXERTO ÓSSEO DE ÁREA DOADORA INTRABUCAL;2;22841
2023;3;BPA-C;Média complexidade;0010464 - HRAN;0405010141 - SIMBLEFAROPLASTIA;1;22452
2023;5;BPA-C;Média complexidade;0010502 - HRS;0406020132 - EXCISAO E SUTURA DE HEMANGIOMA;2;23126
2023;8;BPA-C;Atenção Básica;9690735 - CEO - Planaltina;0414020138 - EXODONTIA DE DENTE PERMANENTE;24;24364
2023;6;Eletivo;Alta complexidade;0010456 - HBDF;0418010064 - IMPLANTE DE CATETER DUPLO LUMEN P/HEMODIALISE;67;23398
2023;6;BPA-C;Média complexidade;9621709 - Policlínica II Taguatinga;0415040043 - DEBRIDAMENTO DE ULCERA / NECROSE;2;23642
2023;12;Eletivo;Média complexidade;3055450 - CBV;0405030134 - VITRECTOMIA ANTERIOR;35;25432
2023;10;BPA-C;Média complexidade;0010456 - HBDF;0404020615 - REDUÇÃO DE LUXAÇÃO TÊMPORO-MANDIBULAR;6;24708
2023;1;Eletivo;Média complexidade;7929129 - Clinica de Olhos Dr João Eugenio;0405050020 - CAPSULOTOMIA A YAG LASER;3;22026
2023;2;Eletivo;Alta complexidade;5479878 - Davita Sobradinho;0418010013 - CONFECCAO DE FISTULA ARTERIO-VENOSA C/ ENXERTIA DE POLITETRAFLUORETILENO (PTFE);1;22280
2023;2;BPA-C;Média complexidade;0010502 - HRS;0406020140 - EXCISAO E SUTURA DE LINFANGIOMA / NEVUS;1;22202
2023;11;Eletivo;Média complexidade;6876617 - HCB;0407010246 - RETIRADA DE CORPO ESTRANHO DO TUBO DIGESTIVO POR ENDOSCOPIA;1;25182
2023;3;Eletivo;Média complexidade;9715797 - CEO - Guará;0404020097 - EXCISÃO E SUTURA DE LESÃO NA BOCA;10;22703
2023;10;Eletivo;Média complexidade;3055450 - CBV;0405050119 - FACOEMULSIFICACAO C/ IMPLANTE DE LENTE INTRA-OCULAR RIGIDA;10;24823
2023;1;Urgência;Média complexidade;5717515 - HRSM;0404020445 - CONTENÇÃO DE DENTES POR SPLINTAGEM;1;22008
2023;12;BPA-C;Média complexidade;9578560 - CEO 11 - Ceilândia;0414020065 - CORREÇÃO DE TUBEROSIDADE DO MAXILAR;13;25506
2023;7;Eletivo;Média complexidade;5717515 - HRSM;0404020097 - EXCISÃO E SUTURA DE LESÃO NA BOCA;2;23926
2023;8;Eletivo;Média complexidade;6876617 - HCB;0404020089 - EXCISÃO DE RÂNULA OU FENÔMENO DE RETENÇÃO SALIVAR;1;24286
2023;12;Urgência;Média complexidade;5717515 - HRSM;0408020245 - REDUÇÃO INCRUENTA DE LUXAÇÃO OU FRATURA / LUXACAO NO PUNHO;2;25472
2023;11;BPA-C;Média complexidade;9622845 - CEO - Policlínica Taguatinga;0414020219 - ODONTOSECÇÃO / RADILECTOMIA / TUNELIZAÇÃO;22;25224
2023;1;Eletivo;Média complexidade;0010510 - HUB;0405030045 - FOTOCOAGULACAO A LASER;28;21917
2023;9;Eletivo;Média complexidade;5717515 - HRSM;0404020623 - RETIRADA DE MATERIAL DE SÍNTESE ÓSSEA / DENTÁRIA;1;24570
2023;10;Urgência;Média complexidade;0010456 - HBDF;0404010342 - TAMPONAMENTO NASAL ANTERIOR E/OU POSTERIOR;7;24727
2023;8;BPA-C;Média complexidade;9578560 - CEO 11 - Ceilândia;0414020375 - TRATAMENTO CIRÚRGICO PERIODONTAL (POR SEXTANTE);2;24311
2023;6;BPA-C;Média complexidade;9690719 - CEO - Sobradinho;0414020219 - ODONTOSECÇÃO / RADILECTOMIA / TUNELIZAÇÃO;29;23676
2023;1;Eletivo;Média complexidade;9622918 - CEO - Taguatinga;0404020054 - DRENAGEM DE ABSCESSO DA BOCA E ANEXOS;9;22065
2023;1;BPA-C;Atenção Básica;0010529 - HRPL;0404010300 - RETIRADA DE CORPO ESTRANHO DA CAVIDADE AUDITIVA E NASAL;1;21932
2023;10;Eletivo;Média complexidade;;0406020620 - RETIRADA DE CATETER DE LONGA PERMANÊNCIA SEMI OU TOTALMENTE IMPLANTÁVEL;1;24998
2023;7;BPA-C;Média complexidade;0010456 - HBDF;0414020278 - REMOÇÃO DE DENTE RETIDO (INCLUSO / IMPACTADO);7;23748
2023;8;Eletivo;Alta complexidade;0010456 - HBDF;0418010048 - IMPLANTE DE CATETER DE LONGA PERMANÊNCIA P/ HEMODIALISE;5;24056
2023;12;BPA-C;Média complexidade;0010456 - HBDF;0405040130 - INJECAO RETROBULBAR / PERIBULBAR;2;25324
2023;1;Eletivo;Média complexidade;5717515 - HRSM;0408060352 - RETIRADA DE FIO OU PINO INTRA-ÓSSEO;9;21998
2023;2;BPA-C;Atenção Básica;9778136 - CEO - Asa Norte;0414020120 - EXODONTIA DE DENTE DECÍDUO;3;22394
2023;4;Eletivo;Média complexidade;5717515 - HRSM;0404020631 - RETIRADA DE MEIOS DE FIXAÇÃO MAXILO-MANDIBULAR;1;22911
2023;5;BPA-C;Média complexidade;0010456 - HBDF;0414020073 - CURETAGEM PERIAPICAL;2;23047
2023;8;BPA-C;Atenção Básica;0011347 - Adolescentro;0414020120 - EXODONTIA DE DENTE DECÍDUO;8;24212
2023;8;Eletivo;Média complexidade;0010510 - HUB;0414020090 - ENXERTO ÓSSEO DE ÁREA DOADORA INTRABUCAL;7;24187
2023;7;BPA-C;Média complexidade;0010456 - HBDF;0414020057 - CORREÇÃO DE IRREGULARIDADES DE REBORDO ALVEOLAR;1;23745
2023;10;BPA-C;Atenção Básica;9772243 - CEO - Paranoá;0414020138 - EXODONTIA DE DENTE PERMANENTE;11;24964
2023;11;BPA-C;Média complexidade;9622918 - CEO - Taguatinga;0414020154 - GENGIVECTOMIA (POR SEXTANTE);3;25231
2023;8;Eletivo;Média complexidade;9516212 - Policlínica Paranoá;0409060089 - EXCISÃO TIPO I DO COLO UTERINO;4;24306
2023;9;Eletivo;Alta complexidade;0010456 - HBDF;0405050372 - FACOEMULSIFICACAO C/ IMPLANTE DE LENTE INTRA-OCULAR DOBRAVEL;4;24407
2023;9;BPA-C;Média complexidade;9778144 - Policlínica Asa Norte;0404010270 - REMOCAO DE CERUMEN DE CONDUTO AUDITIVO EXTERNO UNI / BILATERAL;18;24692
2023;11;Eletivo;Média complexidade;0010464 - HRAN;0409020036 - EXTRACAO ENDOSCOPICA DE CORPO ESTRANHO / CALCULO NA URETRA C/ CISTOSCOPIA;5;25061
2023;11;BPA-C;Atenção Básica;9578560 - CEO 11 - Ceilândia;0414020138 - EXODONTIA DE DENTE PERMANENTE;2;25208
2023;4;BPA-C;Média complexidade;9778136 - CEO - Asa Norte;0414020219 - ODONTOSECÇÃO / RADILECTOMIA / TUNELIZAÇÃO;2;23018
2023;1;Eletivo;Média complexidade;0010537 - HMIB;0414020375 - TRATAMENTO CIRÚRGICO PERIODONTAL (POR SEXTANTE);2;21953
2023;11;BPA-C;Média complexidade;9676473 - CEO - Ceilândia I;0414020278 - REMOÇÃO DE DENTE RETIDO (INCLUSO / IMPACTADO);6;25238
2023;3;Eletivo;Média complexidade;0010499 - HRT;0408020245 - REDUÇÃO INCRUENTA DE LUXAÇÃO OU FRATURA / LUXACAO NO PUNHO;1;22495
2023;4;BPA-C;Média complexidade;0010472 - HRG;0414020073 - CURETAGEM PERIAPICAL;5;22801
2023;2;Eletivo;Atenção Básica;0010510 - HUB;0414020383 - TRATAMENTO DE ALVEOLITE;1;22209
2023;6;Eletivo;Alta complexidade;5479878 - Davita Sobradinho;0418020035 - RETIRADA DE CATETER TIPO TENCKHOFF / SIMILAR DE LONGA PERMANÊNCIA;2;23571
2023;12;Urgência;Alta complexidade;0010502 - HRS;0418010048 - IMPLANTE DE CATETER DE LONGA PERMANÊNCIA P/ HEMODIALISE;7;25390
2023;11;Eletivo;Média complexidade;0010456 - HBDF;0405040202 - TRATAMENTO DE PTOSE PALPEBRAL;2;25040
2023;8;BPA-C;Média complexidade;0010456 - HBDF;0414020057 - CORREÇÃO DE IRREGULARIDADES DE REBORDO ALVEOLAR;3;24071
2023;4;BPA-C;Média complexidade;9778136 - CEO - Asa Norte;0414020278 - REMOÇÃO DE DENTE RETIDO (INCLUSO / IMPACTADO);93;23019
2023;10;Eletivo;Média complexidade;0010502 - HRS;0408060352 - RETIRADA DE FIO OU PINO INTRA-ÓSSEO;2;24783
2023;10;Eletivo;Média complexidade;0010472 - HRG;0407010254 - RETIRADA DE POLIPO DO TUBO DIGESTIVO POR ENDOSCOPIA;11;24756
2023;8;Urgência;Média complexidade;0010456 - HBDF;0404010318 - RETIRADA DE CORPO ESTRANHO DE OUVIDO / FARINGE / LARINGE / NARIZ;30;24089
2023;4;Eletivo;Alta complexidade;3055450 - CBV;0405050372 - FACOEMULSIFICACAO C/ IMPLANTE DE LENTE INTRA-OCULAR DOBRAVEL;15;22879
2023;12;BPA-C;Média complexidade;9772243 - CEO - Paranoá;0414020278 - REMOÇÃO DE DENTE RETIDO (INCLUSO / IMPACTADO);33;25558
2023;5;Urgência;Média complexidade;5717515 - HRSM;0404020615 - REDUÇÃO DE LUXAÇÃO TÊMPORO-MANDIBULAR;1;23248
2023;4;Eletivo;Média complexidade;0010456 - HBDF;0409010294 - NEFROSTOMIA PERCUTANEA;7;22776
2023;3;Eletivo;Média complexidade;5717515 - HRSM;0408020164 - REDUÇAO INCRUENTA DE FRATURA / LESÃO FISARIA DO EXTREMO PROXIMAL DO ÚMERO;1;22601
2023;6;BPA-C;Média complexidade;0010499 - HRT;0405010141 - SIMBLEFAROPLASTIA;1;23470
2023;11;Eletivo;Média complexidade;9778136 - CEO - Asa Norte;0404020038 - CORREÇÃO CIRÚRGICA DE FÍSTULA ORO-NASAL / ORO-SINUSAL;1;25279
2023;12;Eletivo;Alta complexidade;7491484 - Renal Vida;0418010064 - IMPLANTE DE CATETER DUPLO LUMEN P/HEMODIALISE;1;25487
2023;6;BPA-C;Média complexidade;9690735 - CEO - Planaltina;0414020154 - GENGIVECTOMIA (POR SEXTANTE);1;23686
2023;1;BPA-C;Média complexidade;9622845 - CEO - Policlínica Taguatinga;0414020219 - ODONTOSECÇÃO / RADILECTOMIA / TUNELIZAÇÃO;23;22055
2023;5;BPA-C;Média complexidade;5717515 - HRSM;0415040043 - DEBRIDAMENTO DE ULCERA / NECROSE;169;23231
2023;9;Eletivo;Média complexidade;0010464 - HRAN;0407010254 - RETIRADA DE POLIPO DO TUBO DIGESTIVO POR ENDOSCOPIA;4;24454
2023;7;Eletivo;Média complexidade;0010464 - HRAN;0404020054 - DRENAGEM DE ABSCESSO DA BOCA E ANEXOS;1;23778
2023;8;BPA-C;Média complexidade;9622918 - CEO - Taguatinga;0414020049 - CORREÇÃO DE BRIDAS MUSCULARES;2;24335
2023;3;Eletivo;Média complexidade;0010510 - HUB;0414020154 - GENGIVECTOMIA (POR SEXTANTE);1;22531
2023;10;BPA-C;Atenção Básica;9578560 - CEO 11 - Ceilândia;0414020120 - EXODONTIA DE DENTE DECÍDUO;10;24889
2023;3;Urgência;Média complexidade;0010529 - HRPL;0409070122 - DRENAGEM DE GLANDULA DE BARTHOLIN / SKENE;2;22544
2023;2;BPA-C;Média complexidade;9778144 - Policlínica Asa Norte;0404010270 - REMOCAO DE CERUMEN DE CONDUTO AUDITIVO EXTERNO UNI / BILATERAL;40;22399
2023;5;BPA-C;Atenção Básica;0010499 - HRT;0414020138 - EXODONTIA DE DENTE PERMANENTE;21;23111
2023;10;Eletivo;Média complexidade;;0409050083 - POSTECTOMIA;1;25002
2023;4;Eletivo;Alta complexidade;5479878 - Davita Sobradinho;0418020019 - INTERVENCAO EM FISTULA ARTERIO-VENOSA;3;22899
2023;6;Eletivo;Alta complexidade;0010464 - HRAN;0413010031 - CURATIVO EM GRANDE QUEIMADO;72;23433
2023;11;Urgência;Média complexidade;7592477 - UPA Sobradinho;0404020097 - EXCISÃO E SUTURA DE LESÃO NA BOCA;35;25193
2023;10;BPA-C;Média complexidade;9772243 - CEO - Paranoá;0414020294 - REMOÇÃO DE TORUS E EXOSTOSES;1;24969
2023;1;Eletivo;Média complexidade;0010456 - HBDF;0405030126 - TRATAMENTO CIRURGICO DE NEOPLASIA DE ESCLERA;1;21843
2023;3;Eletivo;Média complexidade;9622845 - CEO - Policlínica Taguatinga;0404020089 - EXCISÃO DE RÂNULA OU FENÔMENO DE RETENÇÃO SALIVAR;1;22678
2023;4;Eletivo;Alta complexidade;3224228 - Renal Care;0418010030 - CONFECCAO DE FISTULA ARTERIO-VENOSA P/ HEMODIALISE;2;22890
2023;6;Eletivo;Média complexidade;0010464 - HRAN;0407040196 - PARACENTESE ABDOMINAL;1;23444
2023;11;Eletivo;Média complexidade;0010537 - HMIB;0414020057 - CORREÇÃO DE IRREGULARIDADES DE REBORDO ALVEOLAR;31;25115
2023;5;Eletivo;Média complexidade;9715797 - CEO - Guará;0404020097 - EXCISÃO E SUTURA DE LESÃO NA BOCA;1;23361
2023;10;BPA-C;Média complexidade;0939145 - UPA Gama;0415040043 - DEBRIDAMENTO DE ULCERA / NECROSE;1;24804
2023;6;BPA-C;Média complexidade;9690719 - CEO - Sobradinho;0414020278 - REMOÇÃO DE DENTE RETIDO (INCLUSO / IMPACTADO);58;23677
2023;9;BPA-C;Média complexidade;2645157 - HRL;0406020140 - EXCISAO E SUTURA DE LINFANGIOMA / NEVUS;1;24533
2023;11;BPA-C;Atenção Básica;0010456 - HBDF;0414020383 - TRATAMENTO DE ALVEOLITE;1;25014
2023;2;Eletivo;Alta complexidade;0010456 - HBDF;0418010080 - IMPLANTE DE CATETER TIPO TENCKHOFF OU SIMILAR P/ DPA/DPAC;2;22119
2023;8;Eletivo;Média complexidade;3055450 - CBV;0405050119 - FACOEMULSIFICACAO C/ IMPLANTE DE LENTE INTRA-OCULAR RIGIDA;16;24233
2023;4;BPA-C;Média complexidade;0010456 - HBDF;0404010091 - DUCHA DE POLITZER (UNI / BILATERAL);3;22744
2023;3;Eletivo;Atenção Básica;5717515 - HRSM;0414020120 - EXODONTIA DE DENTE DECÍDUO;1;22592
2023;6;Urgência;Média complexidade;7592477 - UPA Sobradinho;0404020097 - EXCISÃO E SUTURA DE LESÃO NA BOCA;1;23617
2023;7;Eletivo;Atenção Básica;0010480 - HRC;0414020138 - EXODONTIA DE DENTE PERMANENTE;1;23807
2023;9;BPA-C;Média complexidade;0010456 - HBDF;0414020073 - CURETAGEM PERIAPICAL;1;24421
2023;3;BPA-C;Média complexidade;9778136 - CEO - Asa Norte;0414020154 - GENGIVECTOMIA (POR SEXTANTE);1;22725
2023;7;BPA-C;Média complexidade;9676473 - CEO - Ceilândia I;0414020073 - CURETAGEM PERIAPICAL;9;24005
2023;12;Eletivo;Média complexidade;2779366 - Oftalmed Matriz;0405050020 - CAPSULOTOMIA A YAG LASER;10;25427
2023;10;BPA-C;Média complexidade;9622918 - CEO - Taguatinga;0414020146 - EXODONTIA MÚLTIPLA COM ALVEOLOPLASTIA POR SEXTANTE;2;24920
2023;2;BPA-C;Atenção Básica;0010472 - HRG;0413010023 - ATENDIMENTO DE URGÊNCIA EM PEQUENO QUEIMADO;1;22174
2023;8;BPA-C;Média complexidade;0010464 - HRAN;0405050364 - TRATAMENTO CIRURGICO DE PTERIGIO;25;24097
2023;3;Eletivo;Alta complexidade;0010510 - HUB;0418010064 - IMPLANTE DE CATETER DUPLO LUMEN P/HEMODIALISE;2;22513
2023;7;Eletivo;Média complexidade;0010510 - HUB;0414020219 - ODONTOSECÇÃO / RADILECTOMIA / TUNELIZAÇÃO;13;23853
2023;1;Urgência;Alta complexidade;0010502 - HRS;0418010048 - IMPLANTE DE CATETER DE LONGA PERMANÊNCIA P/ HEMODIALISE;1;21901
2023;6;Eletivo;Alta complexidade;7494424 - Ultramed;0418010048 - IMPLANTE DE CATETER DE LONGA PERMANÊNCIA P/ HEMODIALISE;2;23614
2023;5;Urgência;Média complexidade;0010529 - HRPL;0408060352 - RETIRADA DE FIO OU PINO INTRA-ÓSSEO;15;23168
2023;6;Eletivo;Média complexidade;0010456 - HBDF;0407010254 - RETIRADA DE POLIPO DO TUBO DIGESTIVO POR ENDOSCOPIA;13;23427
2023;5;BPA-C;Atenção Básica;0010456 - HBDF;0404010300 - RETIRADA DE CORPO ESTRANHO DA CAVIDADE AUDITIVA E NASAL;3;23031
2023;1;BPA-C;Média complexidade;9772243 - CEO - Paranoá;0414020278 - REMOÇÃO DE DENTE RETIDO (INCLUSO / IMPACTADO);14;22104
2023;11;BPA-C;Atenção Básica;9778136 - CEO - Asa Norte;0414020120 - EXODONTIA DE DENTE DECÍDUO;5;25273
2023;8;Eletivo;Atenção Básica;9764860 - CEO - Gama;0414020430 - EXODONTIA DE DENTE SUPRANUMERÁRIO;1;24381
2023;10;BPA-C;Média complexidade;9516212 - Policlínica Paranoá;0409060097 - EXERESE DE POLIPO DE UTERO;4;24883
2023;11;BPA-C;Média complexidade;0010456 - HBDF;0405050305 - SUTURA DE CORNEA;1;25026
2023;1;Eletivo;Média complexidade;5717515 - HRSM;0404020623 - RETIRADA DE MATERIAL DE SÍNTESE ÓSSEA / DENTÁRIA;6;21997
2023;1;BPA-C;Média complexidade;9578560 - CEO 11 - Ceilândia;0414020065 - CORREÇÃO DE TUBEROSIDADE DO MAXILAR;7;22038
2023;8;BPA-C;Média complexidade;9690735 - CEO - Planaltina;0414020073 - CURETAGEM PERIAPICAL;7;24365
2023;1;Eletivo;Atenção Básica;0010510 - HUB;0414020138 - EXODONTIA DE DENTE PERMANENTE;130;21914
2023;7;Eletivo;Média complexidade;0010499 - HRT;0409070122 - DRENAGEM DE GLANDULA DE BARTHOLIN / SKENE;1;23821
2023;4;Eletivo;Média complexidade;9516212 - Policlínica Paranoá;0409060089 - EXCISÃO TIPO I DO COLO UTERINO;6;22948
2023;3;BPA-C;Média complexidade;9778144 - Policlínica Asa Norte;0404010270 - REMOCAO DE CERUMEN DE CONDUTO AUDITIVO EXTERNO UNI / BILATERAL;45;22730
2023;9;Eletivo;Média complexidade;0010510 - HUB;0406020620 - RETIRADA DE CATETER DE LONGA PERMANÊNCIA SEMI OU TOTALMENTE IMPLANTÁVEL;2;24505
2023;8;Eletivo;Atenção Básica;9622918 - CEO - Taguatinga;0414020430 - EXODONTIA DE DENTE SUPRANUMERÁRIO;3;24331
2023;9;Urgência;Média complexidade;5717515 - HRSM;0404020054 - DRENAGEM DE ABSCESSO DA BOCA E ANEXOS;10;24579
2023;12;Eletivo;Média complexidade;9715797 - CEO - Guará;0404020097 - EXCISÃO E SUTURA DE LESÃO NA BOCA;4;25551
2023;3;BPA-C;Média complexidade;0010464 - HRAN;0406020132 - EXCISAO E SUTURA DE HEMANGIOMA;1;22456
2023;9;Eletivo;Média complexidade;0010464 - HRAN;0405050089 - EXERESE DE TUMOR DE CONJUNTIVA;2;24453
2023;4;BPA-C;Atenção Básica;9772243 - CEO - Paranoá;0414020120 - EXODONTIA DE DENTE DECÍDUO;4;23008
2023;12;Eletivo;Média complexidade;3055450 - CBV;0405030096 - SUTURA DE ESCLERA;60;25431
2023;10;Eletivo;Alta complexidade;;0418020035 - RETIRADA DE CATETER TIPO TENCKHOFF / SIMILAR DE LONGA PERMANÊNCIA;3;24990
2023;5;Eletivo;Média complexidade;0010510 - HUB;0409040240 - VASECTOMIA;2;23151
2023;10;BPA-C;Média complexidade;0010464 - HRAN;0405050364 - TRATAMENTO CIRURGICO DE PTERIGIO;20;24734
2023;6;BPA-C;Atenção Básica;2649527 - HAB;0414020120 - EXODONTIA DE DENTE DECÍDUO;22;23535
2023;1;BPA-C;Atenção Básica;9764860 - CEO - Gama;0414020138 - EXODONTIA DE DENTE PERMANENTE;12;22094
2023;2;Eletivo;Média complexidade;0010510 - HUB;0409070173 - EXTRACAO DE CORPO ESTRANHO DA VAGINA;1;22225
2023;3;Eletivo;Alta complexidade;0010510 - HUB;0418010048 - IMPLANTE DE CATETER DE LONGA PERMANÊNCIA P/ HEMODIALISE;5;22512
2023;7;BPA-C;Média complexidade;0010502 - HRS;0406020140 - EXCISAO E SUTURA DE LINFANGIOMA / NEVUS;1;23827
2023;9;Eletivo;Média complexidade;3055450 - CBV;0405030150 - VITRIOLISE A YAG LASER;4;24543
2023;12;BPA-C;Média complexidade;9772243 - CEO - Paranoá;0414020073 - CURETAGEM PERIAPICAL;12;25554
2023;7;BPA-C;Média complexidade;0010502 - HRS;0414020278 - REMOÇÃO DE DENTE RETIDO (INCLUSO / IMPACTADO);2;23831
2023;5;BPA-C;Média complexidade;0010537 - HMIB;0404010369 - TIMPANOTOMIA P/ TUBO DE VENTILACAO;1;23173
2023;2;BPA-C;Média complexidade;9414754 - Policlínica Sobradinho;0405050364 - TRATAMENTO CIRURGICO DE PTERIGIO;13;22325
2023;5;Eletivo;Alta complexidade;5479878 - Davita Sobradinho;0418020035 - RETIRADA DE CATETER TIPO TENCKHOFF / SIMILAR DE LONGA PERMANÊNCIA;3;23222
2023;2;BPA-C;Média complexidade;9621709 - Policlínica II Taguatinga;0415040043 - DEBRIDAMENTO DE ULCERA / NECROSE;2;22344
2023;4;Eletivo;Média complexidade;0010456 - HBDF;0404010342 - TAMPONAMENTO NASAL ANTERIOR E/OU POSTERIOR;1;22763
2023;7;Eletivo;Média complexidade;0010456 - HBDF;0405010036 - DACRIOCISTORRINOSTOMIA;2;23750
2023;2;BPA-C;Média complexidade;5717515 - HRSM;0415040043 - DEBRIDAMENTO DE ULCERA / NECROSE;46;22290
2023;5;BPA-C;Atenção Básica;9764860 - CEO - Gama;0414020383 - TRATAMENTO DE ALVEOLITE;7;23364
2023;1;BPA-C;Média complexidade;0010464 - HRAN;0404010156 - INFILTRACAO MEDICAMENTOSA EM CORNETO INFERIOR;1;21861
2023;8;Eletivo;Média complexidade;0010510 - HUB;0414020073 - CURETAGEM PERIAPICAL;85;24186
2023;9;Eletivo;Média complexidade;9516212 - Policlínica Paranoá;0409060089 - EXCISÃO TIPO I DO COLO UTERINO;1;24604
2023;5;BPA-C;Média complexidade;9622845 - CEO - Policlínica Taguatinga;0414020375 - TRATAMENTO CIRÚRGICO PERIODONTAL (POR SEXTANTE);11;23318
2023;12;Eletivo;Média complexidade;;0405050194 - IRIDOTOMIA A LASER;10;25586
2023;10;BPA-C;Média complexidade;9622918 - CEO - Taguatinga;0414020219 - ODONTOSECÇÃO / RADILECTOMIA / TUNELIZAÇÃO;10;24922
2023;8;BPA-C;Média complexidade;9621709 - Policlínica II Taguatinga;0413040011 - AUTONOMIZACAO DE RETALHO;1;24315
2023;12;Urgência;Média complexidade;7111924 - UPA Núcleo Bandeirante;0412050170 - TORACOCENTESE/DRENAGEM DE PLEURA;3;25484
2023;6;Eletivo;Média complexidade;0010456 - HBDF;0405050119 - FACOEMULSIFICACAO C/ IMPLANTE DE LENTE INTRA-OCULAR RIGIDA;7;23425
2023;4;BPA-C;Atenção Básica;9622918 - CEO - Taguatinga;0414020383 - TRATAMENTO DE ALVEOLITE;2;22976
2023;10;Eletivo;Média complexidade;0010464 - HRAN;0409040240 - VASECTOMIA;48;24748
2023;3;Eletivo;Média complexidade;0010510 - HUB;0407040196 - PARACENTESE ABDOMINAL;13;22523
2023;4;Eletivo;Alta complexidade;2779420 - Davita NEFRO Asa Sul;0418020035 - RETIRADA DE CATETER TIPO TENCKHOFF / SIMILAR DE LONGA PERMANÊNCIA;1;22878
2023;7;Eletivo;Média complexidade;3055450 - CBV;0405030053 - INJECAO INTRA-VITREO;37;23896
2023;4;Eletivo;Alta complexidade;9967486 - IBRANE;0418010064 - IMPLANTE DE CATETER DUPLO LUMEN P/HEMODIALISE;7;23026
2023;1;Eletivo;Média complexidade;0010464 - HRAN;0409060089 - EXCISÃO TIPO I DO COLO UTERINO;3;21871
2023;7;Eletivo;Média complexidade;3055450 - CBV;0405030150 - VITRIOLISE A YAG LASER;2;23899
2023;4;Urgência;Média complexidade;0010529 - HRPL;0408060352 - RETIRADA DE FIO OU PINO INTRA-ÓSSEO;10;22853
2023;2;BPA-C;Média complexidade;9676473 - CEO - Ceilândia I;0414020073 - CURETAGEM PERIAPICAL;5;22369
2023;6;BPA-C;Média complexidade;0010456 - HBDF;0404020674 - RECONSTRUÇÃO PARCIAL DO LÁBIO TRAUMATIZADO;2;23408
2023;10;Eletivo;Média complexidade;9690719 - CEO - Sobradinho;0404020313 - RETIRADA DE CORPO ESTRANHO DOS OSSOS DA FACE;1;24942
2023;11;BPA-C;Atenção Básica;9764860 - CEO - Gama;0414020383 - TRATAMENTO DE ALVEOLITE;9;25258
2023;6;BPA-C;Média complexidade;9778144 - Policlínica Asa Norte;0404010270 - REMOCAO DE CERUMEN DE CONDUTO AUDITIVO EXTERNO UNI / BILATERAL;41;23725
2023;1;BPA-C;Média complexidade;9690719 - CEO - Sobradinho;0406020132 - EXCISAO E SUTURA DE HEMANGIOMA;1;22077
2023;8;BPA-C;Média complexidade;9676473 - CEO - Ceilândia I;0414020278 - REMOÇÃO DE DENTE RETIDO (INCLUSO / IMPACTADO);31;24349
2023;11;BPA-C;Média complexidade;9715797 - CEO - Guará;0414020073 - CURETAGEM PERIAPICAL;13;25254
2023;12;Eletivo;Média complexidade;0010456 - HBDF;0407010254 - RETIRADA DE POLIPO DO TUBO DIGESTIVO POR ENDOSCOPIA;4;25343
2023;8;Eletivo;Média complexidade;2779366 - Oftalmed Matriz;0405050020 - CAPSULOTOMIA A YAG LASER;7;24222
2023;10;BPA-C;Média complexidade;9715797 - CEO - Guará;0414020073 - CURETAGEM PERIAPICAL;14;24950
2023;8;BPA-C;Média complexidade;9676473 - CEO - Ceilândia I;0414020219 - ODONTOSECÇÃO / RADILECTOMIA / TUNELIZAÇÃO;7;24348
2023;9;BPA-C;Atenção Básica;9764860 - CEO - Gama;0414020383 - TRATAMENTO DE ALVEOLITE;1;24669
2023;2;BPA-C;Média complexidade;0010499 - HRT;0405050259 - RETIRADA DE CORPO ESTRANHO DA CORNEA;53;22192
2023;5;BPA-C;Média complexidade;0010464 - HRAN;0405050364 - TRATAMENTO CIRURGICO DE PTERIGIO;10;23072
2023;12;Eletivo;Média complexidade;0010537 - HMIB;0414020057 - CORREÇÃO DE IRREGULARIDADES DE REBORDO ALVEOLAR;40;25406
2023;5;Eletivo;Atenção Básica;5717515 - HRSM;0414020120 - EXODONTIA DE DENTE DECÍDUO;2;23225
2023;1;Eletivo;Média complexidade;0010510 - HUB;0414020278 - REMOÇÃO DE DENTE RETIDO (INCLUSO / IMPACTADO);79;21930
2023;10;BPA-C;Média complexidade;9622918 - CEO - Taguatinga;0414020057 - CORREÇÃO DE IRREGULARIDADES DE REBORDO ALVEOLAR;18;24917
2023;4;Urgência;Média complexidade;0010456 - HBDF;0404010318 - RETIRADA DE CORPO ESTRANHO DE OUVIDO / FARINGE / LARINGE / NARIZ;1;22777
2023;12;Urgência;Média complexidade;5717515 - HRSM;0414020278 - REMOÇÃO DE DENTE RETIDO (INCLUSO / IMPACTADO);5;25476
2023;1;BPA-C;Média complexidade;9578501 - Policlínica II Ceilândia;0407010319 - TRATAMENTO ESCLEROSANTE / LIGADURA ELASTICA DE LESAO HEMORRAGICA DO APARELHO DIGESTIVO;3;22030
2023;7;Eletivo;Média complexidade;0010464 - HRAN;0405050089 - EXERESE DE TUMOR DE CONJUNTIVA;1;23784
2023;4;BPA-C;Média complexidade;6876617 - HCB;0408060654 - TRATAMENTO CIRÚRGICO DE POLIDACTILIA NÃO ARTICULADA;1;22937
2023;11;Urgência;Média complexidade;0010529 - HRPL;0408020202 - REDUÇÃO INCRUENTA DE FRATURA DIAFISARIA DOS OSSOS DO ANTEBRAÇO;2;25106
2023;10;Eletivo;Média complexidade;3055450 - CBV;0405030215 - RETINOPEXIA PNEUMÁTICA;50;24820
2023;4;Eletivo;Atenção Básica;0010510 - HUB;0414020359 - TRATAMENTO CIRÚRGICO DE HEMORRAGIA BUCO-DENTAL;1;22832
2023;8;Eletivo;Média complexidade;0010464 - HRAN;0413040151 - TRANSFERENCIA INTERMEDIARIA DE RETALHO;1;24114
2023;3;Eletivo;Média complexidade;0010456 - HBDF;0405030053 - INJECAO INTRA-VITREO;55;22434
2023;12;BPA-C;Média complexidade;9778136 - CEO - Asa Norte;0414020073 - CURETAGEM PERIAPICAL;3;25562
2023;4;BPA-C;Média complexidade;9764860 - CEO - Gama;0414020219 - ODONTOSECÇÃO / RADILECTOMIA / TUNELIZAÇÃO;33;23005
2023;10;BPA-C;Média complexidade;9622845 - CEO - Policlínica Taguatinga;0414020057 - CORREÇÃO DE IRREGULARIDADES DE REBORDO ALVEOLAR;1;24908
2023;6;BPA-C;Média complexidade;0010499 - HRT;0405010060 - EPILACAO DE CILIOS;2;23469
2023;5;BPA-C;Atenção Básica;2649527 - HAB;0414020120 - EXODONTIA DE DENTE DECÍDUO;13;23193
2023;2;Eletivo;Média complexidade;3055450 - CBV;0405030045 - FOTOCOAGULACAO A LASER;4;22264
2023;5;Eletivo;Atenção Básica;0010510 - HUB;0414020383 - TRATAMENTO DE ALVEOLITE;1;23137
2023;10;Eletivo;Média complexidade;0010537 - HMIB;0414020073 - CURETAGEM PERIAPICAL;39;24795
2023;12;Eletivo;Atenção Básica;5717515 - HRSM;0414020138 - EXODONTIA DE DENTE PERMANENTE;7;25449
2023;7;BPA-C;Média complexidade;0010472 - HRG;0414020073 - CURETAGEM PERIAPICAL;4;23796
2023;11;Eletivo;Média complexidade;0010464 - HRAN;0407020136 - DRENAGEM DE ABSCESSO ANU-RETAL;1;25060
2023;1;BPA-C;Atenção Básica;7592477 - UPA Sobradinho;0414020138 - EXODONTIA DE DENTE PERMANENTE;1;22024
2023;8;BPA-C;Média complexidade;0010499 - HRT;0409060097 - EXERESE DE POLIPO DE UTERO;2;24141
2023;6;Eletivo;Média complexidade;9690719 - CEO - Sobradinho;0404020313 - RETIRADA DE CORPO ESTRANHO DOS OSSOS DA FACE;1;23682
2023;1;Eletivo;Alta complexidade;0010502 - HRS;0418010030 - CONFECCAO DE FISTULA ARTERIO-VENOSA P/ HEMODIALISE;1;21898
2023;10;BPA-C;Média complexidade;9622918 - CEO - Taguatinga;0414020065 - CORREÇÃO DE TUBEROSIDADE DO MAXILAR;10;24918
2023;2;Eletivo;Média complexidade;0010464 - HRAN;0412050170 - TORACOCENTESE/DRENAGEM DE PLEURA;2;22170
2023;11;BPA-C;Atenção Básica;0010464 - HRAN;0413010023 - ATENDIMENTO DE URGÊNCIA EM PEQUENO QUEIMADO;8;25051
2023;8;BPA-C;Atenção Básica;0010472 - HRG;0414020138 - EXODONTIA DE DENTE PERMANENTE;22;24116
2023;5;BPA-C;Média complexidade;9764860 - CEO - Gama;0414020243 - REIMPLANTE E TRANSPLANTE DENTAL (POR ELEMENTO);1;23370
2023;3;BPA-C;Atenção Básica;9622845 - CEO - Policlínica Taguatinga;0414020138 - EXODONTIA DE DENTE PERMANENTE;7;22670
2023;1;Eletivo;Alta complexidade;2779420 - Davita NEFRO Asa Sul;0418020019 - INTERVENCAO EM FISTULA ARTERIO-VENOSA;1;21966
2023;7;Eletivo;Média complexidade;0010510 - HUB;0405010184 - TRATAMENTO CIRURGICO DE BLEFAROCALASE;12;23843
2023;9;BPA-C;Média complexidade;0010472 - HRG;0414020219 - ODONTOSECÇÃO / RADILECTOMIA / TUNELIZAÇÃO;2;24467
2023;10;Eletivo;Média complexidade;6876617 - HCB;0406020620 - RETIRADA DE CATETER DE LONGA PERMANÊNCIA SEMI OU TOTALMENTE IMPLANTÁVEL;2;24869
2023;8;BPA-C;Média complexidade;9676473 - CEO - Ceilândia I;0414020375 - TRATAMENTO CIRÚRGICO PERIODONTAL (POR SEXTANTE);7;24350
2023;10;Urgência;Média complexidade;0010456 - HBDF;0404010318 - RETIRADA DE CORPO ESTRANHO DE OUVIDO / FARINGE / LARINGE / NARIZ;80;24726
2023;11;BPA-C;Média complexidade;9622845 - CEO - Policlínica Taguatinga;0414020375 - TRATAMENTO CIRÚRGICO PERIODONTAL (POR SEXTANTE);14;25225
2023;5;Eletivo;Alta complexidade;0010499 - HRT;0405050372 - FACOEMULSIFICACAO C/ IMPLANTE DE LENTE INTRA-OCULAR DOBRAVEL;133;23105
2023;2;BPA-C;Média complexidade;9772243 - CEO - Paranoá;0414020278 - REMOÇÃO DE DENTE RETIDO (INCLUSO / IMPACTADO);12;22393
2023;10;Eletivo;Média complexidade;;0414020219 - ODONTOSECÇÃO / RADILECTOMIA / TUNELIZAÇÃO;38;25006
2023;12;Eletivo;Alta complexidade;7491484 - Renal Vida;0418020035 - RETIRADA DE CATETER TIPO TENCKHOFF / SIMILAR DE LONGA PERMANÊNCIA;1;25488
2023;6;BPA-C;Média complexidade;9621709 - Policlínica II Taguatinga;0407010319 - TRATAMENTO ESCLEROSANTE / LIGADURA ELASTICA DE LESAO HEMORRAGICA DO APARELHO DIGESTIVO;1;23641
2023;9;Eletivo;Média complexidade;0010464 - HRAN;0407020136 - DRENAGEM DE ABSCESSO ANU-RETAL;1;24455
2023;12;Eletivo;Média complexidade;;0409040240 - VASECTOMIA;1;25593
2023;8;Eletivo;Média complexidade;0010456 - HBDF;0409010294 - NEFROSTOMIA PERCUTANEA;2;24088
2023;7;BPA-C;Média complexidade;9690719 - CEO - Sobradinho;0414020022 - APICECTOMIA COM OU SEM OBTURAÇÃO RETRÓGRADA;2;24015
2023;1;Eletivo;Atenção Básica;9578560 - CEO 11 - Ceilândia;0414020430 - EXODONTIA DE DENTE SUPRANUMERÁRIO;4;22035
2023;3;BPA-C;Média complexidade;5598575 - Policlínica Gama;0404010270 - REMOCAO DE CERUMEN DE CONDUTO AUDITIVO EXTERNO UNI / BILATERAL;112;22590
2023;12;Eletivo;Média complexidade;3548104 - Centro da Visao;0405050020 - CAPSULOTOMIA A YAG LASER;67;25444
2023;8;Eletivo;Média complexidade;5717515 - HRSM;0414010361 - EXERESE DE CISTO ODONTOGÊNICO E NÃO-ODONTOGÊNICO;2;24259
2023;6;Eletivo;Média complexidade;0010537 - HMIB;0404020623 - RETIRADA DE MATERIAL DE SÍNTESE ÓSSEA / DENTÁRIA;6;23522
2023;1;Eletivo;Alta complexidade;9967486 - IBRANE;0418010064 - IMPLANTE DE CATETER DUPLO LUMEN P/HEMODIALISE;8;22115
2023;3;Urgência;Média complexidade;5717515 - HRSM;0414020057 - CORREÇÃO DE IRREGULARIDADES DE REBORDO ALVEOLAR;8;22617
2023;7;BPA-C;Média complexidade;9764860 - CEO - Gama;0414020278 - REMOÇÃO DE DENTE RETIDO (INCLUSO / IMPACTADO);59;24035
2023;1;BPA-C;Média complexidade;9690735 - CEO - Planaltina;0414020219 - ODONTOSECÇÃO / RADILECTOMIA / TUNELIZAÇÃO;31;22084
2023;7;Eletivo;Alta complexidade;0010502 - HRS;0418010064 - IMPLANTE DE CATETER DUPLO LUMEN P/HEMODIALISE;6;23823
2023;1;BPA-C;Média complexidade;0010456 - HBDF;0407010319 - TRATAMENTO ESCLEROSANTE / LIGADURA ELASTICA DE LESAO HEMORRAGICA DO APARELHO DIGESTIVO;1;21834
2023;7;Eletivo;Média complexidade;5717515 - HRSM;0408060352 - RETIRADA DE FIO OU PINO INTRA-ÓSSEO;5;23930
2023;5;BPA-C;Atenção Básica;0010529 - HRPL;0404010300 - RETIRADA DE CORPO ESTRANHO DA CAVIDADE AUDITIVA E NASAL;1;23159
2023;10;BPA-C;Média complexidade;9622918 - CEO - Taguatinga;0414020022 - APICECTOMIA COM OU SEM OBTURAÇÃO RETRÓGRADA;2;24916
2023;1;BPA-C;Atenção Básica;9764860 - CEO - Gama;0414020120 - EXODONTIA DE DENTE DECÍDUO;4;22093
2023;3;Eletivo;Média complexidade;0010456 - HBDF;0405010125 - RECONSTITUICAO PARCIAL DE PALPEBRA COM TARSORRAFIA;1;22432
2023;10;Eletivo;Alta complexidade;2779420 - Davita NEFRO Asa Sul;0418010030 - CONFECCAO DE FISTULA ARTERIO-VENOSA P/ HEMODIALISE;2;24813
2023;8;BPA-C;Atenção Básica;9764860 - CEO - Gama;0414020383 - TRATAMENTO DE ALVEOLITE;5;24380
2023;3;BPA-C;Média complexidade;9622918 - CEO - Taguatinga;0414020375 - TRATAMENTO CIRÚRGICO PERIODONTAL (POR SEXTANTE);8;22688
2023;1;Eletivo;Alta complexidade;0010456 - HBDF;0405050372 - FACOEMULSIFICACAO C/ IMPLANTE DE LENTE INTRA-OCULAR DOBRAVEL;84;21817
2023;3;Urgência;Média complexidade;5717515 - HRSM;0404010342 - TAMPONAMENTO NASAL ANTERIOR E/OU POSTERIOR;1;22612
2023;9;Eletivo;Alta complexidade;3548104 - Centro da Visao;0405050372 - FACOEMULSIFICACAO C/ IMPLANTE DE LENTE INTRA-OCULAR DOBRAVEL;21;24554
2023;4;BPA-C;Média complexidade;9516212 - Policlínica Paranoá;0409060097 - EXERESE DE POLIPO DE UTERO;1;22947
2023;4;BPA-C;Atenção Básica;2649527 - HAB;0414020120 - EXODONTIA DE DENTE DECÍDUO;2;22870
2023;9;Eletivo;Média complexidade;2672197 - HRSam;0409070122 - DRENAGEM DE GLANDULA DE BARTHOLIN / SKENE;1;24534
2023;8;Eletivo;Atenção Básica;0010510 - HUB;0414020120 - EXODONTIA DE DENTE DECÍDUO;4;24167
2023;9;BPA-C;Média complexidade;9676473 - CEO - Ceilândia I;0414020073 - CURETAGEM PERIAPICAL;29;24647
2023;8;BPA-C;Atenção Básica;0010596 - Cent. Espec. Doenças Infecciosas;0414020120 - EXODONTIA DE DENTE DECÍDUO;1;24207
2023;7;Eletivo;Média complexidade;5717515 - HRSM;0414020057 - CORREÇÃO DE IRREGULARIDADES DE REBORDO ALVEOLAR;74;23931
2023;8;Eletivo;Média complexidade;0010510 - HUB;0414020375 - TRATAMENTO CIRÚRGICO PERIODONTAL (POR SEXTANTE);2;24190
2023;1;Eletivo;Média complexidade;0010537 - HMIB;0414020073 - CURETAGEM PERIAPICAL;47;21948
2023;5;Urgência;Média complexidade;6708714 - UPA Tipo III Samambaia;0412050170 - TORACOCENTESE/DRENAGEM DE PLEURA;1;23257
2023;7;Eletivo;Média complexidade;3055450 - CBV;0405050119 - FACOEMULSIFICACAO C/ IMPLANTE DE LENTE INTRA-OCULAR RIGIDA;14;23903
2023;6;BPA-C;Média complexidade;0010464 - HRAN;0405010141 - SIMBLEFAROPLASTIA;1;23435
2023;3;BPA-C;Média complexidade;9621709 - Policlínica II Taguatinga;0404010270 - REMOCAO DE CERUMEN DE CONDUTO AUDITIVO EXTERNO UNI / BILATERAL;156;22662
2023;10;Eletivo;Média complexidade;0010464 - HRAN;0405040130 - INJECAO RETROBULBAR / PERIBULBAR;1;24744
2023;7;Urgência;Média complexidade;0010529 - HRPL;0408060352 - RETIRADA DE FIO OU PINO INTRA-ÓSSEO;6;23864
2023;11;Eletivo;Média complexidade;;0414020278 - REMOÇÃO DE DENTE RETIDO (INCLUSO / IMPACTADO);57;25309
2023;1;BPA-C;Atenção Básica;0010499 - HRT;0414020405 - ULOTOMIA/ULECTOMIA;1;21889
2023;3;Eletivo;Média complexidade;5717515 - HRSM;0414010361 - EXERESE DE CISTO ODONTOGÊNICO E NÃO-ODONTOGÊNICO;1;22604
2023;3;BPA-C;Média complexidade;9578560 - CEO 11 - Ceilândia;0414020243 - REIMPLANTE E TRANSPLANTE DENTAL (POR ELEMENTO);1;22657
2023;5;BPA-C;Atenção Básica;9578560 - CEO 11 - Ceilândia;0414020138 - EXODONTIA DE DENTE PERMANENTE;18;23291
2023;11;BPA-C;Média complexidade;0010499 - HRT;0405050259 - RETIRADA DE CORPO ESTRANHO DA CORNEA;56;25084
2023;8;Eletivo;Média complexidade;0010510 - HUB;0405050020 - CAPSULOTOMIA A YAG LASER;40;24176
2023;9;BPA-C;Média complexidade;9622918 - CEO - Taguatinga;0414020065 - CORREÇÃO DE TUBEROSIDADE DO MAXILAR;25;24638
2023;11;BPA-C;Média complexidade;9778136 - CEO - Asa Norte;0414020073 - CURETAGEM PERIAPICAL;4;25275
2023;9;BPA-C;Média complexidade;0010464 - HRAN;0405030100 - TRATAMENTO CIRURGICO DE DEISCENCIA DE SUTURA DE ESCLERA;1;24441
2023;10;Eletivo;Média complexidade;0010499 - HRT;0405050089 - EXERESE DE TUMOR DE CONJUNTIVA;3;24777
2023;9;Urgência;Média complexidade;0010456 - HBDF;0404010318 - RETIRADA DE CORPO ESTRANHO DE OUVIDO / FARINGE / LARINGE / NARIZ;35;24435
2023;10;Eletivo;Média complexidade;;0414020278 - REMOÇÃO DE DENTE RETIDO (INCLUSO / IMPACTADO);74;25007
2023;3;Eletivo;Média complexidade;5717515 - HRSM;0404020623 - RETIRADA DE MATERIAL DE SÍNTESE ÓSSEA / DENTÁRIA;18;22600
2023;5;BPA-C;Média complexidade;0010456 - HBDF;0405050364 - TRATAMENTO CIRURGICO DE PTERIGIO;7;23042
2023;10;Eletivo;Alta complexidade;3224228 - Renal Care;0418010048 - IMPLANTE DE CATETER DE LONGA PERMANÊNCIA P/ HEMODIALISE;1;24827
2023;8;Urgência;Média complexidade;7465157 - UPA Ceilândia;0407040196 - PARACENTESE ABDOMINAL;1;24290
2023;6;Eletivo;Média complexidade;6876617 - HCB;0406020620 - RETIRADA DE CATETER DE LONGA PERMANÊNCIA SEMI OU TOTALMENTE IMPLANTÁVEL;1;23609
2023;12;BPA-C;Média complexidade;9622918 - CEO - Taguatinga;0414020057 - CORREÇÃO DE IRREGULARIDADES DE REBORDO ALVEOLAR;17;25525
2023;3;Eletivo;Média complexidade;0010510 - HUB;0405020023 - CORRECAO CIRURGICA DO ESTRABISMO (ATE 2 MUSCULOS);1;22520
2023;9;BPA-C;Média complexidade;7078730 - UPA Recanto das Emas;0415040043 - DEBRIDAMENTO DE ULCERA / NECROSE;5;24589
2023;9;BPA-C;Atenção Básica;9622845 - CEO - Policlínica Taguatinga;0414020120 - EXODONTIA DE DENTE DECÍDUO;7;24627
2023;5;Eletivo;Média complexidade;3055450 - CBV;0405030053 - INJECAO INTRA-VITREO;35;23204
2023;11;BPA-C;Média complexidade;0010456 - HBDF;0404020623 - RETIRADA DE MATERIAL DE SÍNTESE ÓSSEA / DENTÁRIA;9;25021
2023;2;BPA-C;Média complexidade;9778136 - CEO - Asa Norte;0414020278 - REMOÇÃO DE DENTE RETIDO (INCLUSO / IMPACTADO);36;22397
2023;12;Urgência;Média complexidade;5717515 - HRSM;0408020172 - REDUÇÃO INCRUENTA DE FRATURA / LESÃO FISARIA NO PUNHO;1;25471
2023;5;Eletivo;Média complexidade;0010464 - HRAN;0413010040 - CURATIVO EM MEDIO QUEIMADO;1424;23089
2023;10;Eletivo;Média complexidade;9578560 - CEO 11 - Ceilândia;0404020445 - CONTENÇÃO DE DENTES POR SPLINTAGEM;1;24897
2023;2;Eletivo;Média complexidade;0010456 - HBDF;0405050097 - FACECTOMIA C/ IMPLANTE DE LENTE INTRA-OCULAR;1;22145
2023;5;BPA-C;Atenção Básica;9772243 - CEO - Paranoá;0414020120 - EXODONTIA DE DENTE DECÍDUO;4;23372
2023;2;Eletivo;Alta complexidade;7929129 - Clinica de Olhos Dr João Eugenio;0405050372 - FACOEMULSIFICACAO C/ IMPLANTE DE LENTE INTRA-OCULAR DOBRAVEL;14;22321
2023;10;BPA-C;Média complexidade;9715797 - CEO - Guará;0414020200 - MARSUPIALIZAÇÃO DE CISTOS E PSEUDOCISTOS;1;24952
2023;10;BPA-C;Média complexidade;9622918 - CEO - Taguatinga;0414020375 - TRATAMENTO CIRÚRGICO PERIODONTAL (POR SEXTANTE);5;24924
2023;2;BPA-C;Média complexidade;0010456 - HBDF;0404020615 - REDUÇÃO DE LUXAÇÃO TÊMPORO-MANDIBULAR;1;22128
2023;4;Eletivo;Alta complexidade;5479878 - Davita Sobradinho;0418010030 - CONFECCAO DE FISTULA ARTERIO-VENOSA P/ HEMODIALISE;1;22897
2023;4;Eletivo;Média complexidade;0010464 - HRAN;0409020036 - EXTRACAO ENDOSCOPICA DE CORPO ESTRANHO / CALCULO NA URETRA C/ CISTOSCOPIA;7;22789
2023;7;Eletivo;Atenção Básica;9690719 - CEO - Sobradinho;0414020430 - EXODONTIA DE DENTE SUPRANUMERÁRIO;1;24014
2023;7;BPA-C;Atenção Básica;9778136 - CEO - Asa Norte;0414020138 - EXODONTIA DE DENTE PERMANENTE;21;24045
2023;8;Eletivo;Atenção Básica;0010537 - HMIB;0414020405 - ULOTOMIA/ULECTOMIA;2;24201
2023;12;BPA-C;Atenção Básica;0011347 - Adolescentro;0414020120 - EXODONTIA DE DENTE DECÍDUO;5;25414
2023;4;BPA-C;Atenção Básica;0010499 - HRT;0414020138 - EXODONTIA DE DENTE PERMANENTE;12;22813
2023;11;Eletivo;Média complexidade;9516212 - Policlínica Paranoá;0409060089 - EXCISÃO TIPO I DO COLO UTERINO;4;25201
2023;2;BPA-C;Média complexidade;0010456 - HBDF;0405050259 - RETIRADA DE CORPO ESTRANHO DA CORNEA;6;22131
2023;2;BPA-C;Atenção Básica;0011347 - Adolescentro;0414020138 - EXODONTIA DE DENTE PERMANENTE;6;22253
2023;12;BPA-C;Atenção Básica;7592477 - UPA Sobradinho;0414020138 - EXODONTIA DE DENTE PERMANENTE;5;25493
2023;11;BPA-C;Média complexidade;0010456 - HBDF;0414020073 - CURETAGEM PERIAPICAL;1;25031
2023;4;Eletivo;Média complexidade;0010464 - HRAN;0409050083 - POSTECTOMIA;2;22792
2023;2;Eletivo;Média complexidade;9622918 - CEO - Taguatinga;0404020054 - DRENAGEM DE ABSCESSO DA BOCA E ANEXOS;4;22365
2023;11;Eletivo;Alta complexidade;7980221 - Visão Hosp. de Olhos;0405050372 - FACOEMULSIFICACAO C/ IMPLANTE DE LENTE INTRA-OCULAR DOBRAVEL;5;25197
2023;12;BPA-C;Média complexidade;9690719 - CEO - Sobradinho;0414020073 - CURETAGEM PERIAPICAL;35;25537
2023;11;Eletivo;Alta complexidade;0010499 - HRT;0418010080 - IMPLANTE DE CATETER TIPO TENCKHOFF OU SIMILAR P/ DPA/DPAC;1;25082
2023;6;BPA-C;Média complexidade;0010499 - HRT;0405050259 - RETIRADA DE CORPO ESTRANHO DA CORNEA;51;23471
2023;7;BPA-C;Atenção Básica;9690719 - CEO - Sobradinho;0414020383 - TRATAMENTO DE ALVEOLITE;1;24013
2023;2;Eletivo;Alta complexidade;3224228 - Renal Care;0418020035 - RETIRADA DE CATETER TIPO TENCKHOFF / SIMILAR DE LONGA PERMANÊNCIA;1;22277
2023;3;Urgência;Média complexidade;0969877 - UPA Planaltina;0407040196 - PARACENTESE ABDOMINAL;2;22558
2023;6;Urgência;Média complexidade;0935514 - UPA Paranoá;0412050170 - TORACOCENTESE/DRENAGEM DE PLEURA;1;23531
2023;12;Eletivo;Média complexidade;3055450 - CBV;0405050020 - CAPSULOTOMIA A YAG LASER;15;25436
2023;11;BPA-C;Atenção Básica;9772243 - CEO - Paranoá;0414020138 - EXODONTIA DE DENTE PERMANENTE;8;25266
2023;7;BPA-C;Média complexidade;9414754 - Policlínica Sobradinho;0409060097 - EXERESE DE POLIPO DE UTERO;1;23963
2023;9;Eletivo;Média complexidade;0010480 - HRC;0408050241 - REDUCAO INCRUENTA DE FRATURA DOS OSSOS DO TARSO;1;24470
2023;3;Eletivo;Alta complexidade;7491484 - Renal Vida;0418020035 - RETIRADA DE CATETER TIPO TENCKHOFF / SIMILAR DE LONGA PERMANÊNCIA;2;22634
2023;8;Eletivo;Média complexidade;0010456 - HBDF;0407010254 - RETIRADA DE POLIPO DO TUBO DIGESTIVO POR ENDOSCOPIA;25;24086
2023;5;Eletivo;Média complexidade;0010456 - HBDF;0405010079 - EXERESE DE CALAZIO E OUTRAS PEQUENAS LESOES DA PALPEBRA E SUPERCILIOS;2;23054
2023;6;Eletivo;Média complexidade;5717515 - HRSM;0404020623 - RETIRADA DE MATERIAL DE SÍNTESE ÓSSEA / DENTÁRIA;5;23580
2023;11;Eletivo;Alta complexidade;0010499 - HRT;0418010064 - IMPLANTE DE CATETER DUPLO LUMEN P/HEMODIALISE;5;25081
2023;1;Eletivo;Atenção Básica;0010537 - HMIB;0414020138 - EXODONTIA DE DENTE PERMANENTE;60;21944
2023;8;BPA-C;Média complexidade;2645157 - HRL;0406020140 - EXCISAO E SUTURA DE LINFANGIOMA / NEVUS;3;24216
2023;8;BPA-C;Média complexidade;9690735 - CEO - Planaltina;0414020081 - ENXERTO GENGIVAL;1;24366
2023;3;Eletivo;Média complexidade;0010456 - HBDF;0405040202 - TRATAMENTO DE PTOSE PALPEBRAL;2;22435
2023;10;Urgência;Média complexidade;0010529 - HRPL;0409070122 - DRENAGEM DE GLANDULA DE BARTHOLIN / SKENE;2;24790
2023;7;Eletivo;Alta complexidade;2779420 - Davita NEFRO Asa Sul;0418010048 - IMPLANTE DE CATETER DE LONGA PERMANÊNCIA P/ HEMODIALISE;1;23891
2023;5;Urgência;Média complexidade;0010529 - HRPL;0408020202 - REDUÇÃO INCRUENTA DE FRATURA DIAFISARIA DOS OSSOS DO ANTEBRAÇO;2;23164
2023;1;BPA-C;Atenção Básica;9715797 - CEO - Guará;0414020138 - EXODONTIA DE DENTE PERMANENTE;2;22087
2023;5;BPA-C;Atenção Básica;9715797 - CEO - Guará;0414020138 - EXODONTIA DE DENTE PERMANENTE;11;23355
2023;6;Eletivo;Média complexidade;0010510 - HUB;0414020375 - TRATAMENTO CIRÚRGICO PERIODONTAL (POR SEXTANTE);6;23507
2023;6;Eletivo;Atenção Básica;0010510 - HUB;0414020138 - EXODONTIA DE DENTE PERMANENTE;151;23489
2023;4;BPA-C;Média complexidade;0010499 - HRT;0405050364 - TRATAMENTO CIRURGICO DE PTERIGIO;11;22818
2023;8;BPA-C;Média complexidade;9778144 - Policlínica Asa Norte;0404010270 - REMOCAO DE CERUMEN DE CONDUTO AUDITIVO EXTERNO UNI / BILATERAL;32;24403
2023;3;Eletivo;Média complexidade;5717515 - HRSM;0404020054 - DRENAGEM DE ABSCESSO DA BOCA E ANEXOS;2;22598
2023;10;Eletivo;Alta complexidade;;0418010030 - CONFECCAO DE FISTULA ARTERIO-VENOSA P/ HEMODIALISE;2;24986
2023;2;Eletivo;Média complexidade;5717515 - HRSM;0414010361 - EXERESE DE CISTO ODONTOGÊNICO E NÃO-ODONTOGÊNICO;1;22296
2023;10;BPA-C;Média complexidade;9690719 - CEO - Sobradinho;0414020375 - TRATAMENTO CIRÚRGICO PERIODONTAL (POR SEXTANTE);2;24940
2023;9;Eletivo;Média complexidade;0010464 - HRAN;0409040240 - VASECTOMIA;23;24457
2023;3;Eletivo;Média complexidade;9621709 - Policlínica II Taguatinga;0407010254 - RETIRADA DE POLIPO DO TUBO DIGESTIVO POR ENDOSCOPIA;5;22667
2023;8;Eletivo;Alta complexidade;0010510 - HUB;0418020027 - LIGADURA DE FISTULA ARTERIO-VENOSA;3;24165
2023;3;BPA-C;Atenção Básica;0011347 - Adolescentro;0414020138 - EXODONTIA DE DENTE PERMANENTE;2;22556
2023;7;Eletivo;Alta complexidade;0010456 - HBDF;0405050372 - FACOEMULSIFICACAO C/ IMPLANTE DE LENTE INTRA-OCULAR DOBRAVEL;47;23730
2023;2;BPA-C;Média complexidade;9578560 - CEO 11 - Ceilândia;0414020065 - CORREÇÃO DE TUBEROSIDADE DO MAXILAR;10;22335
2023;4;Eletivo;Média complexidade;0010456 - HBDF;0405010079 - EXERESE DE CALAZIO E OUTRAS PEQUENAS LESOES DA PALPEBRA E SUPERCILIOS;3;22765
2023;3;BPA-C;Média complexidade;9778144 - Policlínica Asa Norte;0406020140 - EXCISAO E SUTURA DE LINFANGIOMA / NEVUS;65;22731
2023;8;Eletivo;Alta complexidade;0010502 - HRS;0418010030 - CONFECCAO DE FISTULA ARTERIO-VENOSA P/ HEMODIALISE;2;24146
2023;2;Eletivo;Média complexidade;0010510 - HUB;0406020620 - RETIRADA DE CATETER DE LONGA PERMANÊNCIA SEMI OU TOTALMENTE IMPLANTÁVEL;12;22219
2023;5;Urgência;Alta complexidade;0010502 - HRS;0418010064 - IMPLANTE DE CATETER DUPLO LUMEN P/HEMODIALISE;4;23124
2023;10;Eletivo;Média complexidade;0010456 - HBDF;0405010117 - RECONSTITUICAO DE CANAL LACRIMAL;1;24720
2023;5;Eletivo;Média complexidade;9690719 - CEO - Sobradinho;0404020097 - EXCISÃO E SUTURA DE LESÃO NA BOCA;2;23349
2023;4;Eletivo;Média complexidade;5717515 - HRSM;0408020199 - REDUÇÃO INCRUENTA DE FRATURA DA DIÁFISE DO ÚMERO;1;22912
2023;2;Eletivo;Média complexidade;3055450 - CBV;0405050119 - FACOEMULSIFICACAO C/ IMPLANTE DE LENTE INTRA-OCULAR RIGIDA;7;22272
2023;1;Urgência;Média complexidade;0010529 - HRPL;0408020202 - REDUÇÃO INCRUENTA DE FRATURA DIAFISARIA DOS OSSOS DO ANTEBRAÇO;2;21937
2023;11;Eletivo;Alta complexidade;0010499 - HRT;0418010048 - IMPLANTE DE CATETER DE LONGA PERMANÊNCIA P/ HEMODIALISE;6;25080
2023;8;BPA-C;Média complexidade;9622845 - CEO - Policlínica Taguatinga;0414020073 - CURETAGEM PERIAPICAL;80;24324
2023;7;BPA-C;Média complexidade;9578560 - CEO 11 - Ceilândia;0414020375 - TRATAMENTO CIRÚRGICO PERIODONTAL (POR SEXTANTE);3;23976
2023;7;Urgência;Média complexidade;0010529 - HRPL;0409070122 - DRENAGEM DE GLANDULA DE BARTHOLIN / SKENE;4;23865
2023;12;Urgência;Atenção Básica;5717515 - HRSM;0414020383 - TRATAMENTO DE ALVEOLITE;1;25453
2023;4;Eletivo;Média complexidade;0010464 - HRAN;0413010058 - CURATIVO EM PEQUENO QUEIMADO;230;22797
2023;4;Eletivo;Média complexidade;0010510 - HUB;0409070173 - EXTRACAO DE CORPO ESTRANHO DA VAGINA;1;22838
2023;11;BPA-C;Média complexidade;5717515 - HRSM;0415040043 - DEBRIDAMENTO DE ULCERA / NECROSE;202;25156
2023;4;BPA-C;Média complexidade;0010456 - HBDF;0404020445 - CONTENÇÃO DE DENTES POR SPLINTAGEM;6;22746
2023;9;BPA-C;Média complexidade;9690719 - CEO - Sobradinho;0414020375 - TRATAMENTO CIRÚRGICO PERIODONTAL (POR SEXTANTE);1;24655
2023;3;Eletivo;Média complexidade;9621709 - Policlínica II Taguatinga;0404010318 - RETIRADA DE CORPO ESTRANHO DE OUVIDO / FARINGE / LARINGE / NARIZ;1;22666
2023;6;BPA-C;Média complexidade;9690719 - CEO - Sobradinho;0414020375 - TRATAMENTO CIRÚRGICO PERIODONTAL (POR SEXTANTE);2;23679
2023;1;BPA-C;Média complexidade;0010456 - HBDF;0404010091 - DUCHA DE POLITZER (UNI / BILATERAL);2;21825
2023;8;BPA-C;Média complexidade;9772243 - CEO - Paranoá;0414020278 - REMOÇÃO DE DENTE RETIDO (INCLUSO / IMPACTADO);50;24395
2023;4;BPA-C;Média complexidade;9778136 - CEO - Asa Norte;0414020073 - CURETAGEM PERIAPICAL;3;23017
2023;11;Eletivo;Média complexidade;0010537 - HMIB;0414020278 - REMOÇÃO DE DENTE RETIDO (INCLUSO / IMPACTADO);40;25118
2023;9;BPA-C;Média complexidade;9772243 - CEO - Paranoá;0414020219 - ODONTOSECÇÃO / RADILECTOMIA / TUNELIZAÇÃO;14;24681
2023;1;Eletivo;Média complexidade;0010464 - HRAN;0413010040 - CURATIVO EM MEDIO QUEIMADO;1428;21873
2023;9;Eletivo;Atenção Básica;0010510 - HUB;0414020120 - EXODONTIA DE DENTE DECÍDUO;7;24496
2023;2;Eletivo;Média complexidade;0010537 - HMIB;0414020278 - REMOÇÃO DE DENTE RETIDO (INCLUSO / IMPACTADO);54;22249
2023;9;Eletivo;Média complexidade;3055450 - CBV;0405050291 - SUTURA DE CONJUNTIVA;26;24548
2023;8;BPA-C;Atenção Básica;9622918 - CEO - Taguatinga;0414020120 - EXODONTIA DE DENTE DECÍDUO;22;24329
2023;7;BPA-C;Média complexidade;9772243 - CEO - Paranoá;0414020278 - REMOÇÃO DE DENTE RETIDO (INCLUSO / IMPACTADO);39;24041
2023;5;Eletivo;Média complexidade;0010472 - HRG;0408050195 - REDUCAO INCRUENTA DA LUXACAO / FRATURA-LUXACAO METATARSO-FALANGIANA / INTERFALANGIANA DO PE;1;23101
2023;12;Eletivo;Alta complexidade;2779420 - Davita NEFRO Asa Sul;0418010064 - IMPLANTE DE CATETER DUPLO LUMEN P/HEMODIALISE;4;25428
2023;7;Eletivo;Média complexidade;0010537 - HMIB;0412050170 - TORACOCENTESE/DRENAGEM DE PLEURA;1;23871
2023;3;Eletivo;Média complexidade;6876617 - HCB;0406020620 - RETIRADA DE CATETER DE LONGA PERMANÊNCIA SEMI OU TOTALMENTE IMPLANTÁVEL;1;22628
2023;7;Eletivo;Alta complexidade;7491484 - Renal Vida;0418010064 - IMPLANTE DE CATETER DUPLO LUMEN P/HEMODIALISE;1;23954
2023;1;Eletivo;Média complexidade;9516212 - Policlínica Paranoá;0409060089 - EXCISÃO TIPO I DO COLO UTERINO;4;22029
2023;9;Urgência;Média complexidade;0010529 - HRPL;0408010134 - REDUCAO INCRUENTA DE LUXAÇÃO OU FRATURA / LUXAÇÃO ESCÁPULO-UMERAL;2;24517
2023;4;Eletivo;Alta complexidade;0010464 - HRAN;0413010031 - CURATIVO EM GRANDE QUEIMADO;40;22781
2023;9;Eletivo;Média complexidade;0010510 - HUB;0405010184 - TRATAMENTO CIRURGICO DE BLEFAROCALASE;20;24501
2023;5;BPA-C;Média complexidade;9772243 - CEO - Paranoá;0414020278 - REMOÇÃO DE DENTE RETIDO (INCLUSO / IMPACTADO);49;23379
2023;12;BPA-C;Média complexidade;0010456 - HBDF;0404020445 - CONTENÇÃO DE DENTES POR SPLINTAGEM;3;25320
2023;3;Eletivo;Média complexidade;0010510 - HUB;0409050083 - POSTECTOMIA;1;22526
2023;12;Eletivo;Média complexidade;0010464 - HRAN;0413010040 - CURATIVO EM MEDIO QUEIMADO;1297;25369
2023;8;Eletivo;Média complexidade;3055450 - CBV;0405030096 - SUTURA DE ESCLERA;47;24227
2023;9;Eletivo;Atenção Básica;0010510 - HUB;0414020138 - EXODONTIA DE DENTE PERMANENTE;30;24497
2023;8;Eletivo;Média complexidade;0010499 - HRT;0405050089 - EXERESE DE TUMOR DE CONJUNTIVA;1;24145
2023;8;Eletivo;Média complexidade;0010456 - HBDF;0405050321 - TRABECULECTOMIA;5;24085
2023;8;Eletivo;Atenção Básica;0010510 - HUB;0414020138 - EXODONTIA DE DENTE PERMANENTE;95;24168
2023;1;BPA-C;Média complexidade;9715797 - CEO - Guará;0414020057 - CORREÇÃO DE IRREGULARIDADES DE REBORDO ALVEOLAR;9;22089
2023;7;Eletivo;Média complexidade;3548104 - Centro da Visao;0405050020 - CAPSULOTOMIA A YAG LASER;36;23911
2023;3;Eletivo;Média complexidade;5717515 - HRSM;0414020057 - CORREÇÃO DE IRREGULARIDADES DE REBORDO ALVEOLAR;148;22606
2023;9;BPA-C;Média complexidade;9772243 - CEO - Paranoá;0414010361 - EXERESE DE CISTO ODONTOGÊNICO E NÃO-ODONTOGÊNICO;1;24676
2023;5;BPA-C;Média complexidade;0010456 - HBDF;0414020278 - REMOÇÃO DE DENTE RETIDO (INCLUSO / IMPACTADO);14;23050
2023;1;Eletivo;Média complexidade;0010464 - HRAN;0415040035 - DEBRIDAMENTO DE ULCERA / DE TECIDOS DESVITALIZADOS;1;21875
2023;9;Eletivo;Alta complexidade;5479878 - Davita Sobradinho;0418010064 - IMPLANTE DE CATETER DUPLO LUMEN P/HEMODIALISE;1;24558
2023;6;BPA-C;Atenção Básica;9676473 - CEO - Ceilândia I;0414020120 - EXODONTIA DE DENTE DECÍDUO;8;23663
2023;9;BPA-C;Atenção Básica;9690719 - CEO - Sobradinho;0414020138 - EXODONTIA DE DENTE PERMANENTE;8;24651
2023;8;BPA-C;Média complexidade;9715797 - CEO - Guará;0414020146 - EXODONTIA MÚLTIPLA COM ALVEOLOPLASTIA POR SEXTANTE;2;24373
2023;8;BPA-C;Média complexidade;0010499 - HRT;0405010044 - DRENAGEM DE ABSCESSO DE PALPEBRA;1;24136
2023;4;BPA-C;Média complexidade;0010456 - HBDF;0414020278 - REMOÇÃO DE DENTE RETIDO (INCLUSO / IMPACTADO);5;22762
2023;10;Eletivo;Média complexidade;0010464 - HRAN;0404010342 - TAMPONAMENTO NASAL ANTERIOR E/OU POSTERIOR;3;24738
2023;10;BPA-C;Média complexidade;0010499 - HRT;0405050364 - TRATAMENTO CIRURGICO DE PTERIGIO;14;24774
2023;12;Eletivo;Média complexidade;0010456 - HBDF;0405010125 - RECONSTITUICAO PARCIAL DE PALPEBRA COM TARSORRAFIA;2;25334
2023;6;BPA-C;Média complexidade;9622918 - CEO - Taguatinga;0414020057 - CORREÇÃO DE IRREGULARIDADES DE REBORDO ALVEOLAR;43;23659
2023;11;BPA-C;Média complexidade;9764860 - CEO - Gama;0414020375 - TRATAMENTO CIRÚRGICO PERIODONTAL (POR SEXTANTE);3;25264
2023;2;Eletivo;Alta complexidade;0010510 - HUB;0418010064 - IMPLANTE DE CATETER DUPLO LUMEN P/HEMODIALISE;1;22205
2023;1;BPA-C;Atenção Básica;0010456 - HBDF;0414020138 - EXODONTIA DE DENTE PERMANENTE;51;21824
2023;9;Urgência;Média complexidade;7592477 - UPA Sobradinho;0412030128 - RETIRADA DE DRENO TUBULAR TORACICO;1;24598
2023;7;BPA-C;Média complexidade;0010456 - HBDF;0414020200 - MARSUPIALIZAÇÃO DE CISTOS E PSEUDOCISTOS;2;23747
2023;4;BPA-C;Atenção Básica;0010456 - HBDF;0404010300 - RETIRADA DE CORPO ESTRANHO DA CAVIDADE AUDITIVA E NASAL;7;22739
2023;1;BPA-C;Média complexidade;9772243 - CEO - Paranoá;0414020146 - EXODONTIA MÚLTIPLA COM ALVEOLOPLASTIA POR SEXTANTE;2;22102
2023;4;Eletivo;Alta complexidade;7929129 - Clinica de Olhos Dr João Eugenio;0405050372 - FACOEMULSIFICACAO C/ IMPLANTE DE LENTE INTRA-OCULAR DOBRAVEL;27;22944
2023;8;Eletivo;Alta complexidade;0010456 - HBDF;0418010064 - IMPLANTE DE CATETER DUPLO LUMEN P/HEMODIALISE;48;24057
2023;6;Eletivo;Média complexidade;0010456 - HBDF;0405010010 - CORRECAO CIRURGICA DE ENTROPIO E ECTROPIO;1;23418
2023;2;Urgência;Média complexidade;0010456 - HBDF;0404010342 - TAMPONAMENTO NASAL ANTERIOR E/OU POSTERIOR;8;22149
2023;9;Eletivo;Atenção Básica;0010510 - HUB;0414020430 - EXODONTIA DE DENTE SUPRANUMERÁRIO;5;24498
2023;7;BPA-C;Média complexidade;9621709 - Policlínica II Taguatinga;0415040043 - DEBRIDAMENTO DE ULCERA / NECROSE;4;23981
2023;2;Eletivo;Média complexidade;0010510 - HUB;0405030053 - INJECAO INTRA-VITREO;53;22215
2023;5;Eletivo;Média complexidade;5717515 - HRSM;0414020294 - REMOÇÃO DE TORUS E EXOSTOSES;2;23244
2023;8;BPA-C;Média complexidade;9764860 - CEO - Gama;0414020219 - ODONTOSECÇÃO / RADILECTOMIA / TUNELIZAÇÃO;35;24385
2023;7;BPA-C;Atenção Básica;6876617 - HCB;0414020138 - EXODONTIA DE DENTE PERMANENTE;5;23947
2023;4;BPA-C;Média complexidade;9764860 - CEO - Gama;0414020065 - CORREÇÃO DE TUBEROSIDADE DO MAXILAR;3;23002
2023;9;Eletivo;Média complexidade;0010510 - HUB;0414020090 - ENXERTO ÓSSEO DE ÁREA DOADORA INTRABUCAL;1;24511
2023;8;Eletivo;Alta complexidade;0010510 - HUB;0418020019 - INTERVENCAO EM FISTULA ARTERIO-VENOSA;6;24164
2023;5;Eletivo;Alta complexidade;0010456 - HBDF;0418010064 - IMPLANTE DE CATETER DUPLO LUMEN P/HEMODIALISE;75;23029
2023;11;Eletivo;Alta complexidade;3224228 - Renal Care;0418010080 - IMPLANTE DE CATETER TIPO TENCKHOFF OU SIMILAR P/ DPA/DPAC;13;25145
2023;9;Eletivo;Média complexidade;0010510 - HUB;0409010154 - EXTRACAO ENDOSCOPICA DE CORPO ESTRANHO / CALCULO EM URETER;1;24506
2023;3;BPA-C;Média complexidade;9620311 - Policlínica Guará I;0404010270 - REMOCAO DE CERUMEN DE CONDUTO AUDITIVO EXTERNO UNI / BILATERAL;32;22660
2023;10;Eletivo;Alta complexidade;7494424 - Ultramed;0418010048 - IMPLANTE DE CATETER DE LONGA PERMANÊNCIA P/ HEMODIALISE;2;24874
2023;6;BPA-C;Média complexidade;9578501 - Policlínica II Ceilândia;0407010319 - TRATAMENTO ESCLEROSANTE / LIGADURA ELASTICA DE LESAO HEMORRAGICA DO APARELHO DIGESTIVO;4;23627
2023;8;BPA-C;Média complexidade;9622918 - CEO - Taguatinga;0414020030 - APROFUNDAMENTO DE VESTÍBULO ORAL (POR SEXTANTE);1;24334
2023;6;Urgência;Alta complexidade;0010502 - HRS;0418010048 - IMPLANTE DE CATETER DE LONGA PERMANÊNCIA P/ HEMODIALISE;3;23481
2023;5;BPA-C;Atenção Básica;6876617 - HCB;0414020138 - EXODONTIA DE DENTE PERMANENTE;1;23259
2023;3;Eletivo;Atenção Básica;0010537 - HMIB;0414020138 - EXODONTIA DE DENTE PERMANENTE;50;22547
2023;1;BPA-C;Média complexidade;9690735 - CEO - Planaltina;0414020375 - TRATAMENTO CIRÚRGICO PERIODONTAL (POR SEXTANTE);3;22086
2023;10;BPA-C;Atenção Básica;0011347 - Adolescentro;0414020138 - EXODONTIA DE DENTE PERMANENTE;5;24803
2023;7;Urgência;Média complexidade;6708714 - UPA Tipo III Samambaia;0407040196 - PARACENTESE ABDOMINAL;1;23945
2023;12;Urgência;Média complexidade;0010456 - HBDF;0404020097 - EXCISÃO E SUTURA DE LESÃO NA BOCA;4;25348
2023;11;BPA-C;Média complexidade;9690719 - CEO - Sobradinho;0414020073 - CURETAGEM PERIAPICAL;30;25241
2023;4;BPA-C;Atenção Básica;9715797 - CEO - Guará;0414020120 - EXODONTIA DE DENTE DECÍDUO;2;22992
2023;10;Eletivo;Média complexidade;2779366 - Oftalmed Matriz;0405030134 - VITRECTOMIA ANTERIOR;1;24811
2023;1;Eletivo;Média complexidade;0010456 - HBDF;0405030053 - INJECAO INTRA-VITREO;78;21842
2023;5;BPA-C;Média complexidade;9690719 - CEO - Sobradinho;0414020219 - ODONTOSECÇÃO / RADILECTOMIA / TUNELIZAÇÃO;16;23345
2023;6;BPA-C;Atenção Básica;9772243 - CEO - Paranoá;0414020383 - TRATAMENTO DE ALVEOLITE;1;23711
2023;11;BPA-C;Média complexidade;0010502 - HRS;0404010156 - INFILTRACAO MEDICAMENTOSA EM CORNETO INFERIOR;2;25097
2023;11;BPA-C;Média complexidade;9690719 - CEO - Sobradinho;0414020057 - CORREÇÃO DE IRREGULARIDADES DE REBORDO ALVEOLAR;21;25240
2023;6;Eletivo;Média complexidade;0010456 - HBDF;0405010079 - EXERESE DE CALAZIO E OUTRAS PEQUENAS LESOES DA PALPEBRA E SUPERCILIOS;3;23419
2023;9;BPA-C;Média complexidade;9690719 - CEO - Sobradinho;0414020073 - CURETAGEM PERIAPICAL;41;24652
2023;7;BPA-C;Média complexidade;9622918 - CEO - Taguatinga;0414020081 - ENXERTO GENGIVAL;2;23998
2023;7;BPA-C;Atenção Básica;9676473 - CEO - Ceilândia I;0414020120 - EXODONTIA DE DENTE DECÍDUO;11;24003
2023;7;Eletivo;Média complexidade;9690719 - CEO - Sobradinho;0404020097 - EXCISÃO E SUTURA DE LESÃO NA BOCA;2;24021
2023;5;BPA-C;Média complexidade;9778136 - CEO - Asa Norte;0414020375 - TRATAMENTO CIRÚRGICO PERIODONTAL (POR SEXTANTE);5;23390
2023;12;BPA-C;Média complexidade;0010456 - HBDF;0407010327 - TRATAMENTO ESCLEROSANTE DE LESOES NAO HEMORRAGICAS DO APARELHO DIGESTIVO INCLUINDO LIGADURA ELASTICA;1;25329
2023;4;BPA-C;Atenção Básica;0011339 - FHB;0414020120 - EXODONTIA DE DENTE DECÍDUO;3;22865
2023;4;Eletivo;Média complexidade;3055450 - CBV;0405050291 - SUTURA DE CONJUNTIVA;24;22888
2023;4;BPA-C;Média complexidade;9764860 - CEO - Gama;0414020073 - CURETAGEM PERIAPICAL;4;23003
2023;1;Eletivo;Média complexidade;5717515 - HRSM;0414020278 - REMOÇÃO DE DENTE RETIDO (INCLUSO / IMPACTADO);89;22003
2023;2;Eletivo;Média complexidade;0010464 - HRAN;0405010176 - SUTURA DE PALPEBRAS;1;22162
2023;7;BPA-C;Média complexidade;0010499 - HRT;0405010060 - EPILACAO DE CILIOS;1;23814
2023;8;BPA-C;Atenção Básica;7592477 - UPA Sobradinho;0414020138 - EXODONTIA DE DENTE PERMANENTE;24;24295
2023;11;BPA-C;Atenção Básica;9690735 - CEO - Planaltina;0414020138 - EXODONTIA DE DENTE PERMANENTE;3;25249
2023;4;Eletivo;Média complexidade;2645157 - HRL;0408060352 - RETIRADA DE FIO OU PINO INTRA-ÓSSEO;1;22869
2023;6;BPA-C;Atenção Básica;9676473 - CEO - Ceilândia I;0414020138 - EXODONTIA DE DENTE PERMANENTE;26;23664
2023;1;BPA-C;Atenção Básica;9622918 - CEO - Taguatinga;0414020120 - EXODONTIA DE DENTE DECÍDUO;4;22060
2023;2;Eletivo;Atenção Básica;6876617 - HCB;0414020430 - EXODONTIA DE DENTE SUPRANUMERÁRIO;1;22312
2023;6;BPA-C;Atenção Básica;0011347 - Adolescentro;0414020138 - EXODONTIA DE DENTE PERMANENTE;13;23530
2023;7;BPA-C;Atenção Básica;9622845 - CEO - Policlínica Taguatinga;0414020120 - EXODONTIA DE DENTE DECÍDUO;2;23985
2023;7;Eletivo;Média complexidade;0010510 - HUB;0409010154 - EXTRACAO ENDOSCOPICA DE CORPO ESTRANHO / CALCULO EM URETER;3;23847
2023;1;Eletivo;Atenção Básica;0010510 - HUB;0414020430 - EXODONTIA DE DENTE SUPRANUMERÁRIO;5;21915
2023;4;BPA-C;Média complexidade;9772243 - CEO - Paranoá;0414020073 - CURETAGEM PERIAPICAL;40;23010
2023;3;Urgência;Média complexidade;5717515 - HRSM;0414020073 - CURETAGEM PERIAPICAL;18;22618
2023;4;Urgência;Média complexidade;0010529 - HRPL;0409070122 - DRENAGEM DE GLANDULA DE BARTHOLIN / SKENE;2;22854
2023;7;Eletivo;Média complexidade;0010510 - HUB;0405010176 - SUTURA DE PALPEBRAS;2;23842
2023;8;BPA-C;Atenção Básica;0010456 - HBDF;0414020138 - EXODONTIA DE DENTE PERMANENTE;60;24059
2023;8;Eletivo;Atenção Básica;0010499 - HRT;0414020138 - EXODONTIA DE DENTE PERMANENTE;15;24134
2023;8;Eletivo;Média complexidade;0010510 - HUB;0405050119 - FACOEMULSIFICACAO C/ IMPLANTE DE LENTE INTRA-OCULAR RIGIDA;2;24177
2023;10;Eletivo;Média complexidade;0010464 - HRAN;0407010254 - RETIRADA DE POLIPO DO TUBO DIGESTIVO POR ENDOSCOPIA;3;24745
2023;7;Urgência;Média complexidade;5717515 - HRSM;0404020097 - EXCISÃO E SUTURA DE LESÃO NA BOCA;2;23940
2023;7;BPA-C;Média complexidade;0010456 - HBDF;0404010156 - INFILTRACAO MEDICAMENTOSA EM CORNETO INFERIOR;1;23737
2023;1;Eletivo;Atenção Básica;5717515 - HRSM;0414020138 - EXODONTIA DE DENTE PERMANENTE;39;21988
2023;1;BPA-C;Média complexidade;0010499 - HRT;0405050259 - RETIRADA DE CORPO ESTRANHO DA CORNEA;64;21891
2023;2;Eletivo;Alta complexidade;0010510 - HUB;0418020035 - RETIRADA DE CATETER TIPO TENCKHOFF / SIMILAR DE LONGA PERMANÊNCIA;3;22206
2023;3;Urgência;Média complexidade;7116756 - UPA São Sebastião;0404020097 - EXCISÃO E SUTURA DE LESÃO NA BOCA;1;22631
2023;3;BPA-C;Média complexidade;9622845 - CEO - Policlínica Taguatinga;0414020073 - CURETAGEM PERIAPICAL;56;22673
2023;7;BPA-C;Média complexidade;9690719 - CEO - Sobradinho;0414020278 - REMOÇÃO DE DENTE RETIDO (INCLUSO / IMPACTADO);64;24018
2023;6;BPA-C;Atenção Básica;9778136 - CEO - Asa Norte;0414020138 - EXODONTIA DE DENTE PERMANENTE;78;23717
2023;8;BPA-C;Média complexidade;9772243 - CEO - Paranoá;0414020219 - ODONTOSECÇÃO / RADILECTOMIA / TUNELIZAÇÃO;9;24394
2023;9;Urgência;Média complexidade;7592477 - UPA Sobradinho;0404020097 - EXCISÃO E SUTURA DE LESÃO NA BOCA;7;24597
2023;11;Eletivo;Média complexidade;5717515 - HRSM;0404020097 - EXCISÃO E SUTURA DE LESÃO NA BOCA;1;25158
2023;2;BPA-C;Média complexidade;0010472 - HRG;0407020314 - LIGADURA ELASTICA DE HEMORROIDAS (SESSAO);1;22178
2023;11;BPA-C;Média complexidade;9578560 - CEO 11 - Ceilândia;0414020057 - CORREÇÃO DE IRREGULARIDADES DE REBORDO ALVEOLAR;1;25209
2023;2;BPA-C;Média complexidade;9580816 - Cent. Espec. Saúde Mulher;0409060097 - EXERESE DE POLIPO DE UTERO;2;22340
2023;12;Eletivo;Alta complexidade;9967486 - IBRANE;0418010030 - CONFECCAO DE FISTULA ARTERIO-VENOSA P/ HEMODIALISE;9;25570
2023;3;BPA-C;Média complexidade;9715797 - CEO - Guará;0414020073 - CURETAGEM PERIAPICAL;16;22700
2023;3;BPA-C;Atenção Básica;0010529 - HRPL;0404010300 - RETIRADA DE CORPO ESTRANHO DA CAVIDADE AUDITIVA E NASAL;4;22534
2023;5;BPA-C;Atenção Básica;9622918 - CEO - Taguatinga;0414020120 - EXODONTIA DE DENTE DECÍDUO;20;23321
2023;1;BPA-C;Média complexidade;0010456 - HBDF;0404020445 - CONTENÇÃO DE DENTES POR SPLINTAGEM;10;21827
2023;5;BPA-C;Média complexidade;9622918 - CEO - Taguatinga;0414020146 - EXODONTIA MÚLTIPLA COM ALVEOLOPLASTIA POR SEXTANTE;1;23327
2023;1;BPA-C;Atenção Básica;9772243 - CEO - Paranoá;0414020120 - EXODONTIA DE DENTE DECÍDUO;1;22099
2023;10;BPA-C;Média complexidade;6876617 - HCB;0407010327 - TRATAMENTO ESCLEROSANTE DE LESOES NAO HEMORRAGICAS DO APARELHO DIGESTIVO INCLUINDO LIGADURA ELASTICA;1;24868
2023;2;Eletivo;Média complexidade;0010472 - HRG;0407010254 - RETIRADA DE POLIPO DO TUBO DIGESTIVO POR ENDOSCOPIA;13;22179
2023;10;Eletivo;Média complexidade;;0405010184 - TRATAMENTO CIRURGICO DE BLEFAROCALASE;10;24994
2023;12;Eletivo;Média complexidade;9621709 - Policlínica II Taguatinga;0407010254 - RETIRADA DE POLIPO DO TUBO DIGESTIVO POR ENDOSCOPIA;6;25516
2023;9;Eletivo;Atenção Básica;5717515 - HRSM;0414020120 - EXODONTIA DE DENTE DECÍDUO;2;24562
2023;3;Eletivo;Média complexidade;0010464 - HRAN;0407040196 - PARACENTESE ABDOMINAL;1;22464
2023;6;BPA-C;Média complexidade;0010456 - HBDF;0404020445 - CONTENÇÃO DE DENTES POR SPLINTAGEM;4;23405
2023;2;Eletivo;Média complexidade;0010510 - HUB;0407040196 - PARACENTESE ABDOMINAL;16;22220
2023;9;Eletivo;Média complexidade;0010510 - HUB;0414010361 - EXERESE DE CISTO ODONTOGÊNICO E NÃO-ODONTOGÊNICO;2;24508
2023;2;Eletivo;Média complexidade;0010472 - HRG;0415040035 - DEBRIDAMENTO DE ULCERA / DE TECIDOS DESVITALIZADOS;1;22182
2023;2;BPA-C;Média complexidade;9778136 - CEO - Asa Norte;0414020146 - EXODONTIA MÚLTIPLA COM ALVEOLOPLASTIA POR SEXTANTE;1;22396
2023;5;Eletivo;Alta complexidade;0010456 - HBDF;0418010048 - IMPLANTE DE CATETER DE LONGA PERMANÊNCIA P/ HEMODIALISE;3;23028
2023;12;BPA-C;Média complexidade;9715797 - CEO - Guará;0414020073 - CURETAGEM PERIAPICAL;6;25548
2023;1;Urgência;Média complexidade;5717515 - HRSM;0408020172 - REDUÇÃO INCRUENTA DE FRATURA / LESÃO FISARIA NO PUNHO;1;22010
2023;5;Eletivo;Média complexidade;5717515 - HRSM;0414020162 - GENGIVOPLASTIA (POR SEXTANTE);2;23240
2023;8;BPA-C;Atenção Básica;6876617 - HCB;0414020120 - EXODONTIA DE DENTE DECÍDUO;43;24279
2023;11;BPA-C;Média complexidade;9621709 - Policlínica II Taguatinga;0404010270 - REMOCAO DE CERUMEN DE CONDUTO AUDITIVO EXTERNO UNI / BILATERAL;97;25215
2023;5;Eletivo;Média complexidade;0010537 - HMIB;0414020073 - CURETAGEM PERIAPICAL;37;23179
2023;3;BPA-C;Média complexidade;9578560 - CEO 11 - Ceilândia;0414020278 - REMOÇÃO DE DENTE RETIDO (INCLUSO / IMPACTADO);45;22658
2023;5;BPA-C;Atenção Básica;7592477 - UPA Sobradinho;0414020138 - EXODONTIA DE DENTE PERMANENTE;12;23278
2023;1;Eletivo;Média complexidade;2645157 - HRL;0407010254 - RETIRADA DE POLIPO DO TUBO DIGESTIVO POR ENDOSCOPIA;1;21961
2023;5;Eletivo;Alta complexidade;9967486 - IBRANE;0418020035 - RETIRADA DE CATETER TIPO TENCKHOFF / SIMILAR DE LONGA PERMANÊNCIA;3;23396
2023;2;Eletivo;Média complexidade;5717515 - HRSM;0414020200 - MARSUPIALIZAÇÃO DE CISTOS E PSEUDOCISTOS;5;22299
2023;5;BPA-C;Média complexidade;9622845 - CEO - Policlínica Taguatinga;0414020294 - REMOÇÃO DE TORUS E EXOSTOSES;3;23317
2023;7;Eletivo;Média complexidade;5717515 - HRSM;0414020200 - MARSUPIALIZAÇÃO DE CISTOS E PSEUDOCISTOS;2;23935
2023;7;Eletivo;Média complexidade;0010464 - HRAN;0404020097 - EXCISÃO E SUTURA DE LESÃO NA BOCA;2;23779
2023;2;Eletivo;Média complexidade;0010456 - HBDF;0407010254 - RETIRADA DE POLIPO DO TUBO DIGESTIVO POR ENDOSCOPIA;7;22147
2023;6;Urgência;Atenção Básica;5717515 - HRSM;0414020120 - EXODONTIA DE DENTE DECÍDUO;5;23576
2023;7;Eletivo;Alta complexidade;7491484 - Renal Vida;0418020035 - RETIRADA DE CATETER TIPO TENCKHOFF / SIMILAR DE LONGA PERMANÊNCIA;1;23955
2023;2;Eletivo;Alta complexidade;3224228 - Renal Care;0418010080 - IMPLANTE DE CATETER TIPO TENCKHOFF OU SIMILAR P/ DPA/DPAC;5;22276
2023;11;Urgência;Média complexidade;0010456 - HBDF;0404010342 - TAMPONAMENTO NASAL ANTERIOR E/OU POSTERIOR;8;25045
2023;1;Urgência;Média complexidade;7116756 - UPA São Sebastião;0412050170 - TORACOCENTESE/DRENAGEM DE PLEURA;1;22021
2023;8;BPA-C;Média complexidade;9690719 - CEO - Sobradinho;0414020219 - ODONTOSECÇÃO / RADILECTOMIA / TUNELIZAÇÃO;44;24356
2023;8;Urgência;Atenção Básica;5717515 - HRSM;0414020138 - EXODONTIA DE DENTE PERMANENTE;13;24251
2023;3;BPA-C;Atenção Básica;9772243 - CEO - Paranoá;0414020138 - EXODONTIA DE DENTE PERMANENTE;5;22714
2023;5;Eletivo;Média complexidade;5717515 - HRSM;0414020278 - REMOÇÃO DE DENTE RETIDO (INCLUSO / IMPACTADO);144;23243
2023;3;BPA-C;Média complexidade;6876617 - HCB;0407010319 - TRATAMENTO ESCLEROSANTE / LIGADURA ELASTICA DE LESAO HEMORRAGICA DO APARELHO DIGESTIVO;1;22625
2023;3;Eletivo;Média complexidade;2645157 - HRL;0408060352 - RETIRADA DE FIO OU PINO INTRA-ÓSSEO;5;22560
2023;4;BPA-C;Média complexidade;9578560 - CEO 11 - Ceilândia;0414020065 - CORREÇÃO DE TUBEROSIDADE DO MAXILAR;10;22956
2023;3;Eletivo;Média complexidade;9778136 - CEO - Asa Norte;0404020097 - EXCISÃO E SUTURA DE LESÃO NA BOCA;3;22729
2023;6;Eletivo;Média complexidade;3055450 - CBV;0405030223 - REMOÇÃO DE ÓLEO DE SILICONE;4;23554
2023;5;BPA-C;Média complexidade;0010499 - HRT;0405050259 - RETIRADA DE CORPO ESTRANHO DA CORNEA;54;23114
2023;6;Urgência;Média complexidade;0010529 - HRPL;0408020199 - REDUÇÃO INCRUENTA DE FRATURA DA DIÁFISE DO ÚMERO;2;23512
2023;1;Eletivo;Média complexidade;0010456 - HBDF;0409010294 - NEFROSTOMIA PERCUTANEA;2;21855
2023;12;BPA-C;Média complexidade;9620311 - Policlínica Guará I;0404010270 - REMOCAO DE CERUMEN DE CONDUTO AUDITIVO EXTERNO UNI / BILATERAL;69;25511
2023;5;Eletivo;Média complexidade;0010510 - HUB;0405050089 - EXERESE DE TUMOR DE CONJUNTIVA;2;23145
2023;1;BPA-C;Atenção Básica;0010499 - HRT;0414020120 - EXODONTIA DE DENTE DECÍDUO;1;21887
2023;11;Eletivo;Média complexidade;0010537 - HMIB;0409040240 - VASECTOMIA;15;25114
2023;9;Urgência;Atenção Básica;5717515 - HRSM;0414020383 - TRATAMENTO DE ALVEOLITE;2;24567
2023;10;Eletivo;Média complexidade;9621709 - Policlínica II Taguatinga;0409060089 - EXCISÃO TIPO I DO COLO UTERINO;1;24905
2023;7;Eletivo;Média complexidade;0010537 - HMIB;0414020073 - CURETAGEM PERIAPICAL;50;23873
2023;6;Eletivo;Média complexidade;0010456 - HBDF;0405050151 - IMPLANTE SECUNDARIO DE LENTE INTRA-OCULAR - LIO;1;23426
2023;4;Eletivo;Média complexidade;0010472 - HRG;0408050209 - REDUCAO INCRUENTA DE FRATURA / LESAO FISARIA DOS METATARSIANOS;1;22805
2023;10;BPA-C;Média complexidade;0010499 - HRT;0405050259 - RETIRADA DE CORPO ESTRANHO DA CORNEA;45;24773
2023;2;BPA-C;Média complexidade;9772243 - CEO - Paranoá;0414020146 - EXODONTIA MÚLTIPLA COM ALVEOLOPLASTIA POR SEXTANTE;2;22391
2023;7;Eletivo;Média complexidade;5717515 - HRSM;0404020623 - RETIRADA DE MATERIAL DE SÍNTESE ÓSSEA / DENTÁRIA;2;23927
2023;6;Eletivo;Alta complexidade;0010456 - HBDF;0405050372 - FACOEMULSIFICACAO C/ IMPLANTE DE LENTE INTRA-OCULAR DOBRAVEL;39;23397
2023;11;BPA-C;Atenção Básica;2649527 - HAB;0414020120 - EXODONTIA DE DENTE DECÍDUO;6;25125
2023;6;Eletivo;Média complexidade;0010464 - HRAN;0413010058 - CURATIVO EM PEQUENO QUEIMADO;276;23450
2023;3;Eletivo;Alta complexidade;2779420 - Davita NEFRO Asa Sul;0418010064 - IMPLANTE DE CATETER DUPLO LUMEN P/HEMODIALISE;4;22567
2023;7;Eletivo;Média complexidade;0010537 - HMIB;0414020146 - EXODONTIA MÚLTIPLA COM ALVEOLOPLASTIA POR SEXTANTE;24;23874
2023;5;Eletivo;Alta complexidade;0010499 - HRT;0418010064 - IMPLANTE DE CATETER DUPLO LUMEN P/HEMODIALISE;15;23108
2023;8;Eletivo;Média complexidade;9621709 - Policlínica II Taguatinga;0409060089 - EXCISÃO TIPO I DO COLO UTERINO;8;24319
2023;11;BPA-C;Média complexidade;9764860 - CEO - Gama;0414020073 - CURETAGEM PERIAPICAL;3;25260
2023;12;Eletivo;Média complexidade;0010464 - HRAN;0409060089 - EXCISÃO TIPO I DO COLO UTERINO;1;25368
2023;2;Eletivo;Alta complexidade;9967486 - IBRANE;0418010064 - IMPLANTE DE CATETER DUPLO LUMEN P/HEMODIALISE;4;22403
2023;6;Eletivo;Alta complexidade;5479878 - Davita Sobradinho;0418020019 - INTERVENCAO EM FISTULA ARTERIO-VENOSA;12;23570
2023;9;BPA-C;Média complexidade;9676473 - CEO - Ceilândia I;0414020219 - ODONTOSECÇÃO / RADILECTOMIA / TUNELIZAÇÃO;14;24649
2023;11;BPA-C;Média complexidade;0010502 - HRS;0414020219 - ODONTOSECÇÃO / RADILECTOMIA / TUNELIZAÇÃO;2;25099
2023;4;Eletivo;Média complexidade;0010537 - HMIB;0414020073 - CURETAGEM PERIAPICAL;9;22861
2023;6;Eletivo;Média complexidade;0010464 - HRAN;0409060089 - EXCISÃO TIPO I DO COLO UTERINO;2;23448
2023;4;BPA-C;Média complexidade;0010456 - HBDF;0404020615 - REDUÇÃO DE LUXAÇÃO TÊMPORO-MANDIBULAR;5;22749
2023;9;BPA-C;Média complexidade;9778136 - CEO - Asa Norte;0414020154 - GENGIVECTOMIA (POR SEXTANTE);7;24687
2023;7;BPA-C;Atenção Básica;9690735 - CEO - Planaltina;0414020120 - EXODONTIA DE DENTE DECÍDUO;7;24022
2023;3;Eletivo;Média complexidade;0010537 - HMIB;0404020054 - DRENAGEM DE ABSCESSO DA BOCA E ANEXOS;2;22548
2023;9;Eletivo;Média complexidade;9621709 - Policlínica II Taguatinga;0407010254 - RETIRADA DE POLIPO DO TUBO DIGESTIVO POR ENDOSCOPIA;1;24625
2023;10;BPA-C;Atenção Básica;0010499 - HRT;0413010023 - ATENDIMENTO DE URGÊNCIA EM PEQUENO QUEIMADO;1;24768
2023;10;Eletivo;Alta complexidade;9967486 - IBRANE;0418010064 - IMPLANTE DE CATETER DUPLO LUMEN P/HEMODIALISE;2;24985
2023;9;Eletivo;Média complexidade;3055450 - CBV;0405050305 - SUTURA DE CORNEA;30;24549
2023;3;Eletivo;Alta complexidade;0010510 - HUB;0418010030 - CONFECCAO DE FISTULA ARTERIO-VENOSA P/ HEMODIALISE;9;22511
2023;11;BPA-C;Média complexidade;9690719 - CEO - Sobradinho;0414020294 - REMOÇÃO DE TORUS E EXOSTOSES;3;25244
2023;6;Eletivo;Média complexidade;5717515 - HRSM;0414020200 - MARSUPIALIZAÇÃO DE CISTOS E PSEUDOCISTOS;2;23587
2023;3;BPA-C;Média complexidade;2645157 - HRL;0406020140 - EXCISAO E SUTURA DE LINFANGIOMA / NEVUS;1;22559
2023;3;Eletivo;Média complexidade;5717515 - HRSM;0408060352 - RETIRADA DE FIO OU PINO INTRA-ÓSSEO;13;22603
2023;3;BPA-C;Atenção Básica;7592477 - UPA Sobradinho;0414020120 - EXODONTIA DE DENTE DECÍDUO;1;22636
2023;3;BPA-C;Média complexidade;6876617 - HCB;0414020154 - GENGIVECTOMIA (POR SEXTANTE);1;22627
2023;6;BPA-C;Média complexidade;9578536 - Policlínica Brazlândia;0406020140 - EXCISAO E SUTURA DE LINFANGIOMA / NEVUS;3;23629
2023;11;BPA-C;Média complexidade;9622918 - CEO - Taguatinga;0414020065 - CORREÇÃO DE TUBEROSIDADE DO MAXILAR;5;25229
2023;11;Eletivo;Média complexidade;9690719 - CEO - Sobradinho;0404020097 - EXCISÃO E SUTURA DE LESÃO NA BOCA;3;25247
2023;8;BPA-C;Média complexidade;9676473 - CEO - Ceilândia I;0414020073 - CURETAGEM PERIAPICAL;12;24347
2023;7;BPA-C;Atenção Básica;9715797 - CEO - Guará;0414020138 - EXODONTIA DE DENTE PERMANENTE;9;24025
2023;6;BPA-C;Atenção Básica;9622845 - CEO - Policlínica Taguatinga;0414020120 - EXODONTIA DE DENTE DECÍDUO;1;23646
2023;4;Eletivo;Média complexidade;0010499 - HRT;0409040240 - VASECTOMIA;5;22820
2023;9;Eletivo;Alta complexidade;7494424 - Ultramed;0418010048 - IMPLANTE DE CATETER DE LONGA PERMANÊNCIA P/ HEMODIALISE;1;24593
2023;1;BPA-C;Atenção Básica;9690719 - CEO - Sobradinho;0414020383 - TRATAMENTO DE ALVEOLITE;2;22076
2023;7;BPA-C;Atenção Básica;0011347 - Adolescentro;0414020120 - EXODONTIA DE DENTE DECÍDUO;2;23878
2023;7;Urgência;Média complexidade;0010529 - HRPL;0408020199 - REDUÇÃO INCRUENTA DE FRATURA DA DIÁFISE DO ÚMERO;1;23860
2023;1;Urgência;Média complexidade;5717515 - HRSM;0404020097 - EXCISÃO E SUTURA DE LESÃO NA BOCA;2;22007
2023;8;BPA-C;Atenção Básica;9676473 - CEO - Ceilândia I;0414020120 - EXODONTIA DE DENTE DECÍDUO;7;24345
2023;11;Eletivo;Média complexidade;9621709 - Policlínica II Taguatinga;0409060089 - EXCISÃO TIPO I DO COLO UTERINO;1;25219
2023;4;Eletivo;Média complexidade;5717515 - HRSM;0414020057 - CORREÇÃO DE IRREGULARIDADES DE REBORDO ALVEOLAR;107;22917
2023;6;Urgência;Média complexidade;0010456 - HBDF;0404010342 - TAMPONAMENTO NASAL ANTERIOR E/OU POSTERIOR;3;23431
2023;7;BPA-C;Média complexidade;9622845 - CEO - Policlínica Taguatinga;0414020219 - ODONTOSECÇÃO / RADILECTOMIA / TUNELIZAÇÃO;22;23988
2023;1;BPA-C;Atenção Básica;9772243 - CEO - Paranoá;0414020138 - EXODONTIA DE DENTE PERMANENTE;3;22100
2023;3;Urgência;Média complexidade;6708714 - UPA Tipo III Samambaia;0412050170 - TORACOCENTESE/DRENAGEM DE PLEURA;1;22622
2023;3;BPA-C;Atenção Básica;9622845 - CEO - Policlínica Taguatinga;0414020405 - ULOTOMIA/ULECTOMIA;1;22671
2023;7;Eletivo;Alta complexidade;0010502 - HRS;0418010048 - IMPLANTE DE CATETER DE LONGA PERMANÊNCIA P/ HEMODIALISE;4;23822
2023;9;Eletivo;Alta complexidade;2779420 - Davita NEFRO Asa Sul;0418010013 - CONFECCAO DE FISTULA ARTERIO-VENOSA C/ ENXERTIA DE POLITETRAFLUORETILENO (PTFE);3;24537
2023;2;Urgência;Média complexidade;5717515 - HRSM;0404020054 - DRENAGEM DE ABSCESSO DA BOCA E ANEXOS;7;22303
2023;11;Eletivo;Média complexidade;0010456 - HBDF;0405050151 - IMPLANTE SECUNDARIO DE LENTE INTRA-OCULAR - LIO;2;25041
2023;10;BPA-C;Média complexidade;9764860 - CEO - Gama;0414020375 - TRATAMENTO CIRÚRGICO PERIODONTAL (POR SEXTANTE);1;24962
2023;11;BPA-C;Atenção Básica;0010502 - HRS;0414020138 - EXODONTIA DE DENTE PERMANENTE;5;25096
2023;3;Eletivo;Média complexidade;3055450 - CBV;0405050291 - SUTURA DE CONJUNTIVA;31;22579
2023;8;BPA-C;Média complexidade;9622918 - CEO - Taguatinga;0414020375 - TRATAMENTO CIRÚRGICO PERIODONTAL (POR SEXTANTE);1;24343
2023;8;BPA-C;Média complexidade;9622918 - CEO - Taguatinga;0414020219 - ODONTOSECÇÃO / RADILECTOMIA / TUNELIZAÇÃO;35;24341
2023;2;BPA-C;Média complexidade;0939145 - UPA Gama;0415040043 - DEBRIDAMENTO DE ULCERA / NECROSE;2;22254
2023;12;BPA-C;Média complexidade;9578560 - CEO 11 - Ceilândia;0414020073 - CURETAGEM PERIAPICAL;16;25507
2023;3;Eletivo;Média complexidade;5717515 - HRSM;0408060158 - MANIPULAÇÃO ARTICULAR;2;22602
2023;11;BPA-C;Média complexidade;0010456 - HBDF;0407010319 - TRATAMENTO ESCLEROSANTE / LIGADURA ELASTICA DE LESAO HEMORRAGICA DO APARELHO DIGESTIVO;8;25028
2023;6;BPA-C;Média complexidade;9715797 - CEO - Guará;0414020278 - REMOÇÃO DE DENTE RETIDO (INCLUSO / IMPACTADO);24;23692
2023;12;Eletivo;Média complexidade;0010456 - HBDF;0405010184 - TRATAMENTO CIRURGICO DE BLEFAROCALASE;3;25336
2023;1;Eletivo;Média complexidade;0010472 - HRG;0408050195 - REDUCAO INCRUENTA DA LUXACAO / FRATURA-LUXACAO METATARSO-FALANGIANA / INTERFALANGIANA DO PE;1;21882
2023;3;Eletivo;Alta complexidade;7491484 - Renal Vida;0418010064 - IMPLANTE DE CATETER DUPLO LUMEN P/HEMODIALISE;1;22633
2023;4;Urgência;Média complexidade;5717515 - HRSM;0414020278 - REMOÇÃO DE DENTE RETIDO (INCLUSO / IMPACTADO);3;22931
2023;5;BPA-C;Média complexidade;0010456 - HBDF;0405010044 - DRENAGEM DE ABSCESSO DE PALPEBRA;2;23040
2023;11;BPA-C;Média complexidade;9772243 - CEO - Paranoá;0414020294 - REMOÇÃO DE TORUS E EXOSTOSES;2;25271
2023;5;Urgência;Média complexidade;7078730 - UPA Recanto das Emas;0407040196 - PARACENTESE ABDOMINAL;1;23269
2023;6;BPA-C;Média complexidade;9690735 - CEO - Planaltina;0414020375 - TRATAMENTO CIRÚRGICO PERIODONTAL (POR SEXTANTE);1;23687
2023;8;Eletivo;Média complexidade;5717515 - HRSM;0404020054 - DRENAGEM DE ABSCESSO DA BOCA E ANEXOS;1;24254
2023;4;Urgência;Média complexidade;5717515 - HRSM;0414020146 - EXODONTIA MÚLTIPLA COM ALVEOLOPLASTIA POR SEXTANTE;2;22929
2023;7;Eletivo;Alta complexidade;2779366 - Oftalmed Matriz;0405050372 - FACOEMULSIFICACAO C/ IMPLANTE DE LENTE INTRA-OCULAR DOBRAVEL;40;23887
2023;12;Eletivo;Média complexidade;5717515 - HRSM;0414020057 - CORREÇÃO DE IRREGULARIDADES DE REBORDO ALVEOLAR;32;25463
2023;6;Eletivo;Atenção Básica;0010510 - HUB;0414020359 - TRATAMENTO CIRÚRGICO DE HEMORRAGIA BUCO-DENTAL;2;23490
2023;5;BPA-C;Atenção Básica;9676473 - CEO - Ceilândia I;0414020405 - ULOTOMIA/ULECTOMIA;1;23333
2023;5;Eletivo;Média complexidade;9622845 - CEO - Policlínica Taguatinga;0404020097 - EXCISÃO E SUTURA DE LESÃO NA BOCA;1;23320
2023;7;BPA-C;Atenção Básica;0010464 - HRAN;0413010023 - ATENDIMENTO DE URGÊNCIA EM PEQUENO QUEIMADO;24;23768
2023;12;Eletivo;Média complexidade;0010456 - HBDF;0405050321 - TRABECULECTOMIA;6;25342
2023;11;BPA-C;Média complexidade;9715797 - CEO - Guará;0414020057 - CORREÇÃO DE IRREGULARIDADES DE REBORDO ALVEOLAR;24;25253
2023;8;Eletivo;Média complexidade;5717515 - HRSM;0414020375 - TRATAMENTO CIRÚRGICO PERIODONTAL (POR SEXTANTE);5;24268
2023;11;BPA-C;Média complexidade;9772243 - CEO - Paranoá;0414020146 - EXODONTIA MÚLTIPLA COM ALVEOLOPLASTIA POR SEXTANTE;1;25268
2023;6;Eletivo;Alta complexidade;3224228 - Renal Care;0418010030 - CONFECCAO DE FISTULA ARTERIO-VENOSA P/ HEMODIALISE;1;23560
2023;5;Eletivo;Alta complexidade;0010502 - HRS;0418010080 - IMPLANTE DE CATETER TIPO TENCKHOFF OU SIMILAR P/ DPA/DPAC;2;23121
2023;11;Eletivo;Média complexidade;0010502 - HRS;0407020136 - DRENAGEM DE ABSCESSO ANU-RETAL;1;25101
2023;11;Urgência;Média complexidade;0010529 - HRPL;0408020229 - REDUÇÃO INCRUENTA DE LUXAÇÃO / FRATURA-LUXAÇÃO DO COTOVELO;2;25108
2023;7;BPA-C;Atenção Básica;2649527 - HAB;0414020120 - EXODONTIA DE DENTE DECÍDUO;18;23883
2023;1;Eletivo;Média complexidade;0010510 - HUB;0414020154 - GENGIVECTOMIA (POR SEXTANTE);8;21926
2023;3;Urgência;Média complexidade;0010529 - HRPL;0408020245 - REDUÇÃO INCRUENTA DE LUXAÇÃO OU FRATURA / LUXACAO NO PUNHO;3;22541
2023;9;Eletivo;Média complexidade;0010464 - HRAN;0405030053 - INJECAO INTRA-VITREO;7;24451
2023;10;Eletivo;Média complexidade;3548104 - Centro da Visao;0405050020 - CAPSULOTOMIA A YAG LASER;15;24833
2023;1;BPA-C;Média complexidade;9778136 - CEO - Asa Norte;0414020200 - MARSUPIALIZAÇÃO DE CISTOS E PSEUDOCISTOS;1;22108
2023;8;BPA-C;Média complexidade;0010502 - HRS;0414020278 - REMOÇÃO DE DENTE RETIDO (INCLUSO / IMPACTADO);2;24157
2023;5;Eletivo;Atenção Básica;0010537 - HMIB;0414020138 - EXODONTIA DE DENTE PERMANENTE;38;23171
2023;9;Eletivo;Média complexidade;3055450 - CBV;0405030223 - REMOÇÃO DE ÓLEO DE SILICONE;7;24545
2023;9;Eletivo;Média complexidade;3055450 - CBV;0405030215 - RETINOPEXIA PNEUMÁTICA;26;24544
2023;2;BPA-C;Média complexidade;9622918 - CEO - Taguatinga;0414020154 - GENGIVECTOMIA (POR SEXTANTE);11;22362
2023;8;Urgência;Média complexidade;0010529 - HRPL;0408060352 - RETIRADA DE FIO OU PINO INTRA-ÓSSEO;19;24198
2023;6;Eletivo;Média complexidade;3055450 - CBV;0405050291 - SUTURA DE CONJUNTIVA;31;23557
2023;4;Eletivo;Média complexidade;5717515 - HRSM;0414020073 - CURETAGEM PERIAPICAL;99;22918
2023;10;Eletivo;Média complexidade;0010456 - HBDF;0405030053 - INJECAO INTRA-VITREO;97;24721
2023;12;BPA-C;Atenção Básica;0011347 - Adolescentro;0414020138 - EXODONTIA DE DENTE PERMANENTE;1;25415
2023;11;BPA-C;Média complexidade;0924857 - UPA II Ceilândia;0415040043 - DEBRIDAMENTO DE ULCERA / NECROSE;1;25121
2023;12;Urgência;Média complexidade;0939145 - UPA Gama;0407040196 - PARACENTESE ABDOMINAL;2;25419
2023;9;Urgência;Alta complexidade;0010502 - HRS;0418010064 - IMPLANTE DE CATETER DUPLO LUMEN P/HEMODIALISE;17;24483
2023;7;Urgência;Média complexidade;0010529 - HRPL;0408020210 - REDUÇÃO INCRUENTA DE FRATURA DOS METACARPIANOS;4;23862
2023;2;Eletivo;Média complexidade;0010537 - HMIB;0414020154 - GENGIVECTOMIA (POR SEXTANTE);2;22247
2023;5;Urgência;Média complexidade;0996068 - UPA Vicente Pires;0407040196 - PARACENTESE ABDOMINAL;1;23191
2023;3;BPA-C;Atenção Básica;0010502 - HRS;0414020138 - EXODONTIA DE DENTE PERMANENTE;1;22503
2023;7;BPA-C;Atenção Básica;0010472 - HRG;0414020138 - EXODONTIA DE DENTE PERMANENTE;11;23794
2023;12;BPA-C;Atenção Básica;9778136 - CEO - Asa Norte;0414020120 - EXODONTIA DE DENTE DECÍDUO;3;25560
2023;9;BPA-C;Média complexidade;9622918 - CEO - Taguatinga;0414020154 - GENGIVECTOMIA (POR SEXTANTE);1;24641
2023;6;BPA-C;Média complexidade;0010456 - HBDF;0404020623 - RETIRADA DE MATERIAL DE SÍNTESE ÓSSEA / DENTÁRIA;7;23407
2023;6;Eletivo;Média complexidade;0010499 - HRT;0405010184 - TRATAMENTO CIRURGICO DE BLEFAROCALASE;5;23476
2023;7;BPA-C;Média complexidade;0010464 - HRAN;0405050259 - RETIRADA DE CORPO ESTRANHO DA CORNEA;5;23771
2023;10;BPA-C;Média complexidade;9764860 - CEO - Gama;0414020278 - REMOÇÃO DE DENTE RETIDO (INCLUSO / IMPACTADO);130;24961
2023;12;Eletivo;Média complexidade;;0409060089 - EXCISÃO TIPO I DO COLO UTERINO;1;25594
2023;10;Eletivo;Alta complexidade;0010456 - HBDF;0418010064 - IMPLANTE DE CATETER DUPLO LUMEN P/HEMODIALISE;58;24699
2023;8;Eletivo;Média complexidade;0010510 - HUB;0404010270 - REMOCAO DE CERUMEN DE CONDUTO AUDITIVO EXTERNO UNI / BILATERAL;590;24172
2023;5;BPA-C;Média complexidade;9414754 - Policlínica Sobradinho;0409060097 - EXERESE DE POLIPO DE UTERO;1;23285
2023;6;Eletivo;Média complexidade;0010510 - HUB;0409060305 - EXCISÃO TIPO 2 DO COLO UTERINO;1;23500
2023;4;BPA-C;Média complexidade;5598575 - Policlínica Gama;0404010270 - REMOCAO DE CERUMEN DE CONDUTO AUDITIVO EXTERNO UNI / BILATERAL;70;22900
2023;4;BPA-C;Média complexidade;9622845 - CEO - Policlínica Taguatinga;0414020154 - GENGIVECTOMIA (POR SEXTANTE);8;22969
2023;9;BPA-C;Média complexidade;9778144 - Policlínica Asa Norte;0406020140 - EXCISAO E SUTURA DE LINFANGIOMA / NEVUS;16;24693
2023;6;Urgência;Média complexidade;0010529 - HRPL;0409070122 - DRENAGEM DE GLANDULA DE BARTHOLIN / SKENE;2;23518
2023;5;BPA-C;Atenção Básica;0010472 - HRG;0414020138 - EXODONTIA DE DENTE PERMANENTE;8;23091
2023;5;BPA-C;Média complexidade;0010464 - HRAN;0409060097 - EXERESE DE POLIPO DE UTERO;1;23075
2023;7;BPA-C;Atenção Básica;9772243 - CEO - Paranoá;0414020138 - EXODONTIA DE DENTE PERMANENTE;29;24038
2023;8;Urgência;Alta complexidade;0010502 - HRS;0418010030 - CONFECCAO DE FISTULA ARTERIO-VENOSA P/ HEMODIALISE;1;24151
2023;7;BPA-C;Média complexidade;9620311 - Policlínica Guará I;0404010270 - REMOCAO DE CERUMEN DE CONDUTO AUDITIVO EXTERNO UNI / BILATERAL;57;23977
2023;3;BPA-C;Média complexidade;0010472 - HRG;0414020219 - ODONTOSECÇÃO / RADILECTOMIA / TUNELIZAÇÃO;1;22477
2023;6;Eletivo;Média complexidade;0010499 - HRT;0405050089 - EXERESE DE TUMOR DE CONJUNTIVA;2;23477
2023;11;Eletivo;Média complexidade;5717515 - HRSM;0414020154 - GENGIVECTOMIA (POR SEXTANTE);5;25165
2023;5;Eletivo;Média complexidade;0010510 - HUB;0414020090 - ENXERTO ÓSSEO DE ÁREA DOADORA INTRABUCAL;3;23156
2023;1;BPA-C;Média complexidade;0010456 - HBDF;0414020073 - CURETAGEM PERIAPICAL;1;21836
2023;3;BPA-C;Média complexidade;0010456 - HBDF;0404020577 - REDUÇÃO DE FRATURA ALVEOLO-DENTÁRIA SEM OSTEOSSÍNTESE;4;22413
2023;12;BPA-C;Média complexidade;9772243 - CEO - Paranoá;0414020219 - ODONTOSECÇÃO / RADILECTOMIA / TUNELIZAÇÃO;10;25557
2023;2;BPA-C;Atenção Básica;0011339 - FHB;0414020138 - EXODONTIA DE DENTE PERMANENTE;8;22251
2023;1;BPA-C;Média complexidade;5598575 - Policlínica Gama;0404010270 - REMOCAO DE CERUMEN DE CONDUTO AUDITIVO EXTERNO UNI / BILATERAL;99;21986
2023;3;Eletivo;Alta complexidade;0010499 - HRT;0418010064 - IMPLANTE DE CATETER DUPLO LUMEN P/HEMODIALISE;15;22484
2023;3;Eletivo;Média complexidade;0010510 - HUB;0414020057 - CORREÇÃO DE IRREGULARIDADES DE REBORDO ALVEOLAR;12;22528
2023;12;Eletivo;Média complexidade;3055450 - CBV;0405030223 - REMOÇÃO DE ÓLEO DE SILICONE;16;25435
2023;3;Eletivo;Média complexidade;0010464 - HRAN;0413010058 - CURATIVO EM PEQUENO QUEIMADO;280;22469
2023;3;Eletivo;Atenção Básica;0010537 - HMIB;0414020120 - EXODONTIA DE DENTE DECÍDUO;71;22546
2023;9;Urgência;Média complexidade;5717515 - HRSM;0404020097 - EXCISÃO E SUTURA DE LESÃO NA BOCA;7;24580
2023;11;Eletivo;Atenção Básica;9690735 - CEO - Planaltina;0414020430 - EXODONTIA DE DENTE SUPRANUMERÁRIO;1;25250
2023;7;Eletivo;Média complexidade;9516212 - Policlínica Paranoá;0409060089 - EXCISÃO TIPO I DO COLO UTERINO;2;23966
2023;11;Eletivo;Média complexidade;0010456 - HBDF;0407010254 - RETIRADA DE POLIPO DO TUBO DIGESTIVO POR ENDOSCOPIA;5;25043
2023;2;BPA-C;Média complexidade;0010464 - HRAN;0413040011 - AUTONOMIZACAO DE RETALHO;1;22160
2023;12;Urgência;Média complexidade;0010456 - HBDF;0404010342 - TAMPONAMENTO NASAL ANTERIOR E/OU POSTERIOR;6;25346
2023;1;BPA-C;Média complexidade;9676473 - CEO - Ceilândia I;0414020375 - TRATAMENTO CIRÚRGICO PERIODONTAL (POR SEXTANTE);1;22073
2023;4;BPA-C;Média complexidade;0010502 - HRS;0409010448 - TRATAMENTO CIRURGICO DE FISTULA VESICO-CUTANEA;1;22829
2023;9;BPA-C;Média complexidade;9622918 - CEO - Taguatinga;0414020030 - APROFUNDAMENTO DE VESTÍBULO ORAL (POR SEXTANTE);1;24636
2023;11;Eletivo;Média complexidade;0010456 - HBDF;0404020038 - CORREÇÃO CIRÚRGICA DE FÍSTULA ORO-NASAL / ORO-SINUSAL;1;25036
2023;7;Eletivo;Média complexidade;9620311 - Policlínica Guará I;0404010318 - RETIRADA DE CORPO ESTRANHO DE OUVIDO / FARINGE / LARINGE / NARIZ;1;23978
2023;1;Eletivo;Alta complexidade;2779420 - Davita NEFRO Asa Sul;0418010048 - IMPLANTE DE CATETER DE LONGA PERMANÊNCIA P/ HEMODIALISE;1;21964
2023;2;Eletivo;Alta complexidade;5479878 - Davita Sobradinho;0418010064 - IMPLANTE DE CATETER DUPLO LUMEN P/HEMODIALISE;6;22281
2023;8;BPA-C;Média complexidade;9622918 - CEO - Taguatinga;0414010361 - EXERESE DE CISTO ODONTOGÊNICO E NÃO-ODONTOGÊNICO;1;24332
2023;10;Eletivo;Média complexidade;3055450 - CBV;0405030134 - VITRECTOMIA ANTERIOR;24;24818
2023;8;BPA-C;Atenção Básica;0010499 - HRT;0413010023 - ATENDIMENTO DE URGÊNCIA EM PEQUENO QUEIMADO;1;24133
2023;4;BPA-C;Atenção Básica;6876617 - HCB;0414020138 - EXODONTIA DE DENTE PERMANENTE;4;22933
2023;5;BPA-C;Média complexidade;0010464 - HRAN;0405050259 - RETIRADA DE CORPO ESTRANHO DA CORNEA;3;23071
2023;1;Eletivo;Média complexidade;3055450 - CBV;0405050020 - CAPSULOTOMIA A YAG LASER;16;21975
2023;2;BPA-C;Atenção Básica;6876617 - HCB;0414020120 - EXODONTIA DE DENTE DECÍDUO;17;22310
2023;1;Eletivo;Alta complexidade;0010456 - HBDF;0418010064 - IMPLANTE DE CATETER DUPLO LUMEN P/HEMODIALISE;49;21820
2023;2;Eletivo;Média complexidade;5717515 - HRSM;0408060352 - RETIRADA DE FIO OU PINO INTRA-ÓSSEO;6;22293
2023;5;Urgência;Média complexidade;5717515 - HRSM;0404020054 - DRENAGEM DE ABSCESSO DA BOCA E ANEXOS;5;23246
2023;5;BPA-C;Média complexidade;0010499 - HRT;0405010060 - EPILACAO DE CILIOS;2;23113
2023;6;BPA-C;Atenção Básica;9778136 - CEO - Asa Norte;0414020120 - EXODONTIA DE DENTE DECÍDUO;1;23716
2023;1;BPA-C;Média complexidade;0010456 - HBDF;0404020623 - RETIRADA DE MATERIAL DE SÍNTESE ÓSSEA / DENTÁRIA;5;21829
2023;9;Eletivo;Média complexidade;0010510 - HUB;0414020073 - CURETAGEM PERIAPICAL;68;24510
2023;7;Eletivo;Alta complexidade;0010499 - HRT;0405050372 - FACOEMULSIFICACAO C/ IMPLANTE DE LENTE INTRA-OCULAR DOBRAVEL;106;23808
2023;11;Eletivo;Média complexidade;0010464 - HRAN;0413010040 - CURATIVO EM MEDIO QUEIMADO;1395;25064
2023;6;BPA-C;Média complexidade;9622845 - CEO - Policlínica Taguatinga;0414020278 - REMOÇÃO DE DENTE RETIDO (INCLUSO / IMPACTADO);33;23653
2023;3;Eletivo;Alta complexidade;3224228 - Renal Care;0418010048 - IMPLANTE DE CATETER DE LONGA PERMANÊNCIA P/ HEMODIALISE;1;22582
2023;1;Urgência;Média complexidade;5717515 - HRSM;0407040196 - PARACENTESE ABDOMINAL;2;22009
2023;7;Eletivo;Alta complexidade;9967486 - IBRANE;0418010064 - IMPLANTE DE CATETER DUPLO LUMEN P/HEMODIALISE;4;24053
2023;3;Eletivo;Alta complexidade;0010499 - HRT;0418020035 - RETIRADA DE CATETER TIPO TENCKHOFF / SIMILAR DE LONGA PERMANÊNCIA;6;22486
2023;8;BPA-C;Média complexidade;6876617 - HCB;0406020140 - EXCISAO E SUTURA DE LINFANGIOMA / NEVUS;7;24283
2023;7;Eletivo;Média complexidade;0010464 - HRAN;0404020100 - EXCISÃO EM CUNHA DE LÁBIO;2;23780
2023;1;BPA-C;Média complexidade;0010464 - HRAN;0409060097 - EXERESE DE POLIPO DE UTERO;2;21865
2023;2;Eletivo;Média complexidade;0010499 - HRT;0409040240 - VASECTOMIA;4;22196
2023;1;Eletivo;Atenção Básica;0010510 - HUB;0414020120 - EXODONTIA DE DENTE DECÍDUO;27;21913
2023;7;Eletivo;Média complexidade;9778136 - CEO - Asa Norte;0404020097 - EXCISÃO E SUTURA DE LESÃO NA BOCA;1;24049
2023;10;BPA-C;Média complexidade;9690719 - CEO - Sobradinho;0404020488 - OSTEOTOMIA DAS FRATURAS ALVEOLO-DENTÁRIAS;1;24934
2023;7;BPA-C;Média complexidade;9772243 - CEO - Paranoá;0414020073 - CURETAGEM PERIAPICAL;8;24039
2023;4;Eletivo;Média complexidade;3055450 - CBV;0405030215 - RETINOPEXIA PNEUMÁTICA;24;22884
2023;1;BPA-C;Média complexidade;9778136 - CEO - Asa Norte;0414020162 - GENGIVOPLASTIA (POR SEXTANTE);1;22107
2023;5;BPA-C;Média complexidade;0010456 - HBDF;0414020057 - CORREÇÃO DE IRREGULARIDADES DE REBORDO ALVEOLAR;7;23046
2023;8;BPA-C;Média complexidade;9690719 - CEO - Sobradinho;0414020022 - APICECTOMIA COM OU SEM OBTURAÇÃO RETRÓGRADA;2;24353
2023;11;BPA-C;Atenção Básica;9690735 - CEO - Planaltina;0414020120 - EXODONTIA DE DENTE DECÍDUO;4;25248
2023;2;Eletivo;Média complexidade;0010510 - HUB;0404020097 - EXCISÃO E SUTURA DE LESÃO NA BOCA;1;22211
2023;5;Eletivo;Média complexidade;0010464 - HRAN;0405030053 - INJECAO INTRA-VITREO;3;23079
2023;5;Eletivo;Alta complexidade;3224228 - Renal Care;0418010080 - IMPLANTE DE CATETER TIPO TENCKHOFF OU SIMILAR P/ DPA/DPAC;8;23215
2023;5;BPA-C;Média complexidade;0010456 - HBDF;0404020623 - RETIRADA DE MATERIAL DE SÍNTESE ÓSSEA / DENTÁRIA;8;23039
2023;5;BPA-C;Média complexidade;9622918 - CEO - Taguatinga;0414020057 - CORREÇÃO DE IRREGULARIDADES DE REBORDO ALVEOLAR;18;23325
2023;8;Eletivo;Média complexidade;0010480 - HRC;0409070122 - DRENAGEM DE GLANDULA DE BARTHOLIN / SKENE;1;24126
2023;11;BPA-C;Atenção Básica;9578560 - CEO 11 - Ceilândia;0414020120 - EXODONTIA DE DENTE DECÍDUO;3;25207
2023;10;Eletivo;Média complexidade;5717515 - HRSM;0404020097 - EXCISÃO E SUTURA DE LESÃO NA BOCA;2;24843
2023;7;BPA-C;Média complexidade;9622918 - CEO - Taguatinga;0414020065 - CORREÇÃO DE TUBEROSIDADE DO MAXILAR;18;23997
2023;10;BPA-C;Média complexidade;9621709 - Policlínica II Taguatinga;0404010270 - REMOCAO DE CERUMEN DE CONDUTO AUDITIVO EXTERNO UNI / BILATERAL;170;24899
2023;3;Eletivo;Média complexidade;0010510 - HUB;0414020073 - CURETAGEM PERIAPICAL;70;22529
2023;2;Urgência;Alta complexidade;0010502 - HRS;0418010064 - IMPLANTE DE CATETER DUPLO LUMEN P/HEMODIALISE;10;22201
2023;1;BPA-C;Média complexidade;9778144 - Policlínica Asa Norte;0406020140 - EXCISAO E SUTURA DE LINFANGIOMA / NEVUS;16;22112
2023;3;BPA-C;Média complexidade;0010472 - HRG;0405050259 - RETIRADA DE CORPO ESTRANHO DA CORNEA;1;22474
2023;11;Eletivo;Média complexidade;0010499 - HRT;0409040240 - VASECTOMIA;2;25090
2023;12;Eletivo;Média complexidade;0010472 - HRG;0407010254 - RETIRADA DE POLIPO DO TUBO DIGESTIVO POR ENDOSCOPIA;3;25375
2023;7;Eletivo;Atenção Básica;0010537 - HMIB;0414020138 - EXODONTIA DE DENTE PERMANENTE;239;23867
2023;2;Eletivo;Média complexidade;0010510 - HUB;0405050020 - CAPSULOTOMIA A YAG LASER;61;22216
2023;4;BPA-C;Atenção Básica;9778136 - CEO - Asa Norte;0414020120 - EXODONTIA DE DENTE DECÍDUO;2;23014
2023;3;BPA-C;Média complexidade;9578560 - CEO 11 - Ceilândia;0414020057 - CORREÇÃO DE IRREGULARIDADES DE REBORDO ALVEOLAR;34;22653
2023;7;BPA-C;Média complexidade;9578536 - Policlínica Brazlândia;0406020140 - EXCISAO E SUTURA DE LINFANGIOMA / NEVUS;3;23970
2023;3;Eletivo;Média complexidade;0010537 - HMIB;0414020022 - APICECTOMIA COM OU SEM OBTURAÇÃO RETRÓGRADA;2;22550
2023;3;BPA-C;Média complexidade;9622918 - CEO - Taguatinga;0414020057 - CORREÇÃO DE IRREGULARIDADES DE REBORDO ALVEOLAR;4;22682
2023;9;Eletivo;Alta complexidade;9967486 - IBRANE;0418010064 - IMPLANTE DE CATETER DUPLO LUMEN P/HEMODIALISE;2;24695
2023;12;Eletivo;Média complexidade;;0414020367 - TRATAMENTO CIRÚRGICO PARA TRACIONAMENTO DENTAL;1;25601
2023;10;Eletivo;Atenção Básica;5717515 - HRSM;0414020120 - EXODONTIA DE DENTE DECÍDUO;3;24837
2023;3;BPA-C;Média complexidade;0010502 - HRS;0409010448 - TRATAMENTO CIRURGICO DE FISTULA VESICO-CUTANEA;1;22505
2023;8;Urgência;Média complexidade;7592477 - UPA Sobradinho;0407040196 - PARACENTESE ABDOMINAL;1;24298
2023;2;Eletivo;Média complexidade;0010456 - HBDF;0405030053 - INJECAO INTRA-VITREO;72;22143
2023;1;Eletivo;Média complexidade;0010510 - HUB;0409040142 - ORQUIECTOMIA SUBCAPSULAR BILATERAL;1;21920
2023;8;BPA-C;Média complexidade;0010499 - HRT;0405010109 - OCLUSAO DE PONTO LACRIMAL;1;24138
2023;8;Eletivo;Alta complexidade;2779420 - Davita NEFRO Asa Sul;0418010064 - IMPLANTE DE CATETER DUPLO LUMEN P/HEMODIALISE;2;24223
2023;6;BPA-C;Média complexidade;9778136 - CEO - Asa Norte;0414020200 - MARSUPIALIZAÇÃO DE CISTOS E PSEUDOCISTOS;1;23721
2023;10;Urgência;Alta complexidade;0010502 - HRS;0418010064 - IMPLANTE DE CATETER DUPLO LUMEN P/HEMODIALISE;11;24780
2023;11;BPA-C;Média complexidade;6876617 - HCB;0407010327 - TRATAMENTO ESCLEROSANTE DE LESOES NAO HEMORRAGICAS DO APARELHO DIGESTIVO INCLUINDO LIGADURA ELASTICA;1;25180
2023;3;Eletivo;Alta complexidade;0010464 - HRAN;0413010031 - CURATIVO EM GRANDE QUEIMADO;40;22449
2023;10;Eletivo;Média complexidade;0010464 - HRAN;0413010058 - CURATIVO EM PEQUENO QUEIMADO;1086;24752
2023;5;Urgência;Média complexidade;0010529 - HRPL;0408020229 - REDUÇÃO INCRUENTA DE LUXAÇÃO / FRATURA-LUXAÇÃO DO COTOVELO;2;23166
2023;2;BPA-C;Média complexidade;0010529 - HRPL;0415040043 - DEBRIDAMENTO DE ULCERA / NECROSE;4;22232
2023;11;Eletivo;Média complexidade;;0414020057 - CORREÇÃO DE IRREGULARIDADES DE REBORDO ALVEOLAR;17;25304
2023;8;Eletivo;Média complexidade;9715797 - CEO - Guará;0404020089 - EXCISÃO DE RÂNULA OU FENÔMENO DE RETENÇÃO SALIVAR;1;24376
2023;3;BPA-C;Média complexidade;0010464 - HRAN;0415040043 - DEBRIDAMENTO DE ULCERA / NECROSE;1;22458
2023;4;Eletivo;Média complexidade;0010480 - HRC;0409070122 - DRENAGEM DE GLANDULA DE BARTHOLIN / SKENE;1;22807
2023;7;Eletivo;Média complexidade;0010456 - HBDF;0405050321 - TRABECULECTOMIA;10;23760
2023;10;BPA-C;Média complexidade;9778136 - CEO - Asa Norte;0414020065 - CORREÇÃO DE TUBEROSIDADE DO MAXILAR;1;24975
2023;12;BPA-C;Média complexidade;0010456 - HBDF;0405050364 - TRATAMENTO CIRURGICO DE PTERIGIO;13;25327
2023;7;Eletivo;Atenção Básica;5717515 - HRSM;0414020138 - EXODONTIA DE DENTE PERMANENTE;37;23918
2023;6;Urgência;Média complexidade;5717515 - HRSM;0414020073 - CURETAGEM PERIAPICAL;8;23596
2023;8;Eletivo;Média complexidade;0010472 - HRG;0408010126 - REDUCAO INCRUENTA DE FRATURA E FRATURA-LUXACAO AO NIVEL DA CINTURA ESCAPULAR;1;24122
2023;9;Eletivo;Alta complexidade;2779366 - Oftalmed Matriz;0405050372 - FACOEMULSIFICACAO C/ IMPLANTE DE LENTE INTRA-OCULAR DOBRAVEL;46;24535
2023;8;BPA-C;Média complexidade;0010464 - HRAN;0405040199 - TRATAMENTO CIRURGICO DE XANTELASMA;1;24095
2023;2;BPA-C;Média complexidade;9578536 - Policlínica Brazlândia;0404010270 - REMOCAO DE CERUMEN DE CONDUTO AUDITIVO EXTERNO UNI / BILATERAL;10;22329
2023;7;BPA-C;Média complexidade;9622918 - CEO - Taguatinga;0414020219 - ODONTOSECÇÃO / RADILECTOMIA / TUNELIZAÇÃO;17;23999
2023;12;Eletivo;Média complexidade;0010464 - HRAN;0404010342 - TAMPONAMENTO NASAL ANTERIOR E/OU POSTERIOR;1;25363
2023;5;BPA-C;Média complexidade;9772243 - CEO - Paranoá;0414020073 - CURETAGEM PERIAPICAL;22;23375
2023;12;Eletivo;Atenção Básica;0010499 - HRT;0414020138 - EXODONTIA DE DENTE PERMANENTE;1;25385
2023;2;BPA-C;Média complexidade;9622845 - CEO - Policlínica Taguatinga;0414020219 - ODONTOSECÇÃO / RADILECTOMIA / TUNELIZAÇÃO;24;22353
2023;5;Eletivo;Média complexidade;0010510 - HUB;0405050364 - TRATAMENTO CIRURGICO DE PTERIGIO;31;23147
2023;4;Eletivo;Alta complexidade;0010456 - HBDF;0418010048 - IMPLANTE DE CATETER DE LONGA PERMANÊNCIA P/ HEMODIALISE;7;22736
2023;1;Eletivo;Média complexidade;3055450 - CBV;0405050119 - FACOEMULSIFICACAO C/ IMPLANTE DE LENTE INTRA-OCULAR RIGIDA;12;21976
2023;2;Eletivo;Média complexidade;0010480 - HRC;0408050284 - REDUCAO INCRUENTA DE LUXACAO OU FRATURA / LUXACAO SUBTALAR E INTRATARSICA;1;22183
2023;10;BPA-C;Média complexidade;0010456 - HBDF;0405050364 - TRATAMENTO CIRURGICO DE PTERIGIO;5;24711
2023;4;Urgência;Média complexidade;0010529 - HRPL;0408020245 - REDUÇÃO INCRUENTA DE LUXAÇÃO OU FRATURA / LUXACAO NO PUNHO;1;22852
2023;1;BPA-C;Média complexidade;9778136 - CEO - Asa Norte;0414020278 - REMOÇÃO DE DENTE RETIDO (INCLUSO / IMPACTADO);70;22110
2023;9;BPA-C;Média complexidade;0010464 - HRAN;0413040011 - AUTONOMIZACAO DE RETALHO;1;24446
2023;12;Eletivo;Média complexidade;3055450 - CBV;0405050119 - FACOEMULSIFICACAO C/ IMPLANTE DE LENTE INTRA-OCULAR RIGIDA;13;25437
2023;3;BPA-C;Média complexidade;0010456 - HBDF;0405010141 - SIMBLEFAROPLASTIA;1;22417
2023;3;Eletivo;Alta complexidade;0010456 - HBDF;0405050372 - FACOEMULSIFICACAO C/ IMPLANTE DE LENTE INTRA-OCULAR DOBRAVEL;11;22404
2023;4;Eletivo;Média complexidade;0010537 - HMIB;0414020057 - CORREÇÃO DE IRREGULARIDADES DE REBORDO ALVEOLAR;50;22860
2023;12;Eletivo;Alta complexidade;0010456 - HBDF;0418010021 - CONFECCAO DE FISTULA ARTERIO-VENOSA C/ ENXERTO AUTOLOGO;7;25312
2023;9;BPA-C;Média complexidade;9548858 - Policlínica Núcleo Bandeirante;0415040043 - DEBRIDAMENTO DE ULCERA / NECROSE;1;24606
2023;5;BPA-C;Média complexidade;9620311 - Policlínica Guará I;0404010270 - REMOCAO DE CERUMEN DE CONDUTO AUDITIVO EXTERNO UNI / BILATERAL;55;23300
2023;2;BPA-C;Média complexidade;0010456 - HBDF;0414020146 - EXODONTIA MÚLTIPLA COM ALVEOLOPLASTIA POR SEXTANTE;1;22136
2023;7;BPA-C;Média complexidade;9764860 - CEO - Gama;0414020219 - ODONTOSECÇÃO / RADILECTOMIA / TUNELIZAÇÃO;15;24034
2023;3;Eletivo;Média complexidade;9690719 - CEO - Sobradinho;0404020054 - DRENAGEM DE ABSCESSO DA BOCA E ANEXOS;1;22698
2023;10;BPA-C;Atenção Básica;9690735 - CEO - Planaltina;0414020138 - EXODONTIA DE DENTE PERMANENTE;1;24944
2023;1;Urgência;Média complexidade;0935514 - UPA Paranoá;0407040196 - PARACENTESE ABDOMINAL;1;21959
2023;3;BPA-C;Média complexidade;0010529 - HRPL;0415040043 - DEBRIDAMENTO DE ULCERA / NECROSE;2;22535
2023;5;BPA-C;Média complexidade;0010456 - HBDF;0414020200 - MARSUPIALIZAÇÃO DE CISTOS E PSEUDOCISTOS;1;23048
2023;10;Eletivo;Alta complexidade;0010499 - HRT;0418020035 - RETIRADA DE CATETER TIPO TENCKHOFF / SIMILAR DE LONGA PERMANÊNCIA;2;24767
2023;7;Eletivo;Alta complexidade;0010510 - HUB;0418010080 - IMPLANTE DE CATETER TIPO TENCKHOFF OU SIMILAR P/ DPA/DPAC;2;23833
2023;12;Eletivo;Média complexidade;;0405050070 - CORRECAO CIRURGICA DE HERNIA DE IRIS;1;25584
2023;12;Urgência;Média complexidade;5717515 - HRSM;0414020073 - CURETAGEM PERIAPICAL;4;25474
2023;3;BPA-C;Média complexidade;0010456 - HBDF;0414010361 - EXERESE DE CISTO ODONTOGÊNICO E NÃO-ODONTOGÊNICO;1;22422
2023;11;Eletivo;Alta complexidade;0010499 - HRT;0405050372 - FACOEMULSIFICACAO C/ IMPLANTE DE LENTE INTRA-OCULAR DOBRAVEL;42;25079
2023;7;Urgência;Média complexidade;5717515 - HRSM;0404020054 - DRENAGEM DE ABSCESSO DA BOCA E ANEXOS;12;23939
2023;4;BPA-C;Média complexidade;6876617 - HCB;0406020140 - EXCISAO E SUTURA DE LINFANGIOMA / NEVUS;4;22934
2023;6;BPA-C;Média complexidade;9621709 - Policlínica II Taguatinga;0404010270 - REMOCAO DE CERUMEN DE CONDUTO AUDITIVO EXTERNO UNI / BILATERAL;173;23639
2023;9;BPA-C;Média complexidade;9622918 - CEO - Taguatinga;0414020057 - CORREÇÃO DE IRREGULARIDADES DE REBORDO ALVEOLAR;37;24637
2023;5;BPA-C;Média complexidade;9676473 - CEO - Ceilândia I;0414020146 - EXODONTIA MÚLTIPLA COM ALVEOLOPLASTIA POR SEXTANTE;4;23335
2023;7;Urgência;Média complexidade;0935514 - UPA Paranoá;0412050170 - TORACOCENTESE/DRENAGEM DE PLEURA;1;23880
2023;9;Eletivo;Média complexidade;3055450 - CBV;0405030134 - VITRECTOMIA ANTERIOR;34;24542
2023;1;BPA-C;Média complexidade;0010456 - HBDF;0405050364 - TRATAMENTO CIRURGICO DE PTERIGIO;4;21833
2023;8;BPA-C;Média complexidade;0010464 - HRAN;0409050067 - PLASTICA DE FREIO BALANO-PREPUCIAL;1;24100
2023;10;Eletivo;Atenção Básica;;0414020138 - EXODONTIA DE DENTE PERMANENTE;55;24992
2023;9;Urgência;Média complexidade;0010456 - HBDF;0404010342 - TAMPONAMENTO NASAL ANTERIOR E/OU POSTERIOR;4;24436
2023;3;BPA-C;Média complexidade;9772243 - CEO - Paranoá;0414020375 - TRATAMENTO CIRÚRGICO PERIODONTAL (POR SEXTANTE);2;22719
2023;10;Eletivo;Média complexidade;0010537 - HMIB;0414020057 - CORREÇÃO DE IRREGULARIDADES DE REBORDO ALVEOLAR;202;24794
2023;9;Eletivo;Média complexidade;0010510 - HUB;0409060089 - EXCISÃO TIPO I DO COLO UTERINO;1;24507
2023;4;BPA-C;Média complexidade;0010472 - HRG;0405050364 - TRATAMENTO CIRURGICO DE PTERIGIO;38;22800
2023;4;Eletivo;Média complexidade;2779366 - Oftalmed Matriz;0405030134 - VITRECTOMIA ANTERIOR;1;22874
2023;4;Eletivo;Média complexidade;0010456 - HBDF;0405040202 - TRATAMENTO DE PTOSE PALPEBRAL;2;22768
2023;6;Eletivo;Alta complexidade;3459918 - Nephron Brasília;0418010048 - IMPLANTE DE CATETER DE LONGA PERMANÊNCIA P/ HEMODIALISE;1;23563
2023;2;BPA-C;Atenção Básica;9622845 - CEO - Policlínica Taguatinga;0414020120 - EXODONTIA DE DENTE DECÍDUO;6;22347
2023;2;Eletivo;Média complexidade;0010464 - HRAN;0409060089 - EXCISÃO TIPO I DO COLO UTERINO;2;22169
2023;10;BPA-C;Média complexidade;0010472 - HRG;0405050364 - TRATAMENTO CIRURGICO DE PTERIGIO;22;24754
2023;5;BPA-C;Atenção Básica;9715797 - CEO - Guará;0414020120 - EXODONTIA DE DENTE DECÍDUO;4;23354
2023;9;Eletivo;Média complexidade;0010456 - HBDF;0405050151 - IMPLANTE SECUNDARIO DE LENTE INTRA-OCULAR - LIO;1;24432
2023;1;BPA-C;Média complexidade;9622918 - CEO - Taguatinga;0414020057 - CORREÇÃO DE IRREGULARIDADES DE REBORDO ALVEOLAR;21;22062
2023;6;BPA-C;Média complexidade;0010456 - HBDF;0414020278 - REMOÇÃO DE DENTE RETIDO (INCLUSO / IMPACTADO);12;23416
2023;3;Eletivo;Atenção Básica;0010510 - HUB;0414020120 - EXODONTIA DE DENTE DECÍDUO;3;22516
2023;8;Eletivo;Média complexidade;0010472 - HRG;0408020156 - REDUÇÃO INCRUENTA DE FRATURA / LESÃO FISARIA DE COTOVELO;1;24123
2023;1;BPA-C;Atenção Básica;9690719 - CEO - Sobradinho;0414020138 - EXODONTIA DE DENTE PERMANENTE;1;22075
2023;4;BPA-C;Média complexidade;6876617 - HCB;0407010319 - TRATAMENTO ESCLEROSANTE / LIGADURA ELASTICA DE LESAO HEMORRAGICA DO APARELHO DIGESTIVO;2;22935
2023;4;Eletivo;Média complexidade;5717515 - HRSM;0404020054 - DRENAGEM DE ABSCESSO DA BOCA E ANEXOS;2;22907
2023;2;Eletivo;Média complexidade;5717515 - HRSM;0414020073 - CURETAGEM PERIAPICAL;104;22298
2023;3;BPA-C;Média complexidade;0010502 - HRS;0414020146 - EXODONTIA MÚLTIPLA COM ALVEOLOPLASTIA POR SEXTANTE;1;22506
2023;5;BPA-C;Média complexidade;0010502 - HRS;0406020140 - EXCISAO E SUTURA DE LINFANGIOMA / NEVUS;1;23127
2023;8;Eletivo;Média complexidade;5598575 - Policlínica Gama;0404010318 - RETIRADA DE CORPO ESTRANHO DE OUVIDO / FARINGE / LARINGE / NARIZ;1;24248
2023;9;BPA-C;Média complexidade;9772243 - CEO - Paranoá;0414020200 - MARSUPIALIZAÇÃO DE CISTOS E PSEUDOCISTOS;1;24680
2023;5;BPA-C;Média complexidade;0010464 - HRAN;0413040011 - AUTONOMIZACAO DE RETALHO;1;23076
2023;9;BPA-C;Média complexidade;9621709 - Policlínica II Taguatinga;0404010156 - INFILTRACAO MEDICAMENTOSA EM CORNETO INFERIOR;1;24619
2023;5;BPA-C;Média complexidade;9778136 - CEO - Asa Norte;0414020219 - ODONTOSECÇÃO / RADILECTOMIA / TUNELIZAÇÃO;4;23388
2023;12;BPA-C;Média complexidade;9690719 - CEO - Sobradinho;0414020154 - GENGIVECTOMIA (POR SEXTANTE);1;25538
2023;5;Eletivo;Média complexidade;0010499 - HRT;0405010184 - TRATAMENTO CIRURGICO DE BLEFAROCALASE;5;23116
2023;12;BPA-C;Média complexidade;9690719 - CEO - Sobradinho;0414020278 - REMOÇÃO DE DENTE RETIDO (INCLUSO / IMPACTADO);59;25540
2023;5;BPA-C;Média complexidade;9690719 - CEO - Sobradinho;0414020073 - CURETAGEM PERIAPICAL;17;23344
2023;7;Eletivo;Média complexidade;0010537 - HMIB;0404020054 - DRENAGEM DE ABSCESSO DA BOCA E ANEXOS;3;23870
2023;11;Eletivo;Média complexidade;9622918 - CEO - Taguatinga;0404020445 - CONTENÇÃO DE DENTES POR SPLINTAGEM;6;25234
2023;3;BPA-C;Média complexidade;9764860 - CEO - Gama;0414020375 - TRATAMENTO CIRÚRGICO PERIODONTAL (POR SEXTANTE);1;22712
2023;9;Eletivo;Alta complexidade;0010456 - HBDF;0418010064 - IMPLANTE DE CATETER DUPLO LUMEN P/HEMODIALISE;47;24408
2023;4;Eletivo;Média complexidade;0010456 - HBDF;0405050321 - TRABECULECTOMIA;12;22773
2023;2;BPA-C;Atenção Básica;9676473 - CEO - Ceilândia I;0414020120 - EXODONTIA DE DENTE DECÍDUO;7;22367
2023;3;Eletivo;Alta complexidade;2779420 - Davita NEFRO Asa Sul;0418020019 - INTERVENCAO EM FISTULA ARTERIO-VENOSA;4;22568
2023;5;BPA-C;Média complexidade;0010502 - HRS;0414020278 - REMOÇÃO DE DENTE RETIDO (INCLUSO / IMPACTADO);3;23129
2023;10;Eletivo;Média complexidade;5717515 - HRSM;0407040196 - PARACENTESE ABDOMINAL;2;24848
2023;10;BPA-C;Atenção Básica;9622918 - CEO - Taguatinga;0414020138 - EXODONTIA DE DENTE PERMANENTE;109;24914
2023;11;BPA-C;Média complexidade;9578560 - CEO 11 - Ceilândia;0414020375 - TRATAMENTO CIRÚRGICO PERIODONTAL (POR SEXTANTE);2;25213
2023;5;Eletivo;Alta complexidade;0010510 - HUB;0418010048 - IMPLANTE DE CATETER DE LONGA PERMANÊNCIA P/ HEMODIALISE;8;23132
2023;8;Eletivo;Alta complexidade;0010499 - HRT;0418010030 - CONFECCAO DE FISTULA ARTERIO-VENOSA P/ HEMODIALISE;3;24128
2023;4;Eletivo;Média complexidade;0010510 - HUB;0414020146 - EXODONTIA MÚLTIPLA COM ALVEOLOPLASTIA POR SEXTANTE;32;22842
2023;9;BPA-C;Média complexidade;0010456 - HBDF;0405050364 - TRATAMENTO CIRURGICO DE PTERIGIO;5;24417
2023;6;Eletivo;Média complexidade;3055450 - CBV;0405050321 - TRABECULECTOMIA;3;23559
2023;10;Eletivo;Média complexidade;5717515 - HRSM;0404020445 - CONTENÇÃO DE DENTES POR SPLINTAGEM;1;24844
2023;6;Urgência;Média complexidade;0945595 - UPA Riacho Fundo;0404020097 - EXCISÃO E SUTURA DE LESÃO NA BOCA;1;23532
2023;10;BPA-C;Média complexidade;9578501 - Policlínica II Ceilândia;0407010319 - TRATAMENTO ESCLEROSANTE / LIGADURA ELASTICA DE LESAO HEMORRAGICA DO APARELHO DIGESTIVO;3;24886
2023;2;BPA-C;Média complexidade;9414754 - Policlínica Sobradinho;0404010270 - REMOCAO DE CERUMEN DE CONDUTO AUDITIVO EXTERNO UNI / BILATERAL;2;22324
2023;5;BPA-C;Média complexidade;9676473 - CEO - Ceilândia I;0414020219 - ODONTOSECÇÃO / RADILECTOMIA / TUNELIZAÇÃO;10;23336
2023;3;BPA-C;Média complexidade;0010472 - HRG;0414020073 - CURETAGEM PERIAPICAL;2;22476
2023;12;BPA-C;Média complexidade;9778136 - CEO - Asa Norte;0414020219 - ODONTOSECÇÃO / RADILECTOMIA / TUNELIZAÇÃO;4;25565
2023;11;Eletivo;Média complexidade;0010456 - HBDF;0404010318 - RETIRADA DE CORPO ESTRANHO DE OUVIDO / FARINGE / LARINGE / NARIZ;1;25035
2023;3;Eletivo;Alta complexidade;5479878 - Davita Sobradinho;0418020019 - INTERVENCAO EM FISTULA ARTERIO-VENOSA;9;22588
2023;11;Eletivo;Média complexidade;9715797 - CEO - Guará;0404020097 - EXCISÃO E SUTURA DE LESÃO NA BOCA;10;25256
2023;8;BPA-C;Atenção Básica;9622918 - CEO - Taguatinga;0414020138 - EXODONTIA DE DENTE PERMANENTE;159;24330
2023;7;BPA-C;Atenção Básica;9578560 - CEO 11 - Ceilândia;0414020120 - EXODONTIA DE DENTE DECÍDUO;3;23971
2023;2;Urgência;Média complexidade;0010529 - HRPL;0409070122 - DRENAGEM DE GLANDULA DE BARTHOLIN / SKENE;5;22240
2023;6;Eletivo;Média complexidade;0010464 - HRAN;0407010254 - RETIRADA DE POLIPO DO TUBO DIGESTIVO POR ENDOSCOPIA;2;23443
2023;7;Eletivo;Média complexidade;3055450 - CBV;0405050305 - SUTURA DE CORNEA;36;23905
2023;8;BPA-C;Média complexidade;0010456 - HBDF;0404020623 - RETIRADA DE MATERIAL DE SÍNTESE ÓSSEA / DENTÁRIA;14;24066
2023;10;Eletivo;Alta complexidade;;0418010048 - IMPLANTE DE CATETER DE LONGA PERMANÊNCIA P/ HEMODIALISE;10;24987
2023;9;BPA-C;Média complexidade;0010464 - HRAN;0405050364 - TRATAMENTO CIRURGICO DE PTERIGIO;21;24443
2023;9;BPA-C;Média complexidade;9505709 - Policlínica Planaltina;0409060097 - EXERESE DE POLIPO DE UTERO;1;24603
2023;11;Eletivo;Alta complexidade;3224228 - Renal Care;0418020035 - RETIRADA DE CATETER TIPO TENCKHOFF / SIMILAR DE LONGA PERMANÊNCIA;2;25146
2023;6;Eletivo;Média complexidade;0010510 - HUB;0407040196 - PARACENTESE ABDOMINAL;9;23496
2023;11;Eletivo;Média complexidade;3055450 - CBV;0405030053 - INJECAO INTRA-VITREO;20;25134
2023;4;Eletivo;Média complexidade;2779366 - Oftalmed Matriz;0405050020 - CAPSULOTOMIA A YAG LASER;6;22875
2023;10;Eletivo;Média complexidade;9622918 - CEO - Taguatinga;0404020054 - DRENAGEM DE ABSCESSO DA BOCA E ANEXOS;1;24925
2023;7;Urgência;Média complexidade;5717515 - HRSM;0414020219 - ODONTOSECÇÃO / RADILECTOMIA / TUNELIZAÇÃO;1;23943
2023;9;Eletivo;Média complexidade;0010464 - HRAN;0409060089 - EXCISÃO TIPO I DO COLO UTERINO;1;24459
2023;4;Eletivo;Média complexidade;9715797 - CEO - Guará;0404020097 - EXCISÃO E SUTURA DE LESÃO NA BOCA;2;22998
2023;3;BPA-C;Média complexidade;9622918 - CEO - Taguatinga;0414020154 - GENGIVECTOMIA (POR SEXTANTE);3;22686
2023;8;BPA-C;Média complexidade;9516212 - Policlínica Paranoá;0409060097 - EXERESE DE POLIPO DE UTERO;1;24304
2023;7;Eletivo;Média complexidade;0010464 - HRAN;0409070122 - DRENAGEM DE GLANDULA DE BARTHOLIN / SKENE;1;23791
2023;10;Eletivo;Média complexidade;0010537 - HMIB;0414020146 - EXODONTIA MÚLTIPLA COM ALVEOLOPLASTIA POR SEXTANTE;6;24797
2023;12;Eletivo;Alta complexidade;2779366 - Oftalmed Matriz;0405050372 - FACOEMULSIFICACAO C/ IMPLANTE DE LENTE INTRA-OCULAR DOBRAVEL;21;25426
2023;6;BPA-C;Média complexidade;9622918 - CEO - Taguatinga;0414020375 - TRATAMENTO CIRÚRGICO PERIODONTAL (POR SEXTANTE);2;23662
2023;5;Urgência;Média complexidade;5717515 - HRSM;0414020219 - ODONTOSECÇÃO / RADILECTOMIA / TUNELIZAÇÃO;1;23255
2023;3;BPA-C;Atenção Básica;0010596 - Cent. Espec. Doenças Infecciosas;0414020138 - EXODONTIA DE DENTE PERMANENTE;14;22554
2023;6;Eletivo;Alta complexidade;2779420 - Davita NEFRO Asa Sul;0418010064 - IMPLANTE DE CATETER DUPLO LUMEN P/HEMODIALISE;7;23544
2023;8;Eletivo;Alta complexidade;0010499 - HRT;0418010064 - IMPLANTE DE CATETER DUPLO LUMEN P/HEMODIALISE;30;24130
2023;8;Eletivo;Alta complexidade;5479878 - Davita Sobradinho;0418010064 - IMPLANTE DE CATETER DUPLO LUMEN P/HEMODIALISE;2;24244
2023;3;Urgência;Média complexidade;0010529 - HRPL;0407040196 - PARACENTESE ABDOMINAL;1;22536
2023;5;Eletivo;Alta complexidade;2779420 - Davita NEFRO Asa Sul;0418010064 - IMPLANTE DE CATETER DUPLO LUMEN P/HEMODIALISE;5;23199
2023;10;Eletivo;Média complexidade;0010456 - HBDF;0405040075 - EVISCERACAO DE GLOBO OCULAR;1;24722
2023;12;BPA-C;Atenção Básica;2649527 - HAB;0414020120 - EXODONTIA DE DENTE DECÍDUO;4;25422
2023;4;Eletivo;Alta complexidade;2779420 - Davita NEFRO Asa Sul;0418010064 - IMPLANTE DE CATETER DUPLO LUMEN P/HEMODIALISE;3;22877
2023;6;BPA-C;Atenção Básica;0010472 - HRG;0414020138 - EXODONTIA DE DENTE PERMANENTE;5;23451
2023;6;BPA-C;Média complexidade;9578560 - CEO 11 - Ceilândia;0414020278 - REMOÇÃO DE DENTE RETIDO (INCLUSO / IMPACTADO);45;23636
2023;6;Eletivo;Média complexidade;2672197 - HRSam;0409070122 - DRENAGEM DE GLANDULA DE BARTHOLIN / SKENE;1;23538
2023;1;Eletivo;Média complexidade;0010464 - HRAN;0405010184 - TRATAMENTO CIRURGICO DE BLEFAROCALASE;12;21867
2023;3;Eletivo;Média complexidade;3055450 - CBV;0405030215 - RETINOPEXIA PNEUMÁTICA;31;22575
2023;5;Eletivo;Média complexidade;0010456 - HBDF;0405050097 - FACECTOMIA C/ IMPLANTE DE LENTE INTRA-OCULAR;1;23059
2023;12;BPA-C;Atenção Básica;9578560 - CEO 11 - Ceilândia;0414020138 - EXODONTIA DE DENTE PERMANENTE;8;25504
2023;2;Eletivo;Média complexidade;3055450 - CBV;0405050291 - SUTURA DE CONJUNTIVA;35;22273
2023;2;Eletivo;Média complexidade;0010456 - HBDF;0405010010 - CORRECAO CIRURGICA DE ENTROPIO E ECTROPIO;2;22141
2023;8;BPA-C;Média complexidade;9621709 - Policlínica II Taguatinga;0415040043 - DEBRIDAMENTO DE ULCERA / NECROSE;9;24316
2023;12;Eletivo;Média complexidade;;0414010361 - EXERESE DE CISTO ODONTOGÊNICO E NÃO-ODONTOGÊNICO;4;25595
2023;9;Eletivo;Média complexidade;0010499 - HRT;0415040035 - DEBRIDAMENTO DE ULCERA / DE TECIDOS DESVITALIZADOS;1;24479
2023;7;BPA-C;Atenção Básica;9772243 - CEO - Paranoá;0414020120 - EXODONTIA DE DENTE DECÍDUO;7;24037
2023;4;Urgência;Alta complexidade;0010502 - HRS;0418010064 - IMPLANTE DE CATETER DUPLO LUMEN P/HEMODIALISE;14;22827
2023;3;BPA-C;Atenção Básica;9578560 - CEO 11 - Ceilândia;0414020120 - EXODONTIA DE DENTE DECÍDUO;1;22650
2023;3;Eletivo;Alta complexidade;3055450 - CBV;0405050372 - FACOEMULSIFICACAO C/ IMPLANTE DE LENTE INTRA-OCULAR DOBRAVEL;36;22569
2023;5;Eletivo;Média complexidade;0010537 - HMIB;0414020278 - REMOÇÃO DE DENTE RETIDO (INCLUSO / IMPACTADO);104;23181
2023;11;Eletivo;Média complexidade;2672197 - HRSam;0409070122 - DRENAGEM DE GLANDULA DE BARTHOLIN / SKENE;1;25128
2023;11;Urgência;Média complexidade;5717515 - HRSM;0404020054 - DRENAGEM DE ABSCESSO DA BOCA E ANEXOS;9;25170
2023;2;Eletivo;Média complexidade;3055450 - CBV;0405030150 - VITRIOLISE A YAG LASER;4;22268
2023;1;Eletivo;Média complexidade;3055450 - CBV;0405030223 - REMOÇÃO DE ÓLEO DE SILICONE;11;21974
2023;1;Eletivo;Média complexidade;0010456 - HBDF;0405040016 - CORRECAO CIRURGICA DE LAGOFTALMO;3;21844
2023;6;BPA-C;Média complexidade;6876617 - HCB;0409010154 - EXTRACAO ENDOSCOPICA DE CORPO ESTRANHO / CALCULO EM URETER;1;23606
2023;12;Eletivo;Média complexidade;0010537 - HMIB;0414020162 - GENGIVOPLASTIA (POR SEXTANTE);6;25408
2023;2;BPA-C;Média complexidade;9622918 - CEO - Taguatinga;0414020146 - EXODONTIA MÚLTIPLA COM ALVEOLOPLASTIA POR SEXTANTE;1;22361
2023;3;Eletivo;Média complexidade;0010510 - HUB;0409040142 - ORQUIECTOMIA SUBCAPSULAR BILATERAL;2;22524
2023;9;Eletivo;Alta complexidade;9967486 - IBRANE;0418020035 - RETIRADA DE CATETER TIPO TENCKHOFF / SIMILAR DE LONGA PERMANÊNCIA;2;24696
2023;6;Eletivo;Média complexidade;0010472 - HRG;0408050250 - REDUCAO INCRUENTA DE FRATURA OU LESAO FISARIA DO JOELHO;1;23458
2023;3;Eletivo;Média complexidade;3055450 - CBV;0405030053 - INJECAO INTRA-VITREO;30;22571
2023;11;Eletivo;Média complexidade;0010464 - HRAN;0405010184 - TRATAMENTO CIRURGICO DE BLEFAROCALASE;7;25059
2023;9;Eletivo;Média complexidade;9772243 - CEO - Paranoá;0404020054 - DRENAGEM DE ABSCESSO DA BOCA E ANEXOS;1;24683
2023;10;BPA-C;Média complexidade;9772243 - CEO - Paranoá;0414020219 - ODONTOSECÇÃO / RADILECTOMIA / TUNELIZAÇÃO;5;24967
2023;1;Eletivo;Atenção Básica;0010537 - HMIB;0414020120 - EXODONTIA DE DENTE DECÍDUO;23;21943
2023;6;BPA-C;Atenção Básica;9690719 - CEO - Sobradinho;0414020120 - EXODONTIA DE DENTE DECÍDUO;1;23669
2023;8;Urgência;Atenção Básica;5717515 - HRSM;0414020383 - TRATAMENTO DE ALVEOLITE;1;24252
2023;10;Eletivo;Média complexidade;0010472 - HRG;0408060352 - RETIRADA DE FIO OU PINO INTRA-ÓSSEO;2;24760
2023;6;BPA-C;Média complexidade;9690719 - CEO - Sobradinho;0414020057 - CORREÇÃO DE IRREGULARIDADES DE REBORDO ALVEOLAR;5;23673
2023;1;BPA-C;Atenção Básica;9676473 - CEO - Ceilândia I;0414020138 - EXODONTIA DE DENTE PERMANENTE;11;22068
2023;5;BPA-C;Média complexidade;9578560 - CEO 11 - Ceilândia;0414020065 - CORREÇÃO DE TUBEROSIDADE DO MAXILAR;5;23295
2023;1;Eletivo;Média complexidade;0010456 - HBDF;0405010010 - CORRECAO CIRURGICA DE ENTROPIO E ECTROPIO;1;21838
2023;2;Eletivo;Alta complexidade;0010502 - HRS;0418010064 - IMPLANTE DE CATETER DUPLO LUMEN P/HEMODIALISE;4;22199
2023;6;Eletivo;Média complexidade;5717515 - HRSM;0414020057 - CORREÇÃO DE IRREGULARIDADES DE REBORDO ALVEOLAR;90;23584
2023;5;BPA-C;Atenção Básica;0010456 - HBDF;0414020138 - EXODONTIA DE DENTE PERMANENTE;32;23033
2023;1;Eletivo;Alta complexidade;0010499 - HRT;0418010048 - IMPLANTE DE CATETER DE LONGA PERMANÊNCIA P/ HEMODIALISE;1;21884
2023;9;BPA-C;Média complexidade;9690735 - CEO - Planaltina;0414020081 - ENXERTO GENGIVAL;1;24660
2023;1;Eletivo;Média complexidade;3055450 - CBV;0405030045 - FOTOCOAGULACAO A LASER;9;21968
2023;9;Eletivo;Média complexidade;0010510 - HUB;0414020367 - TRATAMENTO CIRÚRGICO PARA TRACIONAMENTO DENTAL;3;24515
2023;3;BPA-C;Atenção Básica;0010472 - HRG;0414020383 - TRATAMENTO DE ALVEOLITE;1;22473
2023;10;Eletivo;Média complexidade;0010464 - HRAN;0404020097 - EXCISÃO E SUTURA DE LESÃO NA BOCA;1;24739
2023;1;Urgência;Média complexidade;5717515 - HRSM;0404020089 - EXCISÃO DE RÂNULA OU FENÔMENO DE RETENÇÃO SALIVAR;1;22006
2023;1;Eletivo;Média complexidade;9622845 - CEO - Policlínica Taguatinga;0404020097 - EXCISÃO E SUTURA DE LESÃO NA BOCA;2;22059
2023;3;Eletivo;Média complexidade;5717515 - HRSM;0414020278 - REMOÇÃO DE DENTE RETIDO (INCLUSO / IMPACTADO);196;22610
2023;6;Eletivo;Média complexidade;3055450 - CBV;0405030215 - RETINOPEXIA PNEUMÁTICA;31;23553
2023;7;Eletivo;Média complexidade;2672197 - HRSam;0409070122 - DRENAGEM DE GLANDULA DE BARTHOLIN / SKENE;1;23886
2023;6;Eletivo;Média complexidade;9414754 - Policlínica Sobradinho;0409070122 - DRENAGEM DE GLANDULA DE BARTHOLIN / SKENE;1;23625
2023;7;BPA-C;Média complexidade;9414754 - Policlínica Sobradinho;0405050364 - TRATAMENTO CIRURGICO DE PTERIGIO;13;23962
2023;12;BPA-C;Atenção Básica;7592477 - UPA Sobradinho;0414020120 - EXODONTIA DE DENTE DECÍDUO;1;25492
2023;11;BPA-C;Atenção Básica;6876617 - HCB;0414020120 - EXODONTIA DE DENTE DECÍDUO;46;25176
2023;1;BPA-C;Média complexidade;9690719 - CEO - Sobradinho;0414020162 - GENGIVOPLASTIA (POR SEXTANTE);2;22078
2023;7;BPA-C;Média complexidade;9414754 - Policlínica Sobradinho;0404010270 - REMOCAO DE CERUMEN DE CONDUTO AUDITIVO EXTERNO UNI / BILATERAL;22;23961
2023;5;Eletivo;Média complexidade;0010456 - HBDF;0405020015 - CORRECAO CIRURGICA DE ESTRABISMO (ACIMA DE 2 MUSCULOS);1;23056
2023;6;BPA-C;Média complexidade;9715797 - CEO - Guará;0414020375 - TRATAMENTO CIRÚRGICO PERIODONTAL (POR SEXTANTE);4;23693
2023;3;BPA-C;Atenção Básica;0010456 - HBDF;0404010300 - RETIRADA DE CORPO ESTRANHO DA CAVIDADE AUDITIVA E NASAL;1;22406
2023;11;BPA-C;Atenção Básica;9622845 - CEO - Policlínica Taguatinga;0414020120 - EXODONTIA DE DENTE DECÍDUO;40;25220
2023;6;BPA-C;Média complexidade;9414754 - Policlínica Sobradinho;0404010270 - REMOCAO DE CERUMEN DE CONDUTO AUDITIVO EXTERNO UNI / BILATERAL;6;23621
2023;8;Eletivo;Atenção Básica;0010510 - HUB;0414020359 - TRATAMENTO CIRÚRGICO DE HEMORRAGIA BUCO-DENTAL;2;24169
2023;2;BPA-C;Média complexidade;0010472 - HRG;0405050364 - TRATAMENTO CIRURGICO DE PTERIGIO;40;22177
2023;10;BPA-C;Média complexidade;9414754 - Policlínica Sobradinho;0409060097 - EXERESE DE POLIPO DE UTERO;2;24882
2023;2;Eletivo;Média complexidade;0010499 - HRT;0409070122 - DRENAGEM DE GLANDULA DE BARTHOLIN / SKENE;2;22197
2023;4;BPA-C;Atenção Básica;9622918 - CEO - Taguatinga;0414020405 - ULOTOMIA/ULECTOMIA;1;22977
2023;4;BPA-C;Atenção Básica;0011339 - FHB;0414020138 - EXODONTIA DE DENTE PERMANENTE;17;22866
2023;6;Eletivo;Média complexidade;3055450 - CBV;0405030150 - VITRIOLISE A YAG LASER;1;23552
2023;9;BPA-C;Atenção Básica;6876617 - HCB;0414020120 - EXODONTIA DE DENTE DECÍDUO;22;24587
2023;10;BPA-C;Atenção Básica;9690735 - CEO - Planaltina;0414020120 - EXODONTIA DE DENTE DECÍDUO;7;24943
2023;8;Eletivo;Média complexidade;0010464 - HRAN;0409020036 - EXTRACAO ENDOSCOPICA DE CORPO ESTRANHO / CALCULO NA URETRA C/ CISTOSCOPIA;11;24107
2023;10;BPA-C;Atenção Básica;9778136 - CEO - Asa Norte;0414020138 - EXODONTIA DE DENTE PERMANENTE;35;24973
2023;4;BPA-C;Média complexidade;0010456 - HBDF;0405010060 - EPILACAO DE CILIOS;1;22752
2023;4;Eletivo;Média complexidade;0010456 - HBDF;0407010254 - RETIRADA DE POLIPO DO TUBO DIGESTIVO POR ENDOSCOPIA;8;22774
2023;11;Eletivo;Média complexidade;5717515 - HRSM;0414020294 - REMOÇÃO DE TORUS E EXOSTOSES;1;25168
2023;5;BPA-C;Média complexidade;9715797 - CEO - Guará;0414020278 - REMOÇÃO DE DENTE RETIDO (INCLUSO / IMPACTADO);41;23359
2023;5;BPA-C;Média complexidade;9414754 - Policlínica Sobradinho;0405050364 - TRATAMENTO CIRURGICO DE PTERIGIO;9;23284
2023;1;Eletivo;Média complexidade;0010499 - HRT;0409070122 - DRENAGEM DE GLANDULA DE BARTHOLIN / SKENE;1;21897
2023;11;BPA-C;Atenção Básica;9715797 - CEO - Guará;0414020120 - EXODONTIA DE DENTE DECÍDUO;11;25251
2023;11;BPA-C;Média complexidade;9414754 - Policlínica Sobradinho;0405050364 - TRATAMENTO CIRURGICO DE PTERIGIO;6;25199
2023;8;BPA-C;Média complexidade;0010499 - HRT;0405050364 - TRATAMENTO CIRURGICO DE PTERIGIO;6;24140
2023;10;Eletivo;Média complexidade;0010464 - HRAN;0405010192 - TRATAMENTO CIRURGICO DE TRIQUIASE C/ OU S/ ENXERTO;1;24742
2023;8;Eletivo;Atenção Básica;0010537 - HMIB;0414020138 - EXODONTIA DE DENTE PERMANENTE;44;24200
2023;1;Eletivo;Média complexidade;0010456 - HBDF;0405050089 - EXERESE DE TUMOR DE CONJUNTIVA;1;21847
2023;6;BPA-C;Média complexidade;9676473 - CEO - Ceilândia I;0414020219 - ODONTOSECÇÃO / RADILECTOMIA / TUNELIZAÇÃO;7;23666
2023;2;Eletivo;Média complexidade;0010537 - HMIB;0409040240 - VASECTOMIA;1;22244
2023;2;Eletivo;Alta complexidade;5479878 - Davita Sobradinho;0418020035 - RETIRADA DE CATETER TIPO TENCKHOFF / SIMILAR DE LONGA PERMANÊNCIA;1;22283
2023;11;Eletivo;Média complexidade;0010472 - HRG;0408050195 - REDUCAO INCRUENTA DA LUXACAO / FRATURA-LUXACAO METATARSO-FALANGIANA / INTERFALANGIANA DO PE;1;25075
2023;7;BPA-C;Média complexidade;0010537 - HMIB;0409060062 - DILATACAO DE COLO DO UTERO;15;23869
2023;3;Eletivo;Média complexidade;3055450 - CBV;0405050020 - CAPSULOTOMIA A YAG LASER;10;22577
2023;6;Eletivo;Média complexidade;0010472 - HRG;0407010254 - RETIRADA DE POLIPO DO TUBO DIGESTIVO POR ENDOSCOPIA;11;23455
2023;10;Urgência;Atenção Básica;5717515 - HRSM;0414020138 - EXODONTIA DE DENTE PERMANENTE;2;24839
2023;6;BPA-C;Atenção Básica;9690735 - CEO - Planaltina;0414020138 - EXODONTIA DE DENTE PERMANENTE;16;23685
2023;10;Eletivo;Média complexidade;0010464 - HRAN;0409050083 - POSTECTOMIA;1;24749
2023;7;BPA-C;Atenção Básica;6876617 - HCB;0414020405 - ULOTOMIA/ULECTOMIA;4;23948
2023;1;Eletivo;Média complexidade;0010499 - HRT;0404020054 - DRENAGEM DE ABSCESSO DA BOCA E ANEXOS;2;21894
2023;7;Eletivo;Atenção Básica;0010510 - HUB;0414020120 - EXODONTIA DE DENTE DECÍDUO;5;23834
2023;1;BPA-C;Atenção Básica;9690719 - CEO - Sobradinho;0414020120 - EXODONTIA DE DENTE DECÍDUO;8;22074
2023;3;Eletivo;Média complexidade;6876617 - HCB;0409040061 - EXERESE DE CISTO DE BOLSA ESCROTAL;1;22629
2023;6;BPA-C;Atenção Básica;2649527 - HAB;0414020138 - EXODONTIA DE DENTE PERMANENTE;7;23536
2023;4;BPA-C;Atenção Básica;9578560 - CEO 11 - Ceilândia;0414020120 - EXODONTIA DE DENTE DECÍDUO;2;22952
2023;10;BPA-C;Média complexidade;9578536 - Policlínica Brazlândia;0406020140 - EXCISAO E SUTURA DE LINFANGIOMA / NEVUS;4;24888
2023;8;BPA-C;Média complexidade;0010456 - HBDF;0414020278 - REMOÇÃO DE DENTE RETIDO (INCLUSO / IMPACTADO);20;24075
2023;7;BPA-C;Atenção Básica;9622918 - CEO - Taguatinga;0414020138 - EXODONTIA DE DENTE PERMANENTE;66;23992
2023;12;Eletivo;Alta complexidade;0010456 - HBDF;0405050372 - FACOEMULSIFICACAO C/ IMPLANTE DE LENTE INTRA-OCULAR DOBRAVEL;37;25311
2023;9;Eletivo;Média complexidade;0010456 - HBDF;0404010318 - RETIRADA DE CORPO ESTRANHO DE OUVIDO / FARINGE / LARINGE / NARIZ;1;24425
2023;9;BPA-C;Atenção Básica;9676473 - CEO - Ceilândia I;0414020138 - EXODONTIA DE DENTE PERMANENTE;27;24645
2023;7;BPA-C;Média complexidade;0010456 - HBDF;0405050364 - TRATAMENTO CIRURGICO DE PTERIGIO;2;23743
2023;12;Urgência;Média complexidade;0010456 - HBDF;0404020054 - DRENAGEM DE ABSCESSO DA BOCA E ANEXOS;6;25347
2023;9;Eletivo;Média complexidade;5717515 - HRSM;0414020154 - GENGIVECTOMIA (POR SEXTANTE);2;24575
2023;6;Eletivo;Média complexidade;0010510 - HUB;0406020620 - RETIRADA DE CATETER DE LONGA PERMANÊNCIA SEMI OU TOTALMENTE IMPLANTÁVEL;5;23495
2023;9;BPA-C;Atenção Básica;9715797 - CEO - Guará;0414020120 - EXODONTIA DE DENTE DECÍDUO;1;24661
2023;9;Eletivo;Média complexidade;0010537 - HMIB;0414020057 - CORREÇÃO DE IRREGULARIDADES DE REBORDO ALVEOLAR;4;24530
2023;5;BPA-C;Média complexidade;9622845 - CEO - Policlínica Taguatinga;0414020154 - GENGIVECTOMIA (POR SEXTANTE);2;23314
2023;9;BPA-C;Média complexidade;0010502 - HRS;0406020132 - EXCISAO E SUTURA DE HEMANGIOMA;2;24486
2023;11;Eletivo;Média complexidade;;0405010184 - TRATAMENTO CIRURGICO DE BLEFAROCALASE;42;25294
2023;9;Eletivo;Média complexidade;0010472 - HRG;0408050195 - REDUCAO INCRUENTA DA LUXACAO / FRATURA-LUXACAO METATARSO-FALANGIANA / INTERFALANGIANA DO PE;1;24469
2023;7;BPA-C;Média complexidade;0010464 - HRAN;0409060097 - EXERESE DE POLIPO DE UTERO;1;23776
2023;5;Eletivo;Alta complexidade;0010499 - HRT;0418010048 - IMPLANTE DE CATETER DE LONGA PERMANÊNCIA P/ HEMODIALISE;23;23107
2023;7;BPA-C;Média complexidade;5717515 - HRSM;0415040043 - DEBRIDAMENTO DE ULCERA / NECROSE;257;23924
2023;10;Eletivo;Média complexidade;0010456 - HBDF;0405010079 - EXERESE DE CALAZIO E OUTRAS PEQUENAS LESOES DA PALPEBRA E SUPERCILIOS;1;24719
2023;10;BPA-C;Média complexidade;9778144 - Policlínica Asa Norte;0406020140 - EXCISAO E SUTURA DE LINFANGIOMA / NEVUS;18;24983
2023;9;Eletivo;Média complexidade;9690719 - CEO - Sobradinho;0404020445 - CONTENÇÃO DE DENTES POR SPLINTAGEM;1;24658
2023;12;BPA-C;Média complexidade;9578536 - Policlínica Brazlândia;0406020140 - EXCISAO E SUTURA DE LINFANGIOMA / NEVUS;3;25502
2023;5;Eletivo;Alta complexidade;2779420 - Davita NEFRO Asa Sul;0418010030 - CONFECCAO DE FISTULA ARTERIO-VENOSA P/ HEMODIALISE;1;23197
2023;1;BPA-C;Média complexidade;9622845 - CEO - Policlínica Taguatinga;0414020154 - GENGIVECTOMIA (POR SEXTANTE);1;22053
2023;4;BPA-C;Média complexidade;0010456 - HBDF;0404020577 - REDUÇÃO DE FRATURA ALVEOLO-DENTÁRIA SEM OSTEOSSÍNTESE;1;22748
2023;3;BPA-C;Média complexidade;9778136 - CEO - Asa Norte;0414020057 - CORREÇÃO DE IRREGULARIDADES DE REBORDO ALVEOLAR;2;22723
2023;9;BPA-C;Média complexidade;9622845 - CEO - Policlínica Taguatinga;0414020073 - CURETAGEM PERIAPICAL;61;24630
2023;2;BPA-C;Média complexidade;0010456 - HBDF;0404010270 - REMOCAO DE CERUMEN DE CONDUTO AUDITIVO EXTERNO UNI / BILATERAL;43;22126
2023;1;Eletivo;Alta complexidade;9967486 - IBRANE;0418010048 - IMPLANTE DE CATETER DE LONGA PERMANÊNCIA P/ HEMODIALISE;3;22114
2023;9;Eletivo;Alta complexidade;0010502 - HRS;0418010064 - IMPLANTE DE CATETER DUPLO LUMEN P/HEMODIALISE;1;24480
2023;4;BPA-C;Atenção Básica;9676473 - CEO - Ceilândia I;0414020120 - EXODONTIA DE DENTE DECÍDUO;4;22985
2023;3;BPA-C;Média complexidade;0010499 - HRT;0405050364 - TRATAMENTO CIRURGICO DE PTERIGIO;12;22491
2023;6;BPA-C;Média complexidade;6876617 - HCB;0406020140 - EXCISAO E SUTURA DE LINFANGIOMA / NEVUS;2;23604
2023;10;BPA-C;Atenção Básica;9690719 - CEO - Sobradinho;0414020120 - EXODONTIA DE DENTE DECÍDUO;1;24932
2023;10;Eletivo;Média complexidade;0010472 - HRG;0408020229 - REDUÇÃO INCRUENTA DE LUXAÇÃO / FRATURA-LUXAÇÃO DO COTOVELO;1;24758
2023;3;BPA-C;Média complexidade;9715797 - CEO - Guará;0414020375 - TRATAMENTO CIRÚRGICO PERIODONTAL (POR SEXTANTE);2;22702
2023;7;Eletivo;Média complexidade;0010510 - HUB;0409060089 - EXCISÃO TIPO I DO COLO UTERINO;2;23848
2023;12;Urgência;Atenção Básica;0010464 - HRAN;0414020138 - EXODONTIA DE DENTE PERMANENTE;36;25355
2023;10;BPA-C;Média complexidade;9622918 - CEO - Taguatinga;0414020073 - CURETAGEM PERIAPICAL;38;24919
2023;10;BPA-C;Média complexidade;0010456 - HBDF;0414020200 - MARSUPIALIZAÇÃO DE CISTOS E PSEUDOCISTOS;3;24714
2023;1;Eletivo;Alta complexidade;2779420 - Davita NEFRO Asa Sul;0418010064 - IMPLANTE DE CATETER DUPLO LUMEN P/HEMODIALISE;4;21965
2023;11;Eletivo;Média complexidade;9778136 - CEO - Asa Norte;0404020097 - EXCISÃO E SUTURA DE LESÃO NA BOCA;1;25280
2023;12;Eletivo;Média complexidade;0010472 - HRG;0408050195 - REDUCAO INCRUENTA DA LUXACAO / FRATURA-LUXACAO METATARSO-FALANGIANA / INTERFALANGIANA DO PE;1;25379
2023;12;Eletivo;Média complexidade;0010502 - HRS;0408060042 - AMPUTAÇÃO / DESARTICULAÇÃO DE DEDO;1;25393
2023;2;Eletivo;Média complexidade;0010499 - HRT;0405010184 - TRATAMENTO CIRURGICO DE BLEFAROCALASE;9;22194
2023;11;Eletivo;Média complexidade;0010472 - HRG;0408050284 - REDUCAO INCRUENTA DE LUXACAO OU FRATURA / LUXACAO SUBTALAR E INTRATARSICA;1;25077
2023;2;BPA-C;Média complexidade;6876617 - HCB;0407010327 - TRATAMENTO ESCLEROSANTE DE LESOES NAO HEMORRAGICAS DO APARELHO DIGESTIVO INCLUINDO LIGADURA ELASTICA;2;22314
2023;12;BPA-C;Média complexidade;;0405050259 - RETIRADA DE CORPO ESTRANHO DA CORNEA;2;25580
2023;7;Eletivo;Alta complexidade;7494424 - Ultramed;0418010048 - IMPLANTE DE CATETER DE LONGA PERMANÊNCIA P/ HEMODIALISE;4;23956
2023;5;Eletivo;Média complexidade;5717515 - HRSM;0408060352 - RETIRADA DE FIO OU PINO INTRA-ÓSSEO;5;23235
2023;9;Eletivo;Alta complexidade;7491484 - Renal Vida;0418010064 - IMPLANTE DE CATETER DUPLO LUMEN P/HEMODIALISE;1;24592
2023;1;BPA-C;Média complexidade;9778144 - Policlínica Asa Norte;0404010270 - REMOCAO DE CERUMEN DE CONDUTO AUDITIVO EXTERNO UNI / BILATERAL;29;22111
2023;11;Urgência;Média complexidade;5717515 - HRSM;0409010090 - CISTOSTOMIA;1;25172
2023;3;BPA-C;Média complexidade;0010499 - HRT;0414020162 - GENGIVOPLASTIA (POR SEXTANTE);1;22492
2023;7;Eletivo;Média complexidade;5717515 - HRSM;0414020219 - ODONTOSECÇÃO / RADILECTOMIA / TUNELIZAÇÃO;32;23936
2023;3;BPA-C;Média complexidade;9772243 - CEO - Paranoá;0414020057 - CORREÇÃO DE IRREGULARIDADES DE REBORDO ALVEOLAR;1;22715
2023;10;BPA-C;Média complexidade;9690735 - CEO - Planaltina;0414020219 - ODONTOSECÇÃO / RADILECTOMIA / TUNELIZAÇÃO;1;24946
2023;2;Eletivo;Média complexidade;3055450 - CBV;0405050020 - CAPSULOTOMIA A YAG LASER;9;22271
2023;8;BPA-C;Média complexidade;9516212 - Policlínica Paranoá;0413040011 - AUTONOMIZACAO DE RETALHO;1;24305
2023;5;BPA-C;Média complexidade;9621709 - Policlínica II Taguatinga;0404010270 - REMOCAO DE CERUMEN DE CONDUTO AUDITIVO EXTERNO UNI / BILATERAL;249;23301
2023;11;Eletivo;Média complexidade;0010456 - HBDF;0405030053 - INJECAO INTRA-VITREO;89;25038
2023;1;Eletivo;Alta complexidade;3224228 - Renal Care;0418020035 - RETIRADA DE CATETER TIPO TENCKHOFF / SIMILAR DE LONGA PERMANÊNCIA;2;21980
2023;4;Eletivo;Média complexidade;5598575 - Policlínica Gama;0404010318 - RETIRADA DE CORPO ESTRANHO DE OUVIDO / FARINGE / LARINGE / NARIZ;2;22901
2023;12;Eletivo;Média complexidade;;0414020278 - REMOÇÃO DE DENTE RETIDO (INCLUSO / IMPACTADO);39;25600
2023;1;Urgência;Média complexidade;0010529 - HRPL;0408050195 - REDUCAO INCRUENTA DA LUXACAO / FRATURA-LUXACAO METATARSO-FALANGIANA / INTERFALANGIANA DO PE;1;21940
2023;11;Urgência;Alta complexidade;0010502 - HRS;0418010064 - IMPLANTE DE CATETER DUPLO LUMEN P/HEMODIALISE;20;25093
2023;9;BPA-C;Atenção Básica;9764860 - CEO - Gama;0414020120 - EXODONTIA DE DENTE DECÍDUO;6;24667
2023;2;BPA-C;Média complexidade;2649527 - HAB;0414020154 - GENGIVECTOMIA (POR SEXTANTE);3;22259
2023;1;BPA-C;Média complexidade;9772243 - CEO - Paranoá;0414020219 - ODONTOSECÇÃO / RADILECTOMIA / TUNELIZAÇÃO;1;22103
2023;11;BPA-C;Média complexidade;0010464 - HRAN;0409060097 - EXERESE DE POLIPO DE UTERO;6;25057
2023;5;Eletivo;Atenção Básica;0010537 - HMIB;0414020405 - ULOTOMIA/ULECTOMIA;1;23172
2023;2;BPA-C;Média complexidade;6876617 - HCB;0406020140 - EXCISAO E SUTURA DE LINFANGIOMA / NEVUS;5;22313
2023;5;Eletivo;Média complexidade;3055450 - CBV;0405050291 - SUTURA DE CONJUNTIVA;36;23212
2023;6;Eletivo;Média complexidade;0010456 - HBDF;0404010318 - RETIRADA DE CORPO ESTRANHO DE OUVIDO / FARINGE / LARINGE / NARIZ;1;23417
2023;7;Urgência;Média complexidade;5717515 - HRSM;0414020278 - REMOÇÃO DE DENTE RETIDO (INCLUSO / IMPACTADO);4;23944
2023;11;Eletivo;Média complexidade;2779366 - Oftalmed Matriz;0405050020 - CAPSULOTOMIA A YAG LASER;4;25130
2023;7;BPA-C;Atenção Básica;9676473 - CEO - Ceilândia I;0414020138 - EXODONTIA DE DENTE PERMANENTE;10;24004
2023;11;BPA-C;Média complexidade;9622845 - CEO - Policlínica Taguatinga;0414020073 - CURETAGEM PERIAPICAL;42;25222
2023;2;BPA-C;Atenção Básica;9622845 - CEO - Policlínica Taguatinga;0414020138 - EXODONTIA DE DENTE PERMANENTE;8;22348
2023;2;BPA-C;Média complexidade;0010464 - HRAN;0405050364 - TRATAMENTO CIRURGICO DE PTERIGIO;3;22158
2023;11;Eletivo;Média complexidade;;0404020097 - EXCISÃO E SUTURA DE LESÃO NA BOCA;2;25293
2023;9;BPA-C;Atenção Básica;9772243 - CEO - Paranoá;0414020138 - EXODONTIA DE DENTE PERMANENTE;15;24675
2023;2;Eletivo;Média complexidade;0010472 - HRG;0408050250 - REDUCAO INCRUENTA DE FRATURA OU LESAO FISARIA DO JOELHO;1;22180
2023;4;Urgência;Média complexidade;5717515 - HRSM;0414020219 - ODONTOSECÇÃO / RADILECTOMIA / TUNELIZAÇÃO;1;22930
2023;4;BPA-C;Atenção Básica;0010545 - HRBz;0413010023 - ATENDIMENTO DE URGÊNCIA EM PEQUENO QUEIMADO;1;22863
2023;9;Eletivo;Média complexidade;0010464 - HRAN;0409020036 - EXTRACAO ENDOSCOPICA DE CORPO ESTRANHO / CALCULO NA URETRA C/ CISTOSCOPIA;4;24456
2023;6;BPA-C;Média complexidade;9414754 - Policlínica Sobradinho;0405050364 - TRATAMENTO CIRURGICO DE PTERIGIO;14;23622
2023;12;Eletivo;Alta complexidade;3459918 - Nephron Brasília;0418010064 - IMPLANTE DE CATETER DUPLO LUMEN P/HEMODIALISE;2;25442
2023;3;Eletivo;Média complexidade;3055450 - CBV;0405030223 - REMOÇÃO DE ÓLEO DE SILICONE;13;22576
2023;12;Eletivo;Média complexidade;;0405050089 - EXERESE DE TUMOR DE CONJUNTIVA;2;25585
2023;4;Eletivo;Alta complexidade;7494424 - Ultramed;0418010064 - IMPLANTE DE CATETER DUPLO LUMEN P/HEMODIALISE;3;22943
2023;12;Eletivo;Atenção Básica;0010537 - HMIB;0414020138 - EXODONTIA DE DENTE PERMANENTE;17;25404
2023;3;Eletivo;Média complexidade;3055450 - CBV;0405030134 - VITRECTOMIA ANTERIOR;27;22573
2023;11;BPA-C;Média complexidade;0010456 - HBDF;0405050259 - RETIRADA DE CORPO ESTRANHO DA CORNEA;11;25024
2023;5;Eletivo;Média complexidade;0010456 - HBDF;0405050321 - TRABECULECTOMIA;7;23060
2023;5;BPA-C;Média complexidade;0010456 - HBDF;0404020615 - REDUÇÃO DE LUXAÇÃO TÊMPORO-MANDIBULAR;4;23038
2023;6;Urgência;Média complexidade;5717515 - HRSM;0404010342 - TAMPONAMENTO NASAL ANTERIOR E/OU POSTERIOR;1;23591
2023;3;Urgência;Média complexidade;5717515 - HRSM;0414020219 - ODONTOSECÇÃO / RADILECTOMIA / TUNELIZAÇÃO;4;22620
2023;5;BPA-C;Média complexidade;6876617 - HCB;0414020154 - GENGIVECTOMIA (POR SEXTANTE);3;23264
2023;12;Urgência;Média complexidade;0935514 - UPA Paranoá;0412050170 - TORACOCENTESE/DRENAGEM DE PLEURA;1;25417
2023;9;BPA-C;Média complexidade;9676473 - CEO - Ceilândia I;0414020057 - CORREÇÃO DE IRREGULARIDADES DE REBORDO ALVEOLAR;1;24646
2023;8;BPA-C;Média complexidade;9778144 - Policlínica Asa Norte;0406020140 - EXCISAO E SUTURA DE LINFANGIOMA / NEVUS;7;24404
2023;4;BPA-C;Média complexidade;9622918 - CEO - Taguatinga;0414020278 - REMOÇÃO DE DENTE RETIDO (INCLUSO / IMPACTADO);73;22983
2023;10;BPA-C;Média complexidade;9764860 - CEO - Gama;0414020073 - CURETAGEM PERIAPICAL;3;24959
2023;9;BPA-C;Média complexidade;9778136 - CEO - Asa Norte;0414020375 - TRATAMENTO CIRÚRGICO PERIODONTAL (POR SEXTANTE);12;24690
2023;11;Eletivo;Alta complexidade;2779420 - Davita NEFRO Asa Sul;0418010030 - CONFECCAO DE FISTULA ARTERIO-VENOSA P/ HEMODIALISE;2;25131
2023;2;Eletivo;Média complexidade;0010510 - HUB;0414020219 - ODONTOSECÇÃO / RADILECTOMIA / TUNELIZAÇÃO;9;22228
2023;11;Eletivo;Média complexidade;0010464 - HRAN;0404010342 - TAMPONAMENTO NASAL ANTERIOR E/OU POSTERIOR;1;25058
2023;4;Eletivo;Atenção Básica;0010510 - HUB;0414020430 - EXODONTIA DE DENTE SUPRANUMERÁRIO;1;22833
2023;3;Urgência;Média complexidade;5717515 - HRSM;0404020615 - REDUÇÃO DE LUXAÇÃO TÊMPORO-MANDIBULAR;1;22615
2023;12;BPA-C;Média complexidade;0010456 - HBDF;0404010270 - REMOCAO DE CERUMEN DE CONDUTO AUDITIVO EXTERNO UNI / BILATERAL;41;25319
2023;5;Eletivo;Média complexidade;9715797 - CEO - Guará;0404020089 - EXCISÃO DE RÂNULA OU FENÔMENO DE RETENÇÃO SALIVAR;1;23360
2023;11;BPA-C;Média complexidade;9778136 - CEO - Asa Norte;0414020278 - REMOÇÃO DE DENTE RETIDO (INCLUSO / IMPACTADO);80;25278
2023;6;BPA-C;Média complexidade;9414754 - Policlínica Sobradinho;0409060097 - EXERESE DE POLIPO DE UTERO;4;23623
2023;11;Urgência;Média complexidade;5717515 - HRSM;0414020057 - CORREÇÃO DE IRREGULARIDADES DE REBORDO ALVEOLAR;1;25173
2023;8;BPA-C;Atenção Básica;9578560 - CEO 11 - Ceilândia;0414020120 - EXODONTIA DE DENTE DECÍDUO;4;24309
2023;4;Eletivo;Média complexidade;0010464 - HRAN;0409070165 - EXTIRPACAO DE LESAO DE VULVA / PERINEO (POR ELETROCOAGULACAO OU FULGURACAO);2;22795
2023;3;Eletivo;Média complexidade;0010456 - HBDF;0405010184 - TRATAMENTO CIRURGICO DE BLEFAROCALASE;5;22433
2023;7;Eletivo;Média complexidade;0010472 - HRG;0404010318 - RETIRADA DE CORPO ESTRANHO DE OUVIDO / FARINGE / LARINGE / NARIZ;1;23797
2023;6;BPA-C;Média complexidade;9715797 - CEO - Guará;0414020073 - CURETAGEM PERIAPICAL;11;23691
2023;3;BPA-C;Média complexidade;5717515 - HRSM;0415040043 - DEBRIDAMENTO DE ULCERA / NECROSE;48;22597
2023;12;BPA-C;Média complexidade;9622918 - CEO - Taguatinga;0414020278 - REMOÇÃO DE DENTE RETIDO (INCLUSO / IMPACTADO);31;25529
2023;10;BPA-C;Atenção Básica;0010472 - HRG;0414020138 - EXODONTIA DE DENTE PERMANENTE;13;24753
2023;5;BPA-C;Atenção Básica;0010596 - Cent. Espec. Doenças Infecciosas;0414020138 - EXODONTIA DE DENTE PERMANENTE;29;23184
2023;8;Eletivo;Alta complexidade;7494424 - Ultramed;0418010048 - IMPLANTE DE CATETER DE LONGA PERMANÊNCIA P/ HEMODIALISE;2;24292
2023;3;BPA-C;Atenção Básica;0010464 - HRAN;0413010023 - ATENDIMENTO DE URGÊNCIA EM PEQUENO QUEIMADO;17;22450
2023;1;Urgência;Alta complexidade;0010502 - HRS;0418010030 - CONFECCAO DE FISTULA ARTERIO-VENOSA P/ HEMODIALISE;1;21900
2023;5;Urgência;Média complexidade;0010456 - HBDF;0404010342 - TAMPONAMENTO NASAL ANTERIOR E/OU POSTERIOR;2;23064
2023;3;BPA-C;Média complexidade;9621709 - Policlínica II Taguatinga;0415040043 - DEBRIDAMENTO DE ULCERA / NECROSE;9;22665
2023;4;BPA-C;Média complexidade;9778144 - Policlínica Asa Norte;0406020140 - EXCISAO E SUTURA DE LINFANGIOMA / NEVUS;30;23023
2023;4;BPA-C;Atenção Básica;9764860 - CEO - Gama;0414020383 - TRATAMENTO DE ALVEOLITE;3;23000
2023;12;BPA-C;Atenção Básica;0010596 - Cent. Espec. Doenças Infecciosas;0414020138 - EXODONTIA DE DENTE PERMANENTE;3;25412
2023;9;Urgência;Média complexidade;0010456 - HBDF;0404020054 - DRENAGEM DE ABSCESSO DA BOCA E ANEXOS;4;24437
2023;9;Eletivo;Média complexidade;3055450 - CBV;0405050020 - CAPSULOTOMIA A YAG LASER;8;24546
2023;1;Eletivo;Alta complexidade;0010464 - HRAN;0413010031 - CURATIVO EM GRANDE QUEIMADO;56;21859
2023;4;BPA-C;Média complexidade;0010456 - HBDF;0414020057 - CORREÇÃO DE IRREGULARIDADES DE REBORDO ALVEOLAR;1;22760
2023;1;Eletivo;Média complexidade;0010537 - HMIB;0409040240 - VASECTOMIA;7;21946
2023;8;Eletivo;Média complexidade;3055450 - CBV;0405050020 - CAPSULOTOMIA A YAG LASER;9;24232
2023;4;Eletivo;Atenção Básica;0010510 - HUB;0414020138 - EXODONTIA DE DENTE PERMANENTE;81;22831
2023;5;BPA-C;Média complexidade;9622918 - CEO - Taguatinga;0414020375 - TRATAMENTO CIRÚRGICO PERIODONTAL (POR SEXTANTE);8;23329
2023;11;BPA-C;Média complexidade;0010456 - HBDF;0404010156 - INFILTRACAO MEDICAMENTOSA EM CORNETO INFERIOR;1;25016
2023;3;Urgência;Média complexidade;5717515 - HRSM;0414020154 - GENGIVECTOMIA (POR SEXTANTE);1;22619
2023;11;Eletivo;Média complexidade;5717515 - HRSM;0414020375 - TRATAMENTO CIRÚRGICO PERIODONTAL (POR SEXTANTE);4;25169
2023;12;Eletivo;Média complexidade;5717515 - HRSM;0414020073 - CURETAGEM PERIAPICAL;28;25464
2023;5;Eletivo;Alta complexidade;0010510 - HUB;0418020019 - INTERVENCAO EM FISTULA ARTERIO-VENOSA;1;23133
2023;9;BPA-C;Média complexidade;0010456 - HBDF;0414020200 - MARSUPIALIZAÇÃO DE CISTOS E PSEUDOCISTOS;1;24422
2023;6;Eletivo;Atenção Básica;0010510 - HUB;0414020120 - EXODONTIA DE DENTE DECÍDUO;2;23488
2023;9;BPA-C;Atenção Básica;9690735 - CEO - Planaltina;0414020120 - EXODONTIA DE DENTE DECÍDUO;14;24659
2023;6;Eletivo;Média complexidade;0010510 - HUB;0405050194 - IRIDOTOMIA A LASER;11;23494
2023;2;Eletivo;Média complexidade;9621709 - Policlínica II Taguatinga;0409060089 - EXCISÃO TIPO I DO COLO UTERINO;2;22345
2023;12;BPA-C;Atenção Básica;0010456 - HBDF;0404010300 - RETIRADA DE CORPO ESTRANHO DA CAVIDADE AUDITIVA E NASAL;3;25315
2023;3;BPA-C;Atenção Básica;0010456 - HBDF;0414020383 - TRATAMENTO DE ALVEOLITE;1;22409
2023;6;Eletivo;Média complexidade;0010464 - HRAN;0409040240 - VASECTOMIA;41;23446
2023;6;Eletivo;Média complexidade;0010472 - HRG;0409070122 - DRENAGEM DE GLANDULA DE BARTHOLIN / SKENE;1;23461
2023;12;Eletivo;Média complexidade;5598575 - Policlínica Gama;0404010318 - RETIRADA DE CORPO ESTRANHO DE OUVIDO / FARINGE / LARINGE / NARIZ;1;25447
2023;11;Eletivo;Média complexidade;5717515 - HRSM;0414020073 - CURETAGEM PERIAPICAL;29;25163
2023;12;Eletivo;Alta complexidade;0010499 - HRT;0418020035 - RETIRADA DE CATETER TIPO TENCKHOFF / SIMILAR DE LONGA PERMANÊNCIA;2;25384
2023;6;BPA-C;Atenção Básica;9690719 - CEO - Sobradinho;0414020138 - EXODONTIA DE DENTE PERMANENTE;8;23670
2023;1;Eletivo;Média complexidade;3055450 - CBV;0405030150 - VITRIOLISE A YAG LASER;7;21972
2023;4;Eletivo;Média complexidade;5717515 - HRSM;0414010345 - EXCISÃO DE CÁLCULO DE GLÂNDULA SALIVAR;1;22914
2023;1;Urgência;Média complexidade;0010529 - HRPL;0408020172 - REDUÇÃO INCRUENTA DE FRATURA / LESÃO FISARIA NO PUNHO;1;21935
2023;6;Urgência;Média complexidade;0010456 - HBDF;0404020054 - DRENAGEM DE ABSCESSO DA BOCA E ANEXOS;1;23432
2023;12;Urgência;Média complexidade;7592477 - UPA Sobradinho;0404020097 - EXCISÃO E SUTURA DE LESÃO NA BOCA;12;25494
2023;10;Eletivo;Média complexidade;5717515 - HRSM;0414020057 - CORREÇÃO DE IRREGULARIDADES DE REBORDO ALVEOLAR;29;24851
2023;7;BPA-C;Média complexidade;9578501 - Policlínica II Ceilândia;0407010319 - TRATAMENTO ESCLEROSANTE / LIGADURA ELASTICA DE LESAO HEMORRAGICA DO APARELHO DIGESTIVO;2;23967
2023;6;BPA-C;Média complexidade;9578560 - CEO 11 - Ceilândia;0414020065 - CORREÇÃO DE TUBEROSIDADE DO MAXILAR;14;23633
2023;12;Eletivo;Média complexidade;;0409040142 - ORQUIECTOMIA SUBCAPSULAR BILATERAL;3;25592
2023;2;Eletivo;Média complexidade;0010537 - HMIB;0414020073 - CURETAGEM PERIAPICAL;15;22246
2023;1;Eletivo;Média complexidade;0010464 - HRAN;0409050083 - POSTECTOMIA;8;21870
2023;2;BPA-C;Média complexidade;9620311 - Policlínica Guará I;0404010270 - REMOCAO DE CERUMEN DE CONDUTO AUDITIVO EXTERNO UNI / BILATERAL;31;22341
2023;11;Eletivo;Alta complexidade;2779420 - Davita NEFRO Asa Sul;0418010064 - IMPLANTE DE CATETER DUPLO LUMEN P/HEMODIALISE;3;25132
2023;7;BPA-C;Média complexidade;0010464 - HRAN;0413040011 - AUTONOMIZACAO DE RETALHO;1;23777
2023;1;BPA-C;Média complexidade;9690735 - CEO - Planaltina;0414020073 - CURETAGEM PERIAPICAL;32;22083
2023;9;BPA-C;Média complexidade;0010456 - HBDF;0407020390 - RETIRADA DE CORPO ESTRANHO / POLIPOS DO RETO / COLO SIGMOIDE;1;24419
2023;3;BPA-C;Atenção Básica;9622845 - CEO - Policlínica Taguatinga;0414020120 - EXODONTIA DE DENTE DECÍDUO;10;22669
2023;3;BPA-C;Média complexidade;0010499 - HRT;0405010141 - SIMBLEFAROPLASTIA;1;22489
2023;6;BPA-C;Média complexidade;0010529 - HRPL;0415040043 - DEBRIDAMENTO DE ULCERA / NECROSE;1;23508
2023;3;Eletivo;Atenção Básica;9622845 - CEO - Policlínica Taguatinga;0414020430 - EXODONTIA DE DENTE SUPRANUMERÁRIO;3;22672
2023;8;Urgência;Média complexidade;7592477 - UPA Sobradinho;0404020097 - EXCISÃO E SUTURA DE LESÃO NA BOCA;15;24297
